2026-02-12 20:54:24,880 | INFO | Waiting copy complete: TESTFC01.mxf
2026-02-12 20:54:36,911 | INFO | Copy complete. Start QC.
2026-02-12 20:54:36,914 | INFO | Detected : TESTFC01.mxf
2026-02-12 20:54:36,917 | INFO | Folder   : D:\test_vid
2026-02-12 20:54:36,918 | INFO | Waiting file release...
2026-02-12 20:54:37,947 | INFO | Checking metadata...
2026-02-12 20:54:38,049 | INFO | Metadata OK
2026-02-12 20:54:38,050 | INFO | Starting freeze scan...
2026-02-12 20:54:44,687 | INFO | No freeze detected.
2026-02-12 20:57:10,072 | INFO | Waiting copy complete: TESTFC01.mxf
2026-02-12 20:57:22,143 | INFO | Copy complete. Start QC.
2026-02-12 20:57:22,144 | INFO | Detected : TESTFC01.mxf
2026-02-12 20:57:22,147 | INFO | Folder   : D:\test_vid
2026-02-12 20:57:22,149 | INFO | Waiting file release...
2026-02-12 20:57:23,170 | INFO | Checking metadata...
2026-02-12 20:57:23,247 | INFO | Metadata OK
2026-02-12 20:57:23,247 | INFO | Starting freeze scan...
2026-02-12 20:57:30,091 | INFO | No freeze detected.
2026-02-12 20:57:30,092 | INFO | RESULT: TESTFC01.mxf → PASS
2026-02-12 21:07:50,358 | INFO | Waiting copy complete: TESTFC01.mxf
2026-02-12 21:08:02,473 | INFO | Copy complete. Start QC.
2026-02-12 21:08:02,476 | INFO | Detected : TESTFC01.mxf
2026-02-12 21:08:02,477 | INFO | Folder   : D:\test_vid
2026-02-12 21:08:02,480 | INFO | Waiting file release...
2026-02-12 21:08:03,522 | INFO | Checking metadata...
2026-02-12 21:08:03,670 | INFO | Metadata OK
2026-02-12 21:08:03,670 | INFO | Running QC checks...
2026-02-12 21:08:03,671 | INFO | Starting freeze scan...
2026-02-12 21:08:10,869 | INFO | No freeze detected.
2026-02-13 12:12:02,007 | INFO | Waiting copy complete: TESTFC01.mxf
2026-02-13 12:12:14,059 | INFO | Copy complete. Start QC.
2026-02-13 12:12:14,061 | INFO | Detected : TESTFC01.mxf
2026-02-13 12:12:14,062 | INFO | Folder   : D:\test_vid
2026-02-13 12:12:14,063 | INFO | Waiting file release...
2026-02-13 12:12:15,085 | INFO | Checking metadata...
2026-02-13 12:12:19,853 | INFO | Metadata OK
2026-02-13 12:12:19,854 | INFO | Running QC checks...
2026-02-13 12:12:19,854 | INFO | Checking scan type...
2026-02-13 12:12:19,888 | INFO | Scan type: INTERLACE
2026-02-13 12:12:19,888 | INFO | Starting freeze scan...
2026-02-13 12:12:31,417 | INFO | No freeze detected.
2026-02-13 12:27:22,528 | INFO | Waiting copy complete: TESTFC01 .mxf
2026-02-13 12:27:34,533 | INFO | Copy complete. Start QC.
2026-02-13 12:27:34,535 | INFO | Detected : TESTFC01 .mxf
2026-02-13 12:27:34,536 | INFO | Folder   : D:\test_vid
2026-02-13 12:27:34,537 | INFO | Waiting file release...
2026-02-13 12:27:35,545 | INFO | Checking metadata...
2026-02-13 12:27:35,620 | INFO | Metadata OK
2026-02-13 12:27:35,621 | INFO | Running QC checks...
2026-02-13 12:27:35,621 | INFO | Checking scan type...
2026-02-13 12:27:35,652 | INFO | Scan type: INTERLACE
2026-02-13 12:27:35,652 | INFO | Starting freeze scan...
2026-02-13 12:27:42,280 | INFO | No freeze detected.
2026-02-13 12:27:42,281 | INFO | Checking black frames...
2026-02-13 12:27:45,361 | INFO | No black frames detected.
2026-02-13 12:27:45,361 | INFO | Checking audio silence...
2026-02-13 12:27:48,297 | INFO | No silence detected.
2026-02-13 12:33:18,374 | INFO | Waiting copy complete: TESTFC01.mxf
2026-02-13 12:33:30,378 | INFO | Copy complete. Start QC.
2026-02-13 12:33:30,380 | INFO | Detected : TESTFC01.mxf
2026-02-13 12:33:30,381 | INFO | Folder   : D:\test_vid
2026-02-13 12:33:30,382 | INFO | Waiting file release...
2026-02-13 12:33:31,385 | INFO | Checking metadata...
2026-02-13 12:33:31,451 | INFO | Metadata OK
2026-02-13 12:33:31,452 | INFO | Running QC checks...
2026-02-13 12:33:31,452 | INFO | Checking scan type...
2026-02-13 12:33:31,487 | INFO | Scan type: INTERLACE
2026-02-13 12:33:31,487 | INFO | Starting freeze scan...
2026-02-13 12:33:38,169 | INFO | No freeze detected.
2026-02-13 12:33:38,169 | INFO | Checking black frames...
2026-02-13 12:33:41,351 | INFO | No black frames detected.
2026-02-13 12:33:41,351 | INFO | Checking audio silence...
2026-02-13 12:33:44,400 | INFO | No silence detected.
2026-02-13 12:33:44,400 | INFO | Checking audio peak level...
2026-02-13 12:33:47,308 | INFO | Max Peak: -2.9 dB
2026-02-13 12:33:47,308 | INFO | Audio peak level OK.
2026-02-13 12:33:47,309 | INFO | Checking audio phase correlation...
2026-02-13 12:33:47,342 | INFO | Phase scan skipped.
2026-02-13 12:37:05,207 | INFO | Waiting copy complete: TESTFC 01.mxf
2026-02-13 12:37:17,212 | INFO | Copy complete. Start QC.
2026-02-13 12:37:17,212 | INFO | Detected : TESTFC 01.mxf
2026-02-13 12:37:17,213 | INFO | Folder   : D:\test_vid
2026-02-13 12:37:17,213 | INFO | Waiting file release...
2026-02-13 12:37:18,223 | INFO | Checking metadata...
2026-02-13 12:37:22,190 | INFO | Metadata OK
2026-02-13 12:37:22,190 | INFO | Running QC checks...
2026-02-13 12:37:22,191 | INFO | Checking scan type...
2026-02-13 12:37:22,223 | INFO | Scan type: INTERLACE
2026-02-13 12:37:22,224 | INFO | Starting freeze scan...
2026-02-13 12:37:33,320 | INFO | No freeze detected.
2026-02-13 12:37:33,321 | INFO | Checking black frames...
2026-02-13 12:37:36,379 | INFO | No black frames detected.
2026-02-13 12:37:36,379 | INFO | Checking audio silence...
2026-02-13 12:37:39,372 | INFO | No silence detected.
2026-02-13 12:37:39,372 | INFO | Checking audio peak level...
2026-02-13 12:37:42,505 | INFO | Max Peak: -2.9 dB
2026-02-13 12:37:42,505 | INFO | Audio peak level OK.
2026-02-13 12:37:42,505 | INFO | Checking audio phase correlation...
2026-02-13 12:37:42,539 | INFO | Phase scan skipped.
2026-02-13 12:49:27,793 | INFO | Waiting copy complete: TESTFC01.mxf
2026-02-13 12:49:39,797 | INFO | Copy complete. Start QC.
2026-02-13 12:49:39,798 | INFO | Detected : TESTFC01.mxf
2026-02-13 12:49:39,799 | INFO | Folder   : D:\test_vid
2026-02-13 12:49:39,799 | INFO | Waiting file release...
2026-02-13 12:49:40,800 | INFO | Checking metadata...
2026-02-13 12:49:40,850 | INFO | Metadata OK
2026-02-13 12:49:40,850 | INFO | Running QC checks...
2026-02-13 12:49:40,851 | INFO | Checking scan type...
2026-02-13 12:49:40,884 | INFO | Scan type: INTERLACE
2026-02-13 12:49:40,884 | INFO | Starting freeze scan...
2026-02-13 12:49:48,338 | INFO | No freeze detected.
2026-02-13 12:49:48,338 | INFO | Checking black frames...
2026-02-13 12:49:51,400 | INFO | No black frames detected.
2026-02-13 12:49:51,401 | INFO | Starting scratch scan...
2026-02-13 12:49:55,762 | INFO | Scratch detected at frames: [0.0, 0.04, 0.08, 0.12, 0.16, 0.2, 0.24, 0.28, 0.32, 0.36, 0.4, 0.44, 0.48, 0.52, 0.56, 0.6, 0.64, 0.68, 0.72, 0.76, 0.8, 0.84, 0.88, 0.92, 0.96, 1.0, 1.04, 1.08, 1.12, 1.16, 1.2, 1.24, 1.28, 1.32, 1.36, 1.4, 1.44, 1.48, 1.52, 1.56, 1.6, 1.64, 1.68, 1.72, 1.76, 1.8, 1.84, 1.88, 1.92, 1.96, 2.0, 2.04, 2.08, 2.12, 2.16, 2.2, 2.24, 2.28, 2.32, 2.36, 2.4, 2.44, 2.48, 2.52, 2.56, 2.6, 2.64, 2.68, 2.72, 2.76, 2.8, 2.84, 2.88, 2.92, 2.96, 3.0, 3.04, 3.08, 3.12, 3.16, 3.2, 3.24, 3.28, 3.32, 3.36, 3.4, 3.44, 3.48, 3.52, 3.56, 3.6, 3.64, 3.68, 3.72, 3.76, 3.8, 3.84, 3.88, 3.92, 3.96, 4.0, 4.04, 4.08, 4.12, 4.16, 4.2, 4.24, 4.28, 4.32, 4.36, 4.4, 4.44, 4.48, 4.52, 4.56, 4.6, 4.64, 4.68, 4.72, 4.76, 4.8, 4.84, 4.88, 4.92, 4.96, 5.0, 5.04, 5.08, 5.12, 5.16, 5.2, 5.24, 5.28, 5.32, 5.36, 5.4, 5.44, 5.48, 5.52, 5.56, 5.6, 5.64, 5.68, 5.72, 5.76, 5.8, 5.84, 5.88, 5.92, 5.96, 6.0, 6.04, 6.08, 6.12, 6.16, 6.2, 6.24, 6.28, 6.32, 6.36, 6.4, 6.44, 6.48, 6.52, 6.56, 6.6, 6.64, 6.68, 6.72, 6.76, 6.8, 6.84, 6.88, 6.92, 6.96, 7.0, 7.04, 7.08, 7.12, 7.16, 7.2, 7.24, 7.28, 7.32, 7.36, 7.4, 7.44, 7.48, 7.52, 7.56, 7.6, 7.64, 7.68, 7.72, 7.76, 7.8, 7.84, 7.88, 7.92, 7.96, 8.0, 8.04, 8.08, 8.12, 8.16, 8.2, 8.24, 8.28, 8.32, 8.36, 8.4, 8.44, 8.48, 8.52, 8.56, 8.6, 8.64, 8.68, 8.72, 8.76, 8.8, 8.84, 8.88, 8.92, 8.96, 9.0, 9.04, 9.08, 9.12, 9.16, 9.2, 9.24, 9.28, 9.32, 9.36, 9.4, 9.44, 9.48, 9.52, 9.56, 9.6, 9.64, 9.68, 9.72, 9.76, 9.8, 9.84, 9.88, 9.92, 9.96, 10.0, 10.04, 10.08, 10.12, 10.16, 10.2, 10.24, 10.28, 10.32, 10.36, 10.4, 10.44, 10.48, 10.52, 10.56, 10.6, 10.64, 10.68, 10.72, 10.76, 10.8, 10.84, 10.88, 10.92, 10.96, 11.0, 11.04, 11.08, 11.12, 11.16, 11.2, 11.24, 11.28, 11.32, 11.36, 11.4, 11.44, 11.48, 11.52, 11.56, 11.6, 11.64, 11.68, 11.72, 11.76, 11.8, 11.84, 11.88, 11.92, 11.96, 12.0, 12.04, 12.08, 12.12, 12.16, 12.2, 12.24, 12.28, 12.32, 12.36, 12.4, 12.44, 12.48, 12.52, 12.56, 12.6, 12.64, 12.68, 12.72, 12.76, 12.8, 12.84, 12.88, 12.92, 12.96, 13.0, 13.04, 13.08, 13.12, 13.16, 13.2, 13.24, 13.28, 13.32, 13.36, 13.4, 13.44, 13.48, 13.52, 13.56, 13.6, 13.64, 13.68, 13.72, 13.76, 13.8, 13.84, 13.88, 13.92, 13.96, 14.0, 14.04, 14.08, 14.12, 14.16, 14.2, 14.24, 14.28, 14.32, 14.36, 14.4, 14.44, 14.48, 14.52, 14.56, 14.6, 14.64, 14.68, 14.72, 14.76, 14.8, 14.84, 14.88, 14.92, 14.96, 15.0, 15.04, 15.08, 15.12, 15.16, 15.2, 15.24, 15.28, 15.32, 15.36, 15.4, 15.44, 15.48, 15.52, 15.56, 15.6, 15.64, 15.68, 15.72, 15.76, 15.8, 15.84, 15.88, 15.92, 15.96, 16.0, 16.04, 16.08, 16.12, 16.16, 16.2, 16.24, 16.28, 16.32, 16.36, 16.4, 16.44, 16.48, 16.52, 16.56, 16.6, 16.64, 16.68, 16.72, 16.76, 16.8, 16.84, 16.88, 16.92, 16.96, 17.0, 17.04, 17.08, 17.12, 17.16, 17.2, 17.24, 17.28, 17.32, 17.36, 17.4, 17.44, 17.48, 17.52, 17.56, 17.6, 17.64, 17.68, 17.72, 17.76, 17.8, 17.84, 17.88, 17.92, 17.96, 18.0, 18.04, 18.08, 18.12, 18.16, 18.2, 18.24, 18.28, 18.32, 18.36, 18.4, 18.44, 18.48, 18.52, 18.56, 18.6, 18.64, 18.68, 18.72, 18.76, 18.8, 18.84, 18.88, 18.92, 18.96, 19.0, 19.04, 19.08, 19.12, 19.16, 19.2, 19.24, 19.28, 19.32, 19.36, 19.4, 19.44, 19.48, 19.52, 19.56, 19.6, 19.64, 19.68, 19.72, 19.76, 19.8, 19.84, 19.88, 19.92, 19.96, 20.0, 20.04, 20.08, 20.12, 20.16, 20.2, 20.24, 20.28, 20.32, 20.36, 20.4, 20.44, 20.48, 20.52, 20.56, 20.6, 20.64, 20.68, 20.72, 20.76, 20.8, 20.84, 20.88, 20.92, 20.96, 21.0, 21.04, 21.08, 21.12, 21.16, 21.2, 21.24, 21.28, 21.32, 21.36, 21.4, 21.44, 21.48, 21.52, 21.56, 21.6, 21.64, 21.68, 21.72, 21.76, 21.8, 21.84, 21.88, 21.92, 21.96, 22.0, 22.04, 22.08, 22.12, 22.16, 22.2, 22.24, 22.28, 22.32, 22.36, 22.4, 22.44, 22.48, 22.52, 22.56, 22.6, 22.64, 22.68, 22.72, 22.76, 22.8, 22.84, 22.88, 22.92, 22.96, 23.0, 23.04, 23.08, 23.12, 23.16, 23.2, 23.24, 23.28, 23.32, 23.36, 23.4, 23.44, 23.48, 23.52, 23.56, 23.6, 23.64, 23.68, 23.72, 23.76, 23.8, 23.84, 23.88, 23.92, 23.96, 24.0, 24.04, 24.08, 24.12, 24.16, 24.2, 24.24, 24.28, 24.32, 24.36, 24.4, 24.44, 24.48, 24.52, 24.56, 24.6, 24.64, 24.68, 24.72, 24.76, 24.8, 24.84, 24.88, 24.92, 24.96, 25.0, 25.04, 25.08, 25.12, 25.16, 25.2, 25.24, 25.28, 25.32, 25.36, 25.4, 25.44, 25.48, 25.52, 25.56, 25.6, 25.64, 25.68, 25.72, 25.76, 25.8, 25.84, 25.88, 25.92, 25.96, 26.0, 26.04, 26.08, 26.12, 26.16, 26.2, 26.24, 26.28, 26.32, 26.36, 26.4, 26.44, 26.48, 26.52, 26.56, 26.6, 26.64, 26.68, 26.72, 26.76, 26.8, 26.84, 26.88, 26.92, 26.96, 27.0, 27.04, 27.08, 27.12, 27.16, 27.2, 27.24, 27.28, 27.32, 27.36, 27.4, 27.44, 27.48, 27.52, 27.56, 27.6, 27.64, 27.68, 27.72, 27.76, 27.8, 27.84, 27.88, 27.92, 27.96, 28.0, 28.04, 28.08, 28.12, 28.16, 28.2, 28.24, 28.28, 28.32, 28.36, 28.4, 28.44, 28.48, 28.52, 28.56, 28.6, 28.64, 28.68, 28.72, 28.76, 28.8, 28.84, 28.88, 28.92, 28.96, 29.0, 29.04, 29.08, 29.12, 29.16, 29.2, 29.24, 29.28, 29.32, 29.36, 29.4, 29.44, 29.48, 29.52, 29.56, 29.6, 29.64, 29.68, 29.72, 29.76, 29.8, 29.84, 29.88, 29.92, 29.96, 30.0, 30.04, 30.08, 30.12, 30.16, 30.2, 30.24, 30.28, 30.32, 30.36, 30.4, 30.44, 30.48, 30.52, 30.56, 30.6, 30.64, 30.68, 30.72, 30.76, 30.8, 30.84, 30.88, 30.92, 30.96, 31.0, 31.04, 31.08, 31.12, 31.16, 31.2, 31.24, 31.28, 31.32, 31.36, 31.4, 31.44, 31.48, 31.52, 31.56, 31.6, 31.64, 31.68, 31.72, 31.76, 31.8, 31.84, 31.88, 31.92, 31.96, 32.0, 32.04, 32.08, 32.12, 32.16, 32.2, 32.24, 32.28, 32.32, 32.36, 32.4, 32.44, 32.48, 32.52, 32.56, 32.6, 32.64, 32.68, 32.72, 32.76, 32.8, 32.84, 32.88, 32.92, 32.96, 33.0, 33.04, 33.08, 33.12, 33.16, 33.2, 33.24, 33.28, 33.32, 33.36, 33.4, 33.44, 33.48, 33.52, 33.56, 33.6, 33.64, 33.68, 33.72, 33.76, 33.8, 33.84, 33.88, 33.92, 33.96, 34.0, 34.04, 34.08, 34.12, 34.16, 34.2, 34.24, 34.28, 34.32, 34.36, 34.4, 34.44, 34.48, 34.52, 34.56, 34.6, 34.64, 34.68, 34.72, 34.76, 34.8, 34.84, 34.88, 34.92, 34.96, 35.0, 35.04, 35.08, 35.12, 35.16, 35.2, 35.24, 35.28, 35.32, 35.36, 35.4, 35.44, 35.48, 35.52, 35.56, 35.6, 35.64, 35.68, 35.72, 35.76, 35.8, 35.84, 35.88, 35.92, 35.96, 36.0, 36.04, 36.08, 36.12, 36.16, 36.2, 36.24, 36.28, 36.32, 36.36, 36.4, 36.44, 36.48, 36.52, 36.56, 36.6, 36.64, 36.68, 36.72, 36.76, 36.8, 36.84, 36.88, 36.92, 36.96, 37.0, 37.04, 37.08, 37.12, 37.16, 37.2, 37.24, 37.28, 37.32, 37.36, 37.4, 37.44, 37.48, 37.52, 37.56, 37.6, 37.64, 37.68, 37.72, 37.76, 37.8, 37.84, 37.88, 37.92, 37.96, 38.0, 38.04, 38.08, 38.12, 38.16, 38.2, 38.24, 38.28, 38.32, 38.36, 38.4, 38.44, 38.48, 38.52, 38.56, 38.6, 38.64, 38.68, 38.72, 38.76, 38.8, 38.84, 38.88, 38.92, 38.96, 39.0, 39.04, 39.08, 39.12, 39.16, 39.2, 39.24, 39.28, 39.32, 39.36, 39.4, 39.44, 39.48, 39.52, 39.56, 39.6, 39.64, 39.68, 39.72, 39.76, 39.8, 39.84, 39.88, 39.92, 39.96, 40.0, 40.04, 40.08, 40.12, 40.16, 40.2, 40.24, 40.28, 40.32, 40.36, 40.4, 40.44, 40.48, 40.52, 40.56, 40.6, 40.64, 40.68, 40.72, 40.76, 40.8, 40.84, 40.88, 40.92, 40.96, 41.0, 41.04, 41.08, 41.12, 41.16, 41.2, 41.24, 41.28, 41.32, 41.36, 41.4, 41.44, 41.48, 41.52, 41.56, 41.6, 41.64, 41.68, 41.72, 41.76, 41.8, 41.84, 41.88, 41.92, 41.96, 42.0, 42.04, 42.08, 42.12, 42.16, 42.2, 42.24, 42.28, 42.32, 42.36, 42.4, 42.44, 42.48, 42.52, 42.56, 42.6, 42.64, 42.68, 42.72, 42.76, 42.8, 42.84, 42.88, 42.92, 42.96, 43.0, 43.04, 43.08, 43.12, 43.16, 43.2, 43.24, 43.28, 43.32, 43.36, 43.4, 43.44, 43.48, 43.52, 43.56, 43.6, 43.64, 43.68, 43.72, 43.76, 43.8, 43.84, 43.88, 43.92, 43.96, 44.0, 44.04, 44.08, 44.12, 44.16, 44.2, 44.24, 44.28, 44.32, 44.36, 44.4, 44.44, 44.48, 44.52, 44.56, 44.6, 44.64, 44.68, 44.72, 44.76, 44.8, 44.84, 44.88, 44.92, 44.96, 45.0, 45.04, 45.08, 45.12, 45.16, 45.2, 45.24, 45.28, 45.32, 45.36, 45.4, 45.44, 45.48, 45.52, 45.56, 45.6, 45.64, 45.68, 45.72, 45.76, 45.8, 45.84, 45.88, 45.92, 45.96, 46.0, 46.04, 46.08, 46.12, 46.16, 46.2, 46.24, 46.28, 46.32, 46.36, 46.4, 46.44, 46.48, 46.52, 46.56, 46.6, 46.64, 46.68, 46.72, 46.76, 46.8, 46.84, 46.88, 46.92, 46.96, 47.0, 47.04, 47.08, 47.12, 47.16, 47.2, 47.24, 47.28, 47.32, 47.36, 47.4, 47.44, 47.48, 47.52, 47.56, 47.6, 47.64, 47.68, 47.72, 47.76, 47.8, 47.84, 47.88, 47.92, 47.96, 48.0, 48.04, 48.08, 48.12, 48.16, 48.2, 48.24, 48.28, 48.32, 48.36, 48.4, 48.44, 48.48, 48.52, 48.56, 48.6, 48.64, 48.68, 48.72, 48.76, 48.8, 48.84, 48.88, 48.92, 48.96, 49.0, 49.04, 49.08, 49.12, 49.16, 49.2, 49.24, 49.28, 49.32, 49.36, 49.4, 49.44, 49.48, 49.52, 49.56, 49.6, 49.64, 49.68, 49.72, 49.76, 49.8, 49.84, 49.88, 49.92, 49.96, 50.0, 50.04, 50.08, 50.12, 50.16, 50.2, 50.24, 50.28, 50.32, 50.36, 50.4, 50.44, 50.48, 50.52, 50.56, 50.6, 50.64, 50.68, 50.72, 50.76, 50.8, 50.84, 50.88, 50.92, 50.96, 51.0, 51.04, 51.08, 51.12, 51.16, 51.2, 51.24, 51.28, 51.32, 51.36, 51.4, 51.44, 51.48, 51.52, 51.56, 51.6, 51.64, 51.68, 51.72, 51.76, 51.8, 51.84, 51.88, 51.92, 51.96, 52.0, 52.04, 52.08, 52.12, 52.16]
2026-02-13 12:49:55,763 | INFO | Checking audio silence...
2026-02-13 12:49:58,770 | INFO | No silence detected.
2026-02-13 12:49:58,770 | INFO | Checking audio peak level...
2026-02-13 12:50:01,812 | INFO | Max Peak: -2.9 dB
2026-02-13 12:50:01,813 | INFO | Audio peak level OK.
2026-02-13 12:50:01,851 | INFO | Checking audio phase correlation...
2026-02-13 12:50:01,924 | INFO | Phase scan skipped.
2026-02-13 13:07:48,037 | INFO | Waiting copy complete: TESTFC0 1.mxf
2026-02-13 13:08:00,041 | INFO | Copy complete. Start QC.
2026-02-13 13:08:00,041 | INFO | Detected : TESTFC0 1.mxf
2026-02-13 13:08:00,041 | INFO | Folder   : D:\test_vid
2026-02-13 13:08:00,042 | INFO | Waiting file release...
2026-02-13 13:08:01,042 | INFO | Checking metadata...
2026-02-13 13:08:01,102 | INFO | Metadata OK
2026-02-13 13:08:01,103 | INFO | Running QC checks...
2026-02-13 13:08:01,103 | INFO | Checking scan type...
2026-02-13 13:08:01,136 | INFO | Scan type: INTERLACE
2026-02-13 13:08:01,137 | INFO | Starting freeze scan...
2026-02-13 13:08:08,103 | INFO | No freeze detected.
2026-02-13 13:08:08,104 | INFO | Checking black frames...
2026-02-13 13:08:11,192 | INFO | No black frames detected.
2026-02-13 13:08:11,192 | INFO | Checking audio silence...
2026-02-13 13:08:14,099 | INFO | No silence detected.
2026-02-13 13:08:14,099 | INFO | Checking audio peak level...
2026-02-13 13:08:16,996 | INFO | Max Peak: -2.9 dB
2026-02-13 13:08:16,996 | INFO | Audio peak level OK.
2026-02-13 13:08:16,997 | INFO | Checking audio phase correlation...
2026-02-13 13:08:17,030 | INFO | Phase scan skipped.
2026-02-13 13:08:17,031 | INFO | RESULT: TESTFC0 1.mxf → PASS
2026-02-13 14:45:59,878 | INFO | Waiting copy complete: TESTFC01.mxf
2026-02-13 14:46:11,882 | INFO | Copy complete. Start QC.
2026-02-13 14:46:11,883 | INFO | Detected : TESTFC01.mxf
2026-02-13 14:46:11,883 | INFO | Folder   : D:\test_vid
2026-02-13 14:46:11,883 | INFO | Waiting file release...
2026-02-13 14:46:12,895 | INFO | Checking metadata...
2026-02-13 14:46:17,232 | INFO | Metadata OK
2026-02-13 14:46:17,232 | INFO | Running QC checks...
2026-02-13 14:46:17,233 | INFO | Checking scan type...
2026-02-13 14:46:17,266 | INFO | Scan type: INTERLACE
2026-02-13 14:46:17,266 | INFO | Starting freeze scan...
2026-02-13 14:46:21,718 | INFO | No freeze detected.
2026-02-13 14:46:21,718 | INFO | Checking black frames...
2026-02-13 14:46:25,161 | INFO | No black frames detected.
2026-02-13 14:46:25,161 | INFO | Checking audio silence...
2026-02-13 14:46:28,119 | INFO | No silence detected.
2026-02-13 14:46:28,119 | INFO | Checking audio peak level...
2026-02-13 14:46:31,043 | INFO | Max Peak: -2.9 dB
2026-02-13 14:46:31,043 | INFO | Audio peak level OK.
2026-02-13 14:46:31,043 | INFO | Checking audio phase correlation...
2026-02-13 14:46:31,077 | INFO | Phase scan skipped.
2026-02-16 16:25:31,821 | INFO | Waiting copy complete: TESTFC01.mxf
2026-02-16 16:25:44,283 | INFO | Copy complete. Start QC.
2026-02-16 16:25:44,284 | INFO | Detected : TESTFC01.mxf
2026-02-16 16:25:44,285 | INFO | Folder   : D:\test_vid
2026-02-16 16:25:44,285 | INFO | Waiting file release...
2026-02-16 16:25:45,287 | INFO | Checking metadata...
2026-02-16 16:25:51,718 | INFO | Metadata OK
2026-02-16 16:25:51,718 | INFO | Running QC checks...
2026-02-16 16:25:51,719 | INFO | Checking scan type...
2026-02-16 16:25:51,756 | INFO | Scan type: INTERLACE
2026-02-16 16:25:51,756 | INFO | Starting freeze scan...
2026-02-16 16:25:57,589 | INFO | No freeze detected.
2026-02-16 16:25:57,589 | INFO | Checking black frames...
2026-02-16 16:26:01,769 | INFO | No black frames detected.
2026-02-16 16:26:01,769 | INFO | Checking audio silence...
2026-02-16 16:26:05,254 | INFO | No silence detected.
2026-02-16 16:26:05,255 | INFO | Checking audio peak level...
2026-02-16 16:26:08,478 | INFO | Max Peak: -2.9 dB
2026-02-16 16:26:08,478 | INFO | Audio peak level OK.
2026-02-16 16:26:08,478 | INFO | Checking audio phase correlation...
2026-02-16 16:26:08,515 | INFO | Phase scan skipped.
2026-02-18 19:56:06,802 | INFO | Waiting copy complete: TESTFC01.mxf
2026-02-18 19:56:18,839 | INFO | Copy complete. Start QC.
2026-02-18 19:56:18,842 | INFO | Detected : TESTFC01.mxf
2026-02-18 19:56:18,845 | INFO | Folder   : D:\test_vid
2026-02-18 19:56:18,848 | INFO | Waiting file release...
2026-02-18 19:56:19,867 | INFO | Checking metadata...
2026-02-18 19:56:24,931 | INFO | Metadata OK
2026-02-18 19:56:24,931 | INFO | Starting downscale process...
2026-02-18 19:56:36,833 | INFO | Downscale complete: TESTFC01_downscale.yuv
2026-02-18 19:56:36,834 | INFO | Running QC checks...
2026-02-18 19:56:36,834 | INFO | Running Freeze Detection on downscaled video...
2026-02-18 19:56:36,834 | INFO | Starting freeze scan on downscaled video...
2026-02-18 19:56:37,977 | INFO | No freeze detected.
2026-02-18 19:56:37,977 | INFO | Running Black Frame Check on downscaled video...
2026-02-18 19:56:37,977 | INFO | Checking black frames on downscaled video...
2026-02-18 19:56:38,409 | INFO | No black frames detected.
2026-02-18 19:56:38,409 | INFO | Running Scan Type Check on original file...
2026-02-18 19:56:38,409 | INFO | Checking scan type...
2026-02-18 19:56:38,442 | INFO | Scan type: INTERLACE
2026-02-18 19:56:38,443 | INFO | Running Silence Check on original file...
2026-02-18 19:56:38,444 | INFO | Checking audio silence...
2026-02-18 19:56:41,383 | INFO | No silence detected.
2026-02-18 19:56:41,383 | INFO | Running Audio Peak Check on original file...
2026-02-18 19:56:41,384 | INFO | Checking audio peak level...
2026-02-18 19:56:44,429 | INFO | Max Peak: -2.9 dB
2026-02-18 19:56:44,429 | INFO | Audio peak level OK.
2026-02-18 19:56:44,431 | INFO | Running Audio Phase Check on original file...
2026-02-18 19:56:44,431 | INFO | Checking audio phase correlation...
2026-02-18 19:56:44,468 | INFO | Phase scan skipped.
2026-02-18 19:56:44,486 | INFO | Temporary file cleaned up
2026-02-18 19:56:44,487 | INFO | RESULT: TESTFC01.mxf → PASS
2026-02-18 19:58:05,076 | INFO | Waiting copy complete: CSR MNC PEDULI - SEKOLAH PONDOK DOMBA.mxf
2026-02-18 19:58:17,313 | INFO | Copy complete. Start QC.
2026-02-18 19:58:17,314 | INFO | Detected : CSR MNC PEDULI - SEKOLAH PONDOK DOMBA.mxf
2026-02-18 19:58:17,316 | INFO | Folder   : D:\test_vid
2026-02-18 19:58:17,318 | INFO | Waiting file release...
2026-02-18 19:58:31,187 | INFO | Waiting copy complete: TESTFC01.mxf
2026-02-18 19:58:32,592 | INFO | Checking metadata...
2026-02-18 19:58:35,933 | INFO | Metadata OK
2026-02-18 19:58:36,048 | INFO | Starting downscale process...
2026-02-18 19:58:44,099 | INFO | Copy complete. Start QC.
2026-02-18 19:58:44,100 | INFO | Detected : TESTFC01.mxf
2026-02-18 19:58:44,101 | INFO | Folder   : D:\test_vid
2026-02-18 19:58:44,103 | INFO | Waiting file release...
2026-02-18 19:58:45,105 | INFO | Checking metadata...
2026-02-18 19:58:45,385 | INFO | Metadata OK
2026-02-18 19:58:45,386 | INFO | Starting downscale process...
2026-02-18 19:58:56,972 | INFO | Downscale complete: TESTFC01_downscale.yuv
2026-02-18 19:58:56,973 | INFO | Running QC checks...
2026-02-18 19:58:56,973 | INFO | Running Freeze Detection on downscaled video...
2026-02-18 19:58:56,974 | INFO | Starting freeze scan on downscaled video...
2026-02-18 19:58:58,342 | INFO | No freeze detected.
2026-02-18 19:58:58,343 | INFO | Running Black Frame Check on downscaled video...
2026-02-18 19:58:58,343 | INFO | Checking black frames on downscaled video...
2026-02-18 19:59:01,978 | INFO | No black frames detected.
2026-02-18 19:59:01,979 | INFO | Running Scan Type Check on original file...
2026-02-18 19:59:01,980 | INFO | Checking scan type...
2026-02-18 19:59:02,371 | INFO | Scan type: INTERLACE
2026-02-18 19:59:02,371 | INFO | Running Silence Check on original file...
2026-02-18 19:59:02,372 | INFO | Checking audio silence...
2026-02-18 19:59:06,396 | INFO | No silence detected.
2026-02-18 19:59:06,397 | INFO | Running Audio Peak Check on original file...
2026-02-18 19:59:06,399 | INFO | Checking audio peak level...
2026-02-18 19:59:11,287 | INFO | Max Peak: -2.9 dB
2026-02-18 19:59:11,288 | INFO | Audio peak level OK.
2026-02-18 19:59:11,290 | INFO | Running Audio Phase Check on original file...
2026-02-18 19:59:11,293 | INFO | Checking audio phase correlation...
2026-02-18 19:59:11,417 | INFO | Phase scan skipped.
2026-02-18 19:59:11,505 | INFO | Temporary file cleaned up
2026-02-18 19:59:11,507 | INFO | RESULT: TESTFC01.mxf → PASS
2026-02-18 19:59:43,430 | INFO | Downscale complete: CSR MNC PEDULI - SEKOLAH PONDOK DOMBA_downscale.yuv
2026-02-18 19:59:43,431 | INFO | Running QC checks...
2026-02-18 19:59:43,432 | INFO | Running Freeze Detection on downscaled video...
2026-02-18 19:59:43,433 | INFO | Starting freeze scan on downscaled video...
2026-02-18 19:59:50,264 | INFO | FREEZE DETECTED @ ['04:56.76'] (2-6 frames)
2026-02-18 19:59:50,264 | INFO | Running Black Frame Check on downscaled video...
2026-02-18 19:59:50,265 | INFO | Checking black frames on downscaled video...
2026-02-18 19:59:51,033 | INFO | No black frames detected.
2026-02-18 19:59:51,034 | INFO | Running Scan Type Check on original file...
2026-02-18 19:59:51,035 | INFO | Checking scan type...
2026-02-18 19:59:51,076 | INFO | Scan type: INTERLACE
2026-02-18 19:59:51,077 | INFO | Running Silence Check on original file...
2026-02-18 19:59:51,078 | INFO | Checking audio silence...
2026-02-18 20:00:07,556 | INFO | No silence detected.
2026-02-18 20:00:07,556 | INFO | Running Audio Peak Check on original file...
2026-02-18 20:00:07,557 | INFO | Checking audio peak level...
2026-02-18 20:00:24,205 | INFO | Max Peak: -8.0 dB
2026-02-18 20:00:24,206 | INFO | Audio peak level OK.
2026-02-18 20:00:24,207 | INFO | Running Audio Phase Check on original file...
2026-02-18 20:00:24,208 | INFO | Checking audio phase correlation...
2026-02-18 20:00:24,253 | INFO | Phase scan skipped.
2026-02-18 20:00:24,431 | INFO | Temporary file cleaned up
2026-02-18 20:00:24,432 | INFO | RESULT: CSR MNC PEDULI - SEKOLAH PONDOK DOMBA.mxf → FAIL
2026-02-18 20:06:08,250 | INFO | Waiting copy complete: CSR MNC PEDULI - SEKOLAH PONDOK DOMBA.mxf
2026-02-18 20:06:20,469 | INFO | Copy complete. Start QC.
2026-02-18 20:06:20,470 | INFO | Detected : CSR MNC PEDULI - SEKOLAH PONDOK DOMBA.mxf
2026-02-18 20:06:20,472 | INFO | Folder   : D:\test_vid
2026-02-18 20:06:20,473 | INFO | Waiting file release...
2026-02-18 20:06:35,870 | INFO | Waiting copy complete: TESTFC01.mxf
2026-02-18 20:06:37,543 | INFO | Checking metadata...
2026-02-18 20:06:39,839 | INFO | Metadata OK
2026-02-18 20:06:39,840 | INFO | Starting downscale process...
2026-02-18 20:06:49,087 | INFO | Copy complete. Start QC.
2026-02-18 20:06:49,090 | INFO | Detected : TESTFC01.mxf
2026-02-18 20:06:49,090 | INFO | Folder   : D:\test_vid
2026-02-18 20:06:49,090 | INFO | Waiting file release...
2026-02-18 20:06:50,109 | INFO | Checking metadata...
2026-02-18 20:06:50,182 | INFO | Metadata OK
2026-02-18 20:06:50,183 | INFO | Starting downscale process...
2026-02-18 20:07:01,249 | INFO | Downscale complete: TESTFC01_downscale.yuv
2026-02-18 20:07:01,250 | INFO | Running QC checks...
2026-02-18 20:07:01,251 | INFO | Running Freeze Detection on downscaled video...
2026-02-18 20:07:01,252 | INFO | Starting freeze scan on downscaled video...
2026-02-18 20:07:03,587 | INFO | No freeze detected.
2026-02-18 20:07:03,588 | INFO | Running Black Frame Check on downscaled video...
2026-02-18 20:07:03,588 | INFO | Checking black frames on downscaled video...
2026-02-18 20:07:03,963 | INFO | No black frames detected.
2026-02-18 20:07:03,963 | INFO | Running Scan Type Check on original file...
2026-02-18 20:07:03,963 | INFO | Checking scan type...
2026-02-18 20:07:04,052 | INFO | Scan type: INTERLACE
2026-02-18 20:07:04,054 | INFO | Running Silence Check on original file...
2026-02-18 20:07:04,054 | INFO | Checking audio silence...
2026-02-18 20:07:08,155 | INFO | No silence detected.
2026-02-18 20:07:08,155 | INFO | Running Audio Peak Check on original file...
2026-02-18 20:07:08,157 | INFO | Checking audio peak level...
2026-02-18 20:07:12,538 | INFO | Max Peak: -2.9 dB
2026-02-18 20:07:12,539 | INFO | Audio peak level OK.
2026-02-18 20:07:12,540 | INFO | Running Audio Phase Check on original file...
2026-02-18 20:07:12,541 | INFO | Checking audio phase correlation...
2026-02-18 20:07:12,590 | INFO | Phase scan skipped.
2026-02-18 20:07:12,619 | INFO | Temporary file cleaned up
2026-02-18 20:07:12,620 | INFO | RESULT: TESTFC01.mxf → PASS
2026-02-18 20:07:49,374 | INFO | Downscale complete: CSR MNC PEDULI - SEKOLAH PONDOK DOMBA_downscale.yuv
2026-02-18 20:07:49,375 | INFO | Running QC checks...
2026-02-18 20:07:49,377 | INFO | Running Freeze Detection on downscaled video...
2026-02-18 20:07:49,380 | INFO | Starting freeze scan on downscaled video...
2026-02-18 20:07:56,614 | INFO | No freeze detected.
2026-02-18 20:07:56,615 | INFO | Running Black Frame Check on downscaled video...
2026-02-18 20:07:56,616 | INFO | Checking black frames on downscaled video...
2026-02-18 20:07:57,541 | INFO | No black frames detected.
2026-02-18 20:07:57,541 | INFO | Running Scan Type Check on original file...
2026-02-18 20:07:57,544 | INFO | Checking scan type...
2026-02-18 20:07:57,588 | INFO | Scan type: INTERLACE
2026-02-18 20:07:57,588 | INFO | Running Silence Check on original file...
2026-02-18 20:07:57,590 | INFO | Checking audio silence...
2026-02-18 20:08:17,374 | INFO | No silence detected.
2026-02-18 20:08:17,374 | INFO | Running Audio Peak Check on original file...
2026-02-18 20:08:17,375 | INFO | Checking audio peak level...
2026-02-18 20:08:38,370 | INFO | Max Peak: -8.0 dB
2026-02-18 20:08:38,370 | INFO | Audio peak level OK.
2026-02-18 20:08:38,371 | INFO | Running Audio Phase Check on original file...
2026-02-18 20:08:38,372 | INFO | Checking audio phase correlation...
2026-02-18 20:08:38,627 | INFO | Phase scan skipped.
2026-02-18 20:08:38,826 | INFO | Temporary file cleaned up
2026-02-18 20:08:38,826 | INFO | RESULT: CSR MNC PEDULI - SEKOLAH PONDOK DOMBA.mxf → PASS
2026-02-18 20:12:20,429 | INFO | Waiting copy complete: CSR MNC PEDULI - SEKOLAH PONDOK DOMBA.mxf
2026-02-18 20:12:32,431 | INFO | Copy complete. Start QC.
2026-02-18 20:12:32,432 | INFO | Detected : CSR MNC PEDULI - SEKOLAH PONDOK DOMBA.mxf
2026-02-18 20:12:32,436 | INFO | Folder   : D:\test_vid
2026-02-18 20:12:32,440 | INFO | Waiting file release...
2026-02-18 20:12:33,444 | INFO | Checking metadata...
2026-02-18 20:12:33,516 | INFO | Metadata OK
2026-02-18 20:12:33,516 | INFO | Starting downscale process...
2026-02-18 20:13:15,675 | INFO | Downscale complete: CSR MNC PEDULI - SEKOLAH PONDOK DOMBA_downscale.yuv
2026-02-18 20:13:15,676 | INFO | Running QC checks...
2026-02-18 20:13:15,677 | INFO | Running Freeze Detection on downscaled video...
2026-02-18 20:13:15,679 | INFO | Starting freeze scan on downscaled video...
2026-02-18 20:13:23,329 | INFO | No freeze detected.
2026-02-18 20:13:23,329 | INFO | Running Black Frame Check on downscaled video...
2026-02-18 20:13:23,331 | INFO | Checking black frames on downscaled video...
2026-02-18 20:13:24,049 | INFO | No black frames detected.
2026-02-18 20:13:24,049 | INFO | Running Scan Type Check on original file...
2026-02-18 20:13:24,051 | INFO | Checking scan type...
2026-02-18 20:13:24,092 | INFO | Scan type: INTERLACE
2026-02-18 20:13:24,092 | INFO | Running Silence Check on original file...
2026-02-18 20:13:24,094 | INFO | Checking audio silence...
2026-02-18 20:13:42,030 | INFO | No silence detected.
2026-02-18 20:13:42,030 | INFO | Running Audio Peak Check on original file...
2026-02-18 20:13:42,031 | INFO | Checking audio peak level...
2026-02-18 20:13:58,495 | INFO | Max Peak: -8.0 dB
2026-02-18 20:13:58,495 | INFO | Audio peak level OK.
2026-02-18 20:13:58,496 | INFO | Running Audio Phase Check on original file...
2026-02-18 20:13:58,497 | INFO | Checking audio phase correlation...
2026-02-18 20:13:58,531 | INFO | Phase scan skipped.
2026-02-18 20:13:58,668 | INFO | Temporary file cleaned up
2026-02-18 20:13:58,669 | INFO | RESULT: CSR MNC PEDULI - SEKOLAH PONDOK DOMBA.mxf → PASS
2026-02-18 20:34:50,095 | INFO | Waiting copy complete: CSR MNC PEDULI - SEKOLAH PONDOK DOMBA.mxf
2026-02-18 20:35:03,077 | INFO | Copy complete. Start QC.
2026-02-18 20:35:03,079 | INFO | Detected : CSR MNC PEDULI - SEKOLAH PONDOK DOMBA.mxf
2026-02-18 20:35:03,080 | INFO | Folder   : D:\test_vid
2026-02-18 20:35:03,082 | INFO | Waiting file release...
2026-02-18 20:35:16,159 | INFO | Waiting copy complete: TESTFC01.mxf
2026-02-18 20:35:18,446 | INFO | Checking metadata...
2026-02-18 20:35:20,774 | INFO | Metadata OK
2026-02-18 20:35:20,774 | INFO | Starting downscale process...
2026-02-18 20:35:28,683 | INFO | Copy complete. Start QC.
2026-02-18 20:35:28,684 | INFO | Detected : TESTFC01.mxf
2026-02-18 20:35:28,684 | INFO | Folder   : D:\test_vid
2026-02-18 20:35:28,684 | INFO | Waiting file release...
2026-02-18 20:35:29,686 | INFO | Checking metadata...
2026-02-18 20:35:29,743 | INFO | Metadata OK
2026-02-18 20:35:29,743 | INFO | Starting downscale process...
2026-02-18 20:35:40,277 | INFO | Downscale complete: TESTFC01_downscale.yuv
2026-02-18 20:35:40,279 | INFO | Running QC checks...
2026-02-18 20:35:40,280 | INFO | Running Freeze Detection on downscaled video...
2026-02-18 20:35:40,280 | INFO | Starting freeze scan on downscaled video...
2026-02-18 20:35:41,978 | INFO | No freeze detected.
2026-02-18 20:35:41,978 | INFO | Running Black Frame Check on downscaled video...
2026-02-18 20:35:41,979 | INFO | Checking black frames on downscaled video...
2026-02-18 20:35:42,356 | INFO | No black frames detected.
2026-02-18 20:35:42,356 | INFO | Running Scan Type Check on original file...
2026-02-18 20:35:42,356 | INFO | Checking scan type...
2026-02-18 20:35:42,415 | INFO | Scan type: INTERLACE
2026-02-18 20:35:42,415 | INFO | Running Silence Check on original file...
2026-02-18 20:35:42,418 | INFO | Checking audio silence...
2026-02-18 20:35:47,299 | INFO | No silence detected.
2026-02-18 20:35:47,300 | INFO | Running Audio Peak Check on original file...
2026-02-18 20:35:47,302 | INFO | Checking audio peak level...
2026-02-18 20:35:52,301 | INFO | Max Peak: -2.9 dB
2026-02-18 20:35:52,302 | INFO | Audio peak level OK.
2026-02-18 20:35:52,304 | INFO | Running Audio Phase Check on original file...
2026-02-18 20:35:52,305 | INFO | Checking audio phase correlation...
2026-02-18 20:35:52,366 | INFO | Phase scan skipped.
2026-02-18 20:35:52,411 | INFO | Temporary file cleaned up
2026-02-18 20:35:52,412 | INFO | RESULT: TESTFC01.mxf → PASS
2026-02-18 20:36:15,691 | INFO | Downscale complete: CSR MNC PEDULI - SEKOLAH PONDOK DOMBA_downscale.yuv
2026-02-18 20:36:15,692 | INFO | Running QC checks...
2026-02-18 20:36:15,693 | INFO | Running Freeze Detection on downscaled video...
2026-02-18 20:36:15,694 | INFO | Starting freeze scan on downscaled video...
2026-02-18 20:36:22,530 | INFO | No freeze detected.
2026-02-18 20:36:22,530 | INFO | Running Black Frame Check on downscaled video...
2026-02-18 20:36:22,532 | INFO | Checking black frames on downscaled video...
2026-02-18 20:36:23,310 | INFO | No black frames detected.
2026-02-18 20:36:23,311 | INFO | Running Scan Type Check on original file...
2026-02-18 20:36:23,313 | INFO | Checking scan type...
2026-02-18 20:36:23,356 | INFO | Scan type: INTERLACE
2026-02-18 20:36:23,356 | INFO | Running Silence Check on original file...
2026-02-18 20:36:23,358 | INFO | Checking audio silence...
2026-02-18 20:36:40,861 | INFO | No silence detected.
2026-02-18 20:36:40,861 | INFO | Running Audio Peak Check on original file...
2026-02-18 20:36:40,866 | INFO | Checking audio peak level...
2026-02-18 20:36:58,525 | INFO | Max Peak: -8.0 dB
2026-02-18 20:36:58,525 | INFO | Audio peak level OK.
2026-02-18 20:36:58,527 | INFO | Running Audio Phase Check on original file...
2026-02-18 20:36:58,528 | INFO | Checking audio phase correlation...
2026-02-18 20:36:58,565 | INFO | Phase scan skipped.
2026-02-18 20:36:58,694 | INFO | Temporary file cleaned up
2026-02-18 20:36:58,695 | INFO | RESULT: CSR MNC PEDULI - SEKOLAH PONDOK DOMBA.mxf → PASS
2026-02-18 20:55:43,387 | INFO | Waiting copy complete: CSR MNC PEDULI - SEKOLAH PONDOK DOMBA.mxf
2026-02-18 20:55:56,481 | INFO | Copy complete. Start QC.
2026-02-18 20:55:56,482 | INFO | Detected : CSR MNC PEDULI - SEKOLAH PONDOK DOMBA.mxf
2026-02-18 20:55:56,483 | INFO | Folder   : D:\test_vid
2026-02-18 20:55:56,483 | INFO | Waiting file release...
2026-02-18 20:56:11,548 | INFO | File already processed permanently. Skipping: CSR MNC PEDULI - SEKOLAH PONDOK DOMBA.mxf
2026-02-18 20:56:11,767 | INFO | Waiting copy complete: TESTFC01.mxf
2026-02-18 20:56:14,128 | INFO | Checking metadata...
2026-02-18 20:56:16,802 | INFO | Metadata OK
2026-02-18 20:56:16,802 | INFO | Starting downscale process...
2026-02-18 20:56:17,177 | INFO | File already processed permanently. Skipping: TESTFC01.mxf
2026-02-18 20:56:24,080 | INFO | File already processed. Skipping queue.
2026-02-18 20:57:05,043 | INFO | Downscale complete: CSR MNC PEDULI - SEKOLAH PONDOK DOMBA_downscale.yuv
2026-02-18 20:57:05,044 | INFO | Running QC checks...
2026-02-18 20:57:05,044 | INFO | Running Freeze Detection on downscaled video...
2026-02-18 20:57:05,045 | INFO | Starting freeze scan on downscaled video...
2026-02-18 20:57:11,981 | INFO | No freeze detected.
2026-02-18 20:57:11,982 | INFO | Running Black Frame Check on downscaled video...
2026-02-18 20:57:11,982 | INFO | Checking black frames on downscaled video...
2026-02-18 20:57:12,846 | INFO | No black frames detected.
2026-02-18 20:57:12,846 | INFO | Running Scan Type Check on original file...
2026-02-18 20:57:12,846 | INFO | Checking scan type...
2026-02-18 20:57:12,887 | INFO | Scan type: INTERLACE
2026-02-18 20:57:12,887 | INFO | Running Silence Check on original file...
2026-02-18 20:57:12,888 | INFO | Checking audio silence...
2026-02-18 20:57:29,190 | INFO | No silence detected.
2026-02-18 20:57:29,191 | INFO | Running Audio Peak Check on original file...
2026-02-18 20:57:29,191 | INFO | Checking audio peak level...
2026-02-18 20:57:45,356 | INFO | Max Peak: -8.0 dB
2026-02-18 20:57:45,357 | INFO | Audio peak level OK.
2026-02-18 20:57:45,358 | INFO | Running Audio Phase Check on original file...
2026-02-18 20:57:45,359 | INFO | Checking audio phase correlation...
2026-02-18 20:57:45,400 | INFO | Phase scan skipped.
2026-02-18 20:57:45,541 | INFO | Temporary file cleaned up
2026-02-18 20:57:45,542 | INFO | RESULT: CSR MNC PEDULI - SEKOLAH PONDOK DOMBA.mxf → PASS
2026-02-18 20:59:47,152 | INFO | Waiting copy complete: TESTFC01.mxf
2026-02-18 20:59:49,568 | INFO | File already processed permanently. Skipping: TESTFC01.mxf
2026-02-18 20:59:49,572 | INFO | Waiting copy complete: CSR MNC PEDULI - SEKOLAH PONDOK DOMBA.mxf
2026-02-18 21:00:00,053 | INFO | File already processed. Skipping queue.
2026-02-18 21:00:02,851 | INFO | Copy complete. Start QC.
2026-02-18 21:00:02,852 | INFO | Detected : CSR MNC PEDULI - SEKOLAH PONDOK DOMBA.mxf
2026-02-18 21:00:02,856 | INFO | Folder   : D:\test_vid
2026-02-18 21:00:02,860 | INFO | Waiting file release...
2026-02-18 21:00:18,543 | INFO | File already processed permanently. Skipping: CSR MNC PEDULI - SEKOLAH PONDOK DOMBA.mxf
2026-02-18 21:00:19,872 | INFO | Checking metadata...
2026-02-18 21:00:20,266 | INFO | Metadata OK
2026-02-18 21:00:20,267 | INFO | Starting downscale process...
2026-02-18 21:01:06,642 | INFO | Downscale complete: CSR MNC PEDULI - SEKOLAH PONDOK DOMBA_downscale.yuv
2026-02-18 21:01:06,643 | INFO | Running QC checks...
2026-02-18 21:01:06,644 | INFO | Running Freeze Detection on downscaled video...
2026-02-18 21:01:06,645 | INFO | Starting freeze scan on downscaled video...
2026-02-18 21:01:13,461 | INFO | No freeze detected.
2026-02-18 21:01:13,461 | INFO | Running Black Frame Check on downscaled video...
2026-02-18 21:01:13,462 | INFO | Checking black frames on downscaled video...
2026-02-18 21:01:14,213 | INFO | No black frames detected.
2026-02-18 21:01:14,213 | INFO | Running Scan Type Check on original file...
2026-02-18 21:01:14,214 | INFO | Checking scan type...
2026-02-18 21:01:14,253 | INFO | Scan type: INTERLACE
2026-02-18 21:01:14,253 | INFO | Running Silence Check on original file...
2026-02-18 21:01:14,255 | INFO | Checking audio silence...
2026-02-18 21:01:30,702 | INFO | No silence detected.
2026-02-18 21:01:30,702 | INFO | Running Audio Peak Check on original file...
2026-02-18 21:01:30,703 | INFO | Checking audio peak level...
2026-02-18 21:01:47,412 | INFO | Max Peak: -8.0 dB
2026-02-18 21:01:47,412 | INFO | Audio peak level OK.
2026-02-18 21:01:47,413 | INFO | Running Audio Phase Check on original file...
2026-02-18 21:01:47,414 | INFO | Checking audio phase correlation...
2026-02-18 21:01:47,448 | INFO | Phase scan skipped.
2026-02-18 21:01:47,586 | INFO | Temporary file cleaned up
2026-02-18 21:01:47,586 | INFO | RESULT: CSR MNC PEDULI - SEKOLAH PONDOK DOMBA.mxf → PASS
2026-02-18 21:02:09,937 | INFO | Waiting copy complete: CSR MNC PEDULI .mxf
2026-02-18 21:02:22,953 | INFO | Copy complete. Start QC.
2026-02-18 21:02:22,954 | INFO | Detected : CSR MNC PEDULI .mxf
2026-02-18 21:02:22,955 | INFO | Folder   : D:\test_vid
2026-02-18 21:02:22,958 | INFO | Waiting file release...
2026-02-18 21:02:36,258 | INFO | Waiting copy complete: TESTFC010.mxf
2026-02-18 21:02:38,115 | INFO | Checking metadata...
2026-02-18 21:02:40,805 | INFO | Metadata OK
2026-02-18 21:02:40,806 | INFO | Starting downscale process...
2026-02-18 21:02:48,571 | INFO | Copy complete. Start QC.
2026-02-18 21:02:48,571 | INFO | Detected : TESTFC010.mxf
2026-02-18 21:02:48,572 | INFO | Folder   : D:\test_vid
2026-02-18 21:02:48,572 | INFO | Waiting file release...
2026-02-18 21:02:49,588 | INFO | Checking metadata...
2026-02-18 21:02:49,642 | INFO | Metadata OK
2026-02-18 21:02:49,643 | INFO | Starting downscale process...
2026-02-18 21:02:59,281 | INFO | Downscale complete: TESTFC010_downscale.yuv
2026-02-18 21:02:59,281 | INFO | Running QC checks...
2026-02-18 21:02:59,282 | INFO | Running Freeze Detection on downscaled video...
2026-02-18 21:02:59,282 | INFO | Starting freeze scan on downscaled video...
2026-02-18 21:03:00,639 | INFO | No freeze detected.
2026-02-18 21:03:00,639 | INFO | Running Black Frame Check on downscaled video...
2026-02-18 21:03:00,640 | INFO | Checking black frames on downscaled video...
2026-02-18 21:03:00,896 | INFO | No black frames detected.
2026-02-18 21:03:00,896 | INFO | Running Scan Type Check on original file...
2026-02-18 21:03:00,897 | INFO | Checking scan type...
2026-02-18 21:03:00,939 | INFO | Scan type: INTERLACE
2026-02-18 21:03:00,939 | INFO | Running Silence Check on original file...
2026-02-18 21:03:00,941 | INFO | Checking audio silence...
2026-02-18 21:03:04,888 | INFO | No silence detected.
2026-02-18 21:03:04,888 | INFO | Running Audio Peak Check on original file...
2026-02-18 21:03:04,889 | INFO | Checking audio peak level...
2026-02-18 21:03:09,258 | INFO | Max Peak: -2.9 dB
2026-02-18 21:03:09,259 | INFO | Audio peak level OK.
2026-02-18 21:03:09,260 | INFO | Running Audio Phase Check on original file...
2026-02-18 21:03:09,262 | INFO | Checking audio phase correlation...
2026-02-18 21:03:09,449 | INFO | Phase scan skipped.
2026-02-18 21:03:09,464 | INFO | Temporary file cleaned up
2026-02-18 21:03:09,465 | INFO | RESULT: TESTFC010.mxf → PASS
2026-02-18 21:03:35,800 | INFO | Downscale complete: CSR MNC PEDULI _downscale.yuv
2026-02-18 21:03:35,801 | INFO | Running QC checks...
2026-02-18 21:03:35,803 | INFO | Running Freeze Detection on downscaled video...
2026-02-18 21:03:35,804 | INFO | Starting freeze scan on downscaled video...
2026-02-18 21:03:42,604 | INFO | No freeze detected.
2026-02-18 21:03:42,605 | INFO | Running Black Frame Check on downscaled video...
2026-02-18 21:03:42,606 | INFO | Checking black frames on downscaled video...
2026-02-18 21:03:43,582 | INFO | No black frames detected.
2026-02-18 21:03:43,584 | INFO | Running Scan Type Check on original file...
2026-02-18 21:03:43,589 | INFO | Checking scan type...
2026-02-18 21:03:43,733 | INFO | Scan type: INTERLACE
2026-02-18 21:03:43,734 | INFO | Running Silence Check on original file...
2026-02-18 21:03:43,735 | INFO | Checking audio silence...
2026-02-18 21:04:00,128 | INFO | No silence detected.
2026-02-18 21:04:00,128 | INFO | Running Audio Peak Check on original file...
2026-02-18 21:04:00,129 | INFO | Checking audio peak level...
2026-02-18 21:04:16,304 | INFO | Max Peak: -8.0 dB
2026-02-18 21:04:16,304 | INFO | Audio peak level OK.
2026-02-18 21:04:16,305 | INFO | Running Audio Phase Check on original file...
2026-02-18 21:04:16,306 | INFO | Checking audio phase correlation...
2026-02-18 21:04:16,342 | INFO | Phase scan skipped.
2026-02-18 21:04:16,513 | INFO | Temporary file cleaned up
2026-02-18 21:04:16,514 | INFO | RESULT: CSR MNC PEDULI .mxf → PASS
2026-02-18 21:32:11,942 | INFO | Waiting copy complete: CSR MNC PEDULI 3.mxf
2026-02-18 21:32:24,671 | INFO | Copy complete. Start QC.
2026-02-18 21:32:24,673 | INFO | Detected : CSR MNC PEDULI 3.mxf
2026-02-18 21:32:24,674 | INFO | Folder   : D:\test_vid
2026-02-18 21:32:24,675 | INFO | Waiting file release...
2026-02-18 21:32:38,125 | INFO | Waiting copy complete: TESTFC01010.mxf
2026-02-18 21:32:39,977 | INFO | Checking metadata...
2026-02-18 21:32:43,830 | INFO | Metadata OK
2026-02-18 21:32:43,831 | INFO | Starting downscale process...
2026-02-18 21:32:50,496 | INFO | Copy complete. Start QC.
2026-02-18 21:32:50,498 | INFO | Detected : TESTFC01010.mxf
2026-02-18 21:32:50,498 | INFO | Folder   : D:\test_vid
2026-02-18 21:32:50,498 | INFO | Waiting file release...
2026-02-18 21:32:51,500 | INFO | Checking metadata...
2026-02-18 21:32:51,714 | INFO | Metadata OK
2026-02-18 21:32:51,714 | INFO | Starting downscale process...
2026-02-18 21:33:04,152 | INFO | Downscale complete: TESTFC01010_downscale.yuv
2026-02-18 21:33:04,153 | INFO | Analyzing video (freeze + scratch)...
2026-02-18 21:33:11,180 | INFO | FREEZE DETECTED @ ['00:05.24', '00:05.72']
2026-02-18 21:33:11,180 | INFO | SCRATCH DETECTED @ ['00:00.00', '00:00.04', '00:00.08', '00:00.12', '00:00.16', '00:00.20', '00:00.24', '00:00.28', '00:00.32', '00:00.36', '00:00.40', '00:00.44', '00:00.48', '00:00.52', '00:00.56', '00:00.60', '00:00.64', '00:00.68', '00:00.72', '00:00.76', '00:00.80', '00:00.84', '00:00.88', '00:00.92', '00:00.96', '00:01.00', '00:01.04', '00:01.08', '00:01.12', '00:01.16', '00:01.20', '00:01.24', '00:01.28', '00:01.32', '00:01.36', '00:01.40', '00:01.44', '00:01.48', '00:01.52', '00:01.56', '00:01.60', '00:01.64', '00:01.68', '00:01.72', '00:01.76', '00:01.80', '00:01.84', '00:01.88', '00:01.92', '00:01.96', '00:02.00', '00:02.04', '00:02.08', '00:02.12', '00:02.16', '00:02.20', '00:02.24', '00:02.28', '00:02.32', '00:02.36', '00:02.40', '00:02.44', '00:02.48', '00:02.52', '00:02.56', '00:02.60', '00:02.64', '00:02.68', '00:02.72', '00:02.76', '00:02.80', '00:02.84', '00:02.88', '00:02.92', '00:02.96', '00:03.00', '00:03.04', '00:03.08', '00:03.12', '00:03.16', '00:03.20', '00:03.24', '00:03.28', '00:03.32', '00:03.36', '00:03.40', '00:03.44', '00:03.48', '00:03.52', '00:03.56', '00:03.60', '00:03.64', '00:03.68', '00:03.72', '00:03.76', '00:03.80', '00:03.84', '00:03.88', '00:03.92', '00:03.96', '00:04.00', '00:04.04', '00:04.08', '00:04.12', '00:04.16', '00:04.20', '00:04.24', '00:04.28', '00:04.32', '00:04.36', '00:04.40', '00:04.44', '00:04.48', '00:04.52', '00:04.56', '00:04.60', '00:04.64', '00:04.68', '00:04.72', '00:04.76', '00:04.80', '00:04.84', '00:04.88', '00:04.92', '00:04.96', '00:05.00', '00:05.04', '00:05.08', '00:05.12', '00:05.16', '00:05.20', '00:05.24', '00:05.28', '00:05.32', '00:05.36', '00:05.40', '00:05.44', '00:05.48', '00:05.52', '00:05.56', '00:05.60', '00:05.64', '00:05.68', '00:05.72', '00:05.76', '00:05.80', '00:05.84', '00:05.88', '00:05.92', '00:05.96', '00:06.00', '00:06.04', '00:06.08', '00:06.12', '00:06.16', '00:06.20', '00:06.24', '00:06.28', '00:06.32', '00:06.36', '00:06.40', '00:06.44', '00:06.48', '00:06.52', '00:06.56', '00:06.60', '00:06.64', '00:06.68', '00:06.72', '00:06.76', '00:06.80', '00:06.84', '00:06.88', '00:06.92', '00:06.96', '00:07.00', '00:07.04', '00:07.08', '00:07.12', '00:07.16', '00:07.20', '00:07.24', '00:07.28', '00:07.32', '00:07.36', '00:07.40', '00:07.44', '00:07.48', '00:07.52', '00:07.56', '00:07.60', '00:07.64', '00:07.68', '00:07.72', '00:07.76', '00:07.80', '00:07.84', '00:07.88', '00:07.92', '00:07.96', '00:08.00', '00:08.04', '00:08.08', '00:08.12', '00:08.16', '00:08.20', '00:08.24', '00:08.28', '00:08.32', '00:08.36', '00:08.40', '00:08.44', '00:08.48', '00:08.52', '00:08.56', '00:08.60', '00:08.64', '00:08.68', '00:08.72', '00:08.76', '00:08.80', '00:08.84', '00:08.88', '00:08.92', '00:08.96', '00:09.00', '00:09.04', '00:09.08', '00:09.12', '00:09.16', '00:09.20', '00:09.24', '00:09.28', '00:09.32', '00:09.36', '00:09.40', '00:09.44', '00:09.48', '00:09.52', '00:09.56', '00:09.60', '00:09.64', '00:09.68', '00:09.72', '00:09.76', '00:09.80', '00:09.84', '00:09.88', '00:09.92', '00:09.96', '00:10.00', '00:10.04', '00:10.08', '00:10.12', '00:10.16', '00:10.20', '00:10.24', '00:10.28', '00:10.32', '00:10.36', '00:10.40', '00:10.44', '00:10.48', '00:10.52', '00:10.56', '00:10.60', '00:10.64', '00:10.68', '00:10.72', '00:10.76', '00:10.80', '00:10.84', '00:10.88', '00:10.92', '00:10.96', '00:11.00', '00:11.04', '00:11.08', '00:11.12', '00:11.16', '00:11.20', '00:11.24', '00:11.28', '00:11.32', '00:11.36', '00:11.40', '00:11.44', '00:11.48', '00:11.52', '00:11.56', '00:11.60', '00:11.64', '00:11.68', '00:11.72', '00:11.76', '00:11.80', '00:11.84', '00:11.88', '00:11.92', '00:11.96', '00:12.00', '00:12.04', '00:12.08', '00:12.12', '00:12.16', '00:12.20', '00:12.24', '00:12.28', '00:12.32', '00:12.36', '00:12.40', '00:12.44', '00:12.48', '00:12.52', '00:12.56', '00:12.60', '00:12.64', '00:12.68', '00:12.72', '00:12.76', '00:12.80', '00:12.84', '00:12.88', '00:12.92', '00:12.96', '00:13.00', '00:13.04', '00:13.08', '00:13.12', '00:13.16', '00:13.20', '00:13.24', '00:13.28', '00:13.32', '00:13.36', '00:13.40', '00:13.44', '00:13.48', '00:13.52', '00:13.56', '00:13.60', '00:13.64', '00:13.68', '00:13.72', '00:13.76', '00:13.80', '00:13.84', '00:13.88', '00:13.92', '00:13.96', '00:14.00', '00:14.04', '00:14.08', '00:14.12', '00:14.16', '00:14.20', '00:14.24', '00:14.28', '00:14.32', '00:14.36', '00:14.40', '00:14.44', '00:14.48', '00:14.52', '00:14.56', '00:14.60', '00:14.64', '00:14.68', '00:14.72', '00:14.76', '00:14.80', '00:14.84', '00:14.88', '00:14.92', '00:14.96', '00:15.00', '00:15.04', '00:15.08', '00:15.12', '00:15.16', '00:15.20', '00:15.24', '00:15.28', '00:15.32', '00:15.36', '00:15.40', '00:15.44', '00:15.48', '00:15.52', '00:15.56', '00:15.60', '00:15.64', '00:15.68', '00:15.72', '00:15.76', '00:15.80', '00:15.84', '00:15.88', '00:15.92', '00:15.96', '00:16.00', '00:16.04', '00:16.08', '00:16.12', '00:16.16', '00:16.20', '00:16.24', '00:16.28', '00:16.32', '00:16.36', '00:16.40', '00:16.44', '00:16.48', '00:16.52', '00:16.56', '00:16.60', '00:16.64', '00:16.68', '00:16.72', '00:16.76', '00:16.80', '00:16.84', '00:16.88', '00:16.92', '00:16.96', '00:17.00', '00:17.04', '00:17.08', '00:17.12', '00:17.16', '00:17.20', '00:17.24', '00:17.28', '00:17.32', '00:17.36', '00:17.40', '00:17.44', '00:17.48', '00:17.52', '00:17.56', '00:17.60', '00:17.64', '00:17.68', '00:17.72', '00:17.76', '00:17.80', '00:17.84', '00:17.88', '00:17.92', '00:17.96', '00:18.00', '00:18.04', '00:18.08', '00:18.12', '00:18.16', '00:18.20', '00:18.24', '00:18.28', '00:18.32', '00:18.36', '00:18.40', '00:18.44', '00:18.48', '00:18.52', '00:18.56', '00:18.60', '00:18.64', '00:18.68', '00:18.72', '00:18.76', '00:18.80', '00:18.84', '00:18.88', '00:18.92', '00:18.96', '00:19.00', '00:19.04', '00:19.08', '00:19.12', '00:19.16', '00:19.20', '00:19.24', '00:19.28', '00:19.32', '00:19.36', '00:19.40', '00:19.44', '00:19.48', '00:19.52', '00:19.56', '00:19.60', '00:19.64', '00:19.68', '00:19.72', '00:19.76', '00:19.80', '00:19.84', '00:19.88', '00:19.92', '00:19.96', '00:20.00', '00:20.04', '00:20.08', '00:20.12', '00:20.16', '00:20.20', '00:20.24', '00:20.28', '00:20.32', '00:20.36', '00:20.40', '00:20.44', '00:20.48', '00:20.52', '00:20.56', '00:20.60', '00:20.64', '00:20.68', '00:20.72', '00:20.76', '00:20.80', '00:20.84', '00:20.88', '00:20.92', '00:20.96', '00:21.00', '00:21.04', '00:21.08', '00:21.12', '00:21.16', '00:21.20', '00:21.24', '00:21.28', '00:21.32', '00:21.36', '00:21.40', '00:21.44', '00:21.48', '00:21.52', '00:21.56', '00:21.60', '00:21.64', '00:21.68', '00:21.72', '00:21.76', '00:21.80', '00:21.84', '00:21.88', '00:21.92', '00:21.96', '00:22.00', '00:22.04', '00:22.08', '00:22.12', '00:22.16', '00:22.20', '00:22.24', '00:22.28', '00:22.32', '00:22.36', '00:22.40', '00:22.44', '00:22.48', '00:22.52', '00:22.56', '00:22.60', '00:22.64', '00:22.68', '00:22.72', '00:22.76', '00:22.80', '00:22.84', '00:22.88', '00:22.92', '00:22.96', '00:23.00', '00:23.04', '00:23.08', '00:23.12', '00:23.16', '00:23.20', '00:23.24', '00:23.28', '00:23.32', '00:23.36', '00:23.40', '00:23.44', '00:23.48', '00:23.52', '00:23.56', '00:23.60', '00:23.64', '00:23.68', '00:23.72', '00:23.76', '00:23.80', '00:23.84', '00:23.88', '00:23.92', '00:23.96', '00:24.00', '00:24.04', '00:24.08', '00:24.12', '00:24.16', '00:24.20', '00:24.24', '00:24.28', '00:24.32', '00:24.36', '00:24.40', '00:24.44', '00:24.48', '00:24.52', '00:24.56', '00:24.60', '00:24.64', '00:24.68', '00:24.72', '00:24.76', '00:24.80', '00:24.84', '00:24.88', '00:24.92', '00:24.96', '00:25.00', '00:25.04', '00:25.08', '00:25.12', '00:25.16', '00:25.20', '00:25.24', '00:25.28', '00:25.32', '00:25.36', '00:25.40', '00:25.44', '00:25.48', '00:25.52', '00:25.56', '00:25.60', '00:25.64', '00:25.68', '00:25.72', '00:25.76', '00:25.80', '00:25.84', '00:25.88', '00:25.92', '00:25.96', '00:26.00', '00:26.04', '00:26.08', '00:26.12', '00:26.16', '00:26.20', '00:26.24', '00:26.28', '00:26.32', '00:26.36', '00:26.40', '00:26.44', '00:26.48', '00:26.52', '00:26.56', '00:26.60', '00:26.64', '00:26.68', '00:26.72', '00:26.76', '00:26.80', '00:26.84', '00:26.88', '00:26.92', '00:26.96', '00:27.00', '00:27.04', '00:27.08', '00:27.12', '00:27.16', '00:27.20', '00:27.24', '00:27.28', '00:27.32', '00:27.36', '00:27.40', '00:27.44', '00:27.48', '00:27.52', '00:27.56', '00:27.60', '00:27.64', '00:27.68', '00:27.72', '00:27.76', '00:27.80', '00:27.84', '00:27.88', '00:27.92', '00:27.96', '00:28.00', '00:28.04', '00:28.08', '00:28.12', '00:28.16', '00:28.20', '00:28.24', '00:28.28', '00:28.32', '00:28.36', '00:28.40', '00:28.44', '00:28.48', '00:28.52', '00:28.56', '00:28.60', '00:28.64', '00:28.68', '00:28.72', '00:28.76', '00:28.80', '00:28.84', '00:28.88', '00:28.92', '00:28.96', '00:29.00', '00:29.04', '00:29.08', '00:29.12', '00:29.16', '00:29.20', '00:29.24', '00:29.28', '00:29.32', '00:29.36', '00:29.40', '00:29.44', '00:29.48', '00:29.52', '00:29.56', '00:29.60', '00:29.64', '00:29.68', '00:29.72', '00:29.76', '00:29.80', '00:29.84', '00:29.88', '00:29.92', '00:29.96', '00:30.00', '00:30.04', '00:30.08', '00:30.12', '00:30.16', '00:30.20', '00:30.24', '00:30.28', '00:30.32', '00:30.36', '00:30.40', '00:30.44', '00:30.48', '00:30.52', '00:30.56', '00:30.60', '00:30.64', '00:30.68', '00:30.72', '00:30.76', '00:30.80', '00:30.84', '00:30.88', '00:30.92', '00:30.96', '00:31.00', '00:31.04', '00:31.08', '00:31.12', '00:31.16', '00:31.20', '00:31.24', '00:31.28', '00:31.32', '00:31.36', '00:31.40', '00:31.44', '00:31.48', '00:31.52', '00:31.56', '00:31.60', '00:31.64', '00:31.68', '00:31.72', '00:31.76', '00:31.80', '00:31.84', '00:31.88', '00:31.92', '00:31.96', '00:32.00', '00:32.04', '00:32.08', '00:32.12', '00:32.16', '00:32.20', '00:32.24', '00:32.28', '00:32.32', '00:32.36', '00:32.40', '00:32.44', '00:32.48', '00:32.52', '00:32.56', '00:32.60', '00:32.64', '00:32.68', '00:32.72', '00:32.76', '00:32.80', '00:32.84', '00:32.88', '00:32.92', '00:32.96', '00:33.00', '00:33.04', '00:33.08', '00:33.12', '00:33.16', '00:33.20', '00:33.24', '00:33.28', '00:33.32', '00:33.36', '00:33.40', '00:33.44', '00:33.48', '00:33.52', '00:33.56', '00:33.60', '00:33.64', '00:33.68', '00:33.72', '00:33.76', '00:33.80', '00:33.84', '00:33.88', '00:33.92', '00:33.96', '00:34.00', '00:34.04', '00:34.08', '00:34.12', '00:34.16', '00:34.20', '00:34.24', '00:34.28', '00:34.32', '00:34.36', '00:34.40', '00:34.44', '00:34.48', '00:34.52', '00:34.56', '00:34.60', '00:34.64', '00:34.68', '00:34.72', '00:34.76', '00:34.80', '00:34.84', '00:34.88', '00:34.92', '00:34.96', '00:35.00', '00:35.04', '00:35.08', '00:35.12', '00:35.16', '00:35.20', '00:35.24', '00:35.28', '00:35.32', '00:35.36', '00:35.40', '00:35.44', '00:35.48', '00:35.52', '00:35.56', '00:35.60', '00:35.64', '00:35.68', '00:35.72', '00:35.76', '00:35.80', '00:35.84', '00:35.88', '00:35.92', '00:35.96', '00:36.00', '00:36.04', '00:36.08', '00:36.12', '00:36.16', '00:36.20', '00:36.24', '00:36.28', '00:36.32', '00:36.36', '00:36.40', '00:36.44', '00:36.48', '00:36.52', '00:36.56', '00:36.60', '00:36.64', '00:36.68', '00:36.72', '00:36.76', '00:36.80', '00:36.84', '00:36.88', '00:36.92', '00:36.96', '00:37.00', '00:37.04', '00:37.08', '00:37.12', '00:37.16', '00:37.20', '00:37.24', '00:37.28', '00:37.32', '00:37.36', '00:37.40', '00:37.44', '00:37.48', '00:37.52', '00:37.56', '00:37.60', '00:37.64', '00:37.68', '00:37.72', '00:37.76', '00:37.80', '00:37.84', '00:37.88', '00:37.92', '00:37.96', '00:38.00', '00:38.04', '00:38.08', '00:38.12', '00:38.16', '00:38.20', '00:38.24', '00:38.28', '00:38.32', '00:38.36', '00:38.40', '00:38.44', '00:38.48', '00:38.52', '00:38.56', '00:38.60', '00:38.64', '00:38.68', '00:38.72', '00:38.76', '00:38.80', '00:38.84', '00:38.88', '00:38.92', '00:38.96', '00:39.00', '00:39.04', '00:39.08', '00:39.12', '00:39.16', '00:39.20', '00:39.24', '00:39.28', '00:39.32', '00:39.36', '00:39.40', '00:39.44', '00:39.48', '00:39.52', '00:39.56', '00:39.60', '00:39.64', '00:39.68', '00:39.72', '00:39.76', '00:39.80', '00:39.84', '00:39.88', '00:39.92', '00:39.96', '00:40.00', '00:40.04', '00:40.08', '00:40.12', '00:40.16', '00:40.20', '00:40.24', '00:40.28', '00:40.32', '00:40.36', '00:40.40', '00:40.44', '00:40.48', '00:40.52', '00:40.56', '00:40.60', '00:40.64', '00:40.68', '00:40.72', '00:40.76', '00:40.80', '00:40.84', '00:40.88', '00:40.92', '00:40.96', '00:41.00', '00:41.04', '00:41.08', '00:41.12', '00:41.16', '00:41.20', '00:41.24', '00:41.28', '00:41.32', '00:41.36', '00:41.40', '00:41.44', '00:41.48', '00:41.52', '00:41.56', '00:41.60', '00:41.64', '00:41.68', '00:41.72', '00:41.76', '00:41.80', '00:41.84', '00:41.88', '00:41.92', '00:41.96', '00:42.00', '00:42.04', '00:42.08', '00:42.12', '00:42.16', '00:42.20', '00:42.24', '00:42.28', '00:42.32', '00:42.36', '00:42.40', '00:42.44', '00:42.48', '00:42.52', '00:42.56', '00:42.60', '00:42.64', '00:42.68', '00:42.72', '00:42.76', '00:42.80', '00:42.84', '00:42.88', '00:42.92', '00:42.96', '00:43.00', '00:43.04', '00:43.08', '00:43.12', '00:43.16', '00:43.20', '00:43.24', '00:43.28', '00:43.32', '00:43.36', '00:43.40', '00:43.44', '00:43.48', '00:43.52', '00:43.56', '00:43.60', '00:43.64', '00:43.68', '00:43.72', '00:43.76', '00:43.80', '00:43.84', '00:43.88', '00:43.92', '00:43.96', '00:44.00', '00:44.04', '00:44.08', '00:44.12', '00:44.16', '00:44.20', '00:44.24', '00:44.28', '00:44.32', '00:44.36', '00:44.40', '00:44.44', '00:44.48', '00:44.52', '00:44.56', '00:44.60', '00:44.64', '00:44.68', '00:44.72', '00:44.76', '00:44.80', '00:44.84', '00:44.88', '00:44.92', '00:44.96', '00:45.00', '00:45.04', '00:45.08', '00:45.12', '00:45.16', '00:45.20', '00:45.24', '00:45.28', '00:45.32', '00:45.36', '00:45.40', '00:45.44', '00:45.48', '00:45.52', '00:45.56', '00:45.60', '00:45.64', '00:45.68', '00:45.72', '00:45.76', '00:45.80', '00:45.84', '00:45.88', '00:45.92', '00:45.96', '00:46.00', '00:46.04', '00:46.08', '00:46.12', '00:46.16', '00:46.20', '00:46.24', '00:46.28', '00:46.32', '00:46.36', '00:46.40', '00:46.44', '00:46.48', '00:46.52', '00:46.56', '00:46.60', '00:46.64', '00:46.68', '00:46.72', '00:46.76', '00:46.80', '00:46.84', '00:46.88', '00:46.92', '00:46.96', '00:47.00', '00:47.04', '00:47.08', '00:47.12', '00:47.16', '00:47.20', '00:47.24', '00:47.28', '00:47.32', '00:47.36', '00:47.40', '00:47.44', '00:47.48', '00:47.52', '00:47.56', '00:47.60', '00:47.64', '00:47.68', '00:47.72', '00:47.76', '00:47.80', '00:47.84', '00:47.88', '00:47.92', '00:47.96', '00:48.00', '00:48.04', '00:48.08', '00:48.12', '00:48.16', '00:48.20', '00:48.24', '00:48.28', '00:48.32', '00:48.36', '00:48.40', '00:48.44', '00:48.48', '00:48.52', '00:48.56', '00:48.60', '00:48.64', '00:48.68', '00:48.72', '00:48.76', '00:48.80', '00:48.84', '00:48.88', '00:48.92', '00:48.96', '00:49.00', '00:49.04', '00:49.08', '00:49.12', '00:49.16', '00:49.20', '00:49.24', '00:49.28', '00:49.32', '00:49.36', '00:49.40', '00:49.44', '00:49.48', '00:49.52', '00:49.56', '00:49.60', '00:49.64', '00:49.68', '00:49.72', '00:49.76', '00:49.80', '00:49.84', '00:49.88', '00:49.92', '00:49.96', '00:50.00', '00:50.04', '00:50.08', '00:50.12', '00:50.16', '00:50.20', '00:50.24', '00:50.28', '00:50.32', '00:50.36', '00:50.40', '00:50.44', '00:50.48', '00:50.52', '00:50.56', '00:50.60', '00:50.64', '00:50.68', '00:50.72', '00:50.76', '00:50.80', '00:50.84', '00:50.88', '00:50.92', '00:50.96', '00:51.00', '00:51.04', '00:51.08', '00:51.12', '00:51.16', '00:51.20', '00:51.24', '00:51.28', '00:51.32', '00:51.36', '00:51.40', '00:51.44', '00:51.48', '00:51.52', '00:51.56', '00:51.60', '00:51.64', '00:51.68', '00:51.72', '00:51.76', '00:51.80', '00:51.84', '00:51.88', '00:51.92', '00:51.96', '00:52.00', '00:52.04', '00:52.08', '00:52.12', '00:52.16']
2026-02-18 21:33:11,217 | INFO | Running QC checks...
2026-02-18 21:33:11,371 | INFO | Running Black Frame Check on downscaled video...
2026-02-18 21:33:11,498 | INFO | Checking black frames on downscaled video...
2026-02-18 21:33:11,899 | INFO | No black frames detected.
2026-02-18 21:33:11,899 | INFO | Running Scan Type Check on original file...
2026-02-18 21:33:12,038 | INFO | Checking scan type...
2026-02-18 21:33:12,223 | INFO | Scan type: INTERLACE
2026-02-18 21:33:12,283 | INFO | Running Silence Check on original file...
2026-02-18 21:33:12,414 | INFO | Checking audio silence...
2026-02-18 21:33:17,171 | INFO | No silence detected.
2026-02-18 21:33:17,172 | INFO | Running Audio Peak Check on original file...
2026-02-18 21:33:17,276 | INFO | Checking audio peak level...
2026-02-18 21:33:22,831 | INFO | Max Peak: -2.9 dB
2026-02-18 21:33:22,831 | INFO | Audio peak level OK.
2026-02-18 21:33:22,870 | INFO | Running Audio Phase Check on original file...
2026-02-18 21:33:22,944 | INFO | Checking audio phase correlation...
2026-02-18 21:33:23,114 | INFO | Phase scan skipped.
2026-02-18 21:33:23,190 | INFO | Temporary file cleaned up
2026-02-18 21:33:44,126 | INFO | Downscale complete: CSR MNC PEDULI 3_downscale.yuv
2026-02-18 21:33:44,127 | INFO | Analyzing video (freeze + scratch)...
2026-02-18 21:36:25,359 | INFO | FREEZE DETECTED @ ['00:34.92', '00:35.28', '01:02.72', '01:04.20', '01:04.68', '01:05.08', '01:05.40']
2026-02-18 21:36:25,360 | INFO | SCRATCH DETECTED @ ['00:00.00', '00:00.04', '00:00.08', '00:00.12', '00:00.16', '00:00.20', '00:00.24', '00:00.28', '00:00.32', '00:00.36', '00:00.40', '00:00.44', '00:00.48', '00:00.52', '00:00.56', '00:00.60', '00:00.64', '00:00.68', '00:00.72', '00:00.76', '00:00.80', '00:00.84', '00:00.88', '00:00.92', '00:00.96', '00:01.00', '00:01.04', '00:01.08', '00:01.12', '00:01.16', '00:01.20', '00:01.24', '00:01.28', '00:01.32', '00:01.36', '00:01.40', '00:01.44', '00:01.48', '00:01.52', '00:01.56', '00:01.60', '00:01.64', '00:01.68', '00:01.72', '00:01.76', '00:01.80', '00:01.84', '00:01.88', '00:01.92', '00:01.96', '00:02.00', '00:02.04', '00:02.08', '00:02.12', '00:02.16', '00:02.20', '00:02.24', '00:02.28', '00:02.32', '00:02.36', '00:02.40', '00:02.44', '00:02.48', '00:02.52', '00:02.56', '00:02.60', '00:02.64', '00:02.68', '00:02.72', '00:02.76', '00:02.80', '00:02.84', '00:02.88', '00:02.92', '00:02.96', '00:03.00', '00:03.04', '00:03.08', '00:03.12', '00:03.16', '00:03.20', '00:03.24', '00:03.28', '00:03.32', '00:03.36', '00:03.40', '00:03.44', '00:03.48', '00:03.52', '00:03.56', '00:03.60', '00:03.64', '00:03.68', '00:03.72', '00:03.76', '00:03.80', '00:03.84', '00:03.88', '00:03.92', '00:03.96', '00:04.00', '00:04.04', '00:04.08', '00:04.12', '00:04.16', '00:04.20', '00:04.24', '00:04.28', '00:04.32', '00:04.36', '00:04.40', '00:04.44', '00:04.48', '00:04.52', '00:04.56', '00:04.60', '00:04.64', '00:04.68', '00:04.72', '00:04.76', '00:04.80', '00:04.84', '00:04.88', '00:04.92', '00:04.96', '00:05.00', '00:05.04', '00:05.08', '00:05.12', '00:05.16', '00:05.20', '00:05.24', '00:05.28', '00:05.32', '00:05.36', '00:05.40', '00:05.44', '00:05.48', '00:05.52', '00:05.56', '00:05.60', '00:05.64', '00:05.68', '00:05.72', '00:05.76', '00:05.80', '00:05.84', '00:05.88', '00:05.92', '00:05.96', '00:06.00', '00:06.04', '00:06.08', '00:06.12', '00:06.16', '00:06.20', '00:06.24', '00:06.28', '00:06.32', '00:06.36', '00:06.40', '00:06.44', '00:06.48', '00:06.52', '00:06.56', '00:06.60', '00:06.64', '00:06.68', '00:06.72', '00:06.76', '00:06.80', '00:06.84', '00:06.88', '00:06.92', '00:06.96', '00:07.00', '00:07.04', '00:07.08', '00:07.12', '00:07.16', '00:07.20', '00:07.24', '00:07.28', '00:07.32', '00:07.36', '00:07.40', '00:07.44', '00:07.48', '00:07.52', '00:07.56', '00:07.60', '00:07.64', '00:07.68', '00:07.72', '00:07.76', '00:07.80', '00:07.84', '00:07.88', '00:07.92', '00:07.96', '00:08.00', '00:08.04', '00:08.08', '00:08.12', '00:08.16', '00:08.20', '00:08.24', '00:08.28', '00:08.32', '00:08.36', '00:08.40', '00:08.44', '00:08.48', '00:08.52', '00:08.56', '00:08.60', '00:08.64', '00:08.68', '00:08.72', '00:08.76', '00:08.80', '00:08.84', '00:08.88', '00:08.92', '00:08.96', '00:09.00', '00:09.04', '00:09.08', '00:09.12', '00:09.16', '00:09.20', '00:09.24', '00:09.28', '00:09.32', '00:09.36', '00:09.40', '00:09.44', '00:09.48', '00:09.52', '00:09.56', '00:09.60', '00:09.64', '00:09.68', '00:09.72', '00:09.76', '00:09.80', '00:09.84', '00:09.88', '00:09.92', '00:09.96', '00:10.00', '00:10.04', '00:10.08', '00:10.12', '00:10.16', '00:10.20', '00:10.24', '00:10.28', '00:10.32', '00:10.36', '00:10.40', '00:10.44', '00:10.48', '00:10.52', '00:10.56', '00:10.60', '00:10.64', '00:10.68', '00:10.72', '00:10.76', '00:10.80', '00:10.84', '00:10.88', '00:10.92', '00:10.96', '00:11.00', '00:11.04', '00:11.08', '00:11.12', '00:11.16', '00:11.20', '00:11.24', '00:11.28', '00:11.32', '00:11.36', '00:11.40', '00:11.44', '00:11.48', '00:11.52', '00:11.56', '00:11.60', '00:11.64', '00:11.68', '00:11.72', '00:11.76', '00:11.80', '00:11.84', '00:11.88', '00:11.92', '00:11.96', '00:12.00', '00:12.04', '00:12.08', '00:12.12', '00:12.16', '00:12.20', '00:12.24', '00:12.28', '00:12.32', '00:12.36', '00:12.40', '00:12.44', '00:12.48', '00:12.52', '00:12.56', '00:12.60', '00:12.64', '00:12.68', '00:12.72', '00:12.76', '00:12.80', '00:12.84', '00:12.88', '00:12.92', '00:12.96', '00:13.00', '00:13.04', '00:13.08', '00:13.12', '00:13.16', '00:13.20', '00:13.24', '00:13.28', '00:13.32', '00:13.36', '00:13.40', '00:13.44', '00:13.48', '00:13.52', '00:13.56', '00:13.60', '00:13.64', '00:13.68', '00:13.72', '00:13.76', '00:13.80', '00:13.84', '00:13.88', '00:13.92', '00:13.96', '00:14.00', '00:14.04', '00:14.08', '00:14.12', '00:14.16', '00:14.20', '00:14.24', '00:14.28', '00:14.32', '00:14.36', '00:14.40', '00:14.44', '00:14.48', '00:14.52', '00:14.56', '00:14.60', '00:14.64', '00:14.68', '00:14.72', '00:14.76', '00:14.80', '00:14.84', '00:14.88', '00:14.92', '00:14.96', '00:15.00', '00:15.04', '00:15.08', '00:15.12', '00:15.16', '00:15.20', '00:15.24', '00:15.28', '00:15.32', '00:15.36', '00:15.40', '00:15.44', '00:15.48', '00:15.52', '00:15.56', '00:15.60', '00:15.64', '00:15.68', '00:15.72', '00:15.76', '00:15.80', '00:15.84', '00:15.88', '00:15.92', '00:15.96', '00:16.00', '00:16.04', '00:16.08', '00:16.12', '00:16.16', '00:16.20', '00:16.24', '00:16.28', '00:16.32', '00:16.36', '00:16.40', '00:16.44', '00:16.48', '00:16.52', '00:16.56', '00:16.60', '00:16.64', '00:16.68', '00:16.72', '00:16.76', '00:16.80', '00:16.84', '00:16.88', '00:16.92', '00:16.96', '00:17.00', '00:17.04', '00:17.08', '00:17.12', '00:17.16', '00:17.20', '00:17.24', '00:17.28', '00:17.32', '00:17.36', '00:17.40', '00:17.44', '00:17.48', '00:17.52', '00:17.56', '00:17.60', '00:17.64', '00:17.68', '00:17.72', '00:17.76', '00:17.80', '00:17.84', '00:17.88', '00:17.92', '00:17.96', '00:18.00', '00:18.04', '00:18.08', '00:18.12', '00:18.16', '00:18.20', '00:18.24', '00:18.28', '00:18.32', '00:18.36', '00:18.40', '00:18.44', '00:18.48', '00:18.52', '00:18.56', '00:18.60', '00:18.64', '00:18.68', '00:18.72', '00:18.76', '00:18.80', '00:18.84', '00:18.88', '00:18.92', '00:18.96', '00:19.00', '00:19.04', '00:19.08', '00:19.12', '00:19.16', '00:19.20', '00:19.24', '00:19.28', '00:19.32', '00:19.36', '00:19.40', '00:19.44', '00:19.48', '00:19.52', '00:19.56', '00:19.60', '00:19.64', '00:19.68', '00:19.72', '00:19.76', '00:19.80', '00:19.84', '00:19.88', '00:19.92', '00:19.96', '00:20.00', '00:20.04', '00:20.08', '00:20.12', '00:20.16', '00:20.20', '00:20.24', '00:20.28', '00:20.32', '00:20.36', '00:20.40', '00:20.44', '00:20.48', '00:20.52', '00:20.56', '00:20.60', '00:20.64', '00:20.68', '00:20.72', '00:20.76', '00:20.80', '00:20.84', '00:20.88', '00:20.92', '00:20.96', '00:21.00', '00:21.04', '00:21.08', '00:21.12', '00:21.16', '00:21.20', '00:21.24', '00:21.28', '00:21.32', '00:21.36', '00:21.40', '00:21.44', '00:21.48', '00:21.52', '00:21.56', '00:21.60', '00:21.64', '00:21.68', '00:21.72', '00:21.76', '00:21.80', '00:21.84', '00:21.88', '00:21.92', '00:21.96', '00:22.00', '00:22.04', '00:22.08', '00:22.12', '00:22.16', '00:22.20', '00:22.24', '00:22.28', '00:22.32', '00:22.36', '00:22.40', '00:22.44', '00:22.48', '00:22.52', '00:22.56', '00:22.60', '00:22.64', '00:22.68', '00:22.72', '00:22.76', '00:22.80', '00:22.84', '00:22.88', '00:22.92', '00:22.96', '00:23.00', '00:23.04', '00:23.08', '00:23.12', '00:23.16', '00:23.20', '00:23.24', '00:23.28', '00:23.32', '00:23.36', '00:23.40', '00:23.44', '00:23.48', '00:23.52', '00:23.56', '00:23.60', '00:23.64', '00:23.68', '00:23.72', '00:23.76', '00:23.80', '00:23.84', '00:23.88', '00:23.92', '00:23.96', '00:24.00', '00:24.04', '00:24.08', '00:24.12', '00:24.16', '00:24.20', '00:24.24', '00:24.28', '00:24.32', '00:24.36', '00:24.40', '00:24.44', '00:24.48', '00:24.52', '00:24.56', '00:24.60', '00:24.64', '00:24.68', '00:24.72', '00:24.76', '00:24.80', '00:24.84', '00:24.88', '00:24.92', '00:24.96', '00:25.00', '00:25.04', '00:25.08', '00:25.12', '00:25.16', '00:25.20', '00:25.24', '00:25.28', '00:25.32', '00:25.36', '00:25.40', '00:25.44', '00:25.48', '00:25.52', '00:25.56', '00:25.60', '00:25.64', '00:25.68', '00:25.72', '00:25.76', '00:25.80', '00:25.84', '00:25.88', '00:25.92', '00:25.96', '00:26.00', '00:26.04', '00:26.08', '00:26.12', '00:26.16', '00:26.20', '00:26.24', '00:26.28', '00:26.32', '00:26.36', '00:26.40', '00:26.44', '00:26.48', '00:26.52', '00:26.56', '00:26.60', '00:26.64', '00:26.68', '00:26.72', '00:26.76', '00:26.80', '00:26.84', '00:26.88', '00:26.92', '00:26.96', '00:27.00', '00:27.04', '00:27.08', '00:27.12', '00:27.16', '00:27.20', '00:27.24', '00:27.28', '00:27.32', '00:27.36', '00:27.40', '00:27.44', '00:27.48', '00:27.52', '00:27.56', '00:27.60', '00:27.64', '00:27.68', '00:27.72', '00:27.76', '00:27.80', '00:27.84', '00:27.88', '00:27.92', '00:27.96', '00:28.00', '00:28.04', '00:28.08', '00:28.12', '00:28.16', '00:28.20', '00:28.24', '00:28.28', '00:28.32', '00:28.36', '00:28.40', '00:28.44', '00:28.48', '00:28.52', '00:28.56', '00:28.60', '00:28.64', '00:28.68', '00:28.72', '00:28.76', '00:28.80', '00:28.84', '00:28.88', '00:28.92', '00:28.96', '00:29.00', '00:29.04', '00:29.08', '00:29.12', '00:29.16', '00:29.20', '00:29.24', '00:29.28', '00:29.32', '00:29.36', '00:29.40', '00:29.44', '00:29.48', '00:29.52', '00:29.56', '00:29.60', '00:29.64', '00:29.68', '00:29.72', '00:29.76', '00:29.80', '00:29.84', '00:29.88', '00:29.92', '00:29.96', '00:30.00', '00:30.04', '00:30.08', '00:30.12', '00:30.16', '00:30.20', '00:30.24', '00:30.28', '00:30.32', '00:30.36', '00:30.40', '00:30.44', '00:30.48', '00:30.52', '00:30.56', '00:30.60', '00:30.64', '00:30.68', '00:30.72', '00:30.76', '00:30.80', '00:30.84', '00:30.88', '00:30.92', '00:30.96', '00:31.00', '00:31.04', '00:31.08', '00:31.12', '00:31.16', '00:31.20', '00:31.24', '00:31.28', '00:31.32', '00:31.36', '00:31.40', '00:31.44', '00:31.48', '00:31.52', '00:31.56', '00:31.60', '00:31.64', '00:31.68', '00:31.72', '00:31.76', '00:31.80', '00:31.84', '00:31.88', '00:31.92', '00:31.96', '00:32.00', '00:32.04', '00:32.08', '00:32.12', '00:32.16', '00:32.20', '00:32.24', '00:32.28', '00:32.32', '00:32.36', '00:32.40', '00:32.44', '00:32.48', '00:32.52', '00:32.56', '00:32.60', '00:32.64', '00:32.68', '00:32.72', '00:32.76', '00:32.80', '00:32.84', '00:32.88', '00:32.92', '00:32.96', '00:33.00', '00:33.04', '00:33.08', '00:33.12', '00:33.16', '00:33.20', '00:33.24', '00:33.28', '00:33.32', '00:33.36', '00:33.40', '00:33.44', '00:33.48', '00:33.52', '00:33.56', '00:33.60', '00:33.64', '00:33.68', '00:33.72', '00:33.76', '00:33.80', '00:33.84', '00:33.88', '00:33.92', '00:33.96', '00:34.00', '00:34.04', '00:34.08', '00:34.12', '00:34.16', '00:34.20', '00:34.24', '00:34.28', '00:34.32', '00:34.36', '00:34.40', '00:34.44', '00:34.48', '00:34.52', '00:34.56', '00:34.60', '00:34.64', '00:34.68', '00:34.72', '00:34.76', '00:34.80', '00:34.84', '00:34.88', '00:34.92', '00:34.96', '00:35.00', '00:35.04', '00:35.08', '00:35.12', '00:35.16', '00:35.20', '00:35.24', '00:35.28', '00:35.32', '00:35.36', '00:35.40', '00:35.44', '00:35.48', '00:35.52', '00:35.56', '00:35.60', '00:35.64', '00:35.68', '00:35.72', '00:35.76', '00:35.80', '00:35.84', '00:35.88', '00:35.92', '00:35.96', '00:36.00', '00:36.04', '00:36.08', '00:36.12', '00:36.16', '00:36.20', '00:36.24', '00:36.28', '00:36.32', '00:36.36', '00:36.40', '00:36.44', '00:36.48', '00:36.52', '00:36.56', '00:36.60', '00:36.64', '00:36.68', '00:36.72', '00:36.76', '00:36.80', '00:36.84', '00:36.88', '00:36.92', '00:36.96', '00:37.00', '00:37.04', '00:37.08', '00:37.12', '00:37.16', '00:37.20', '00:37.24', '00:37.28', '00:37.32', '00:37.36', '00:37.40', '00:37.44', '00:37.48', '00:37.52', '00:37.56', '00:37.60', '00:37.64', '00:37.68', '00:37.72', '00:37.76', '00:37.80', '00:37.84', '00:37.88', '00:37.92', '00:37.96', '00:38.00', '00:38.04', '00:38.08', '00:38.12', '00:38.16', '00:38.20', '00:38.24', '00:38.28', '00:38.32', '00:38.36', '00:38.40', '00:38.44', '00:38.48', '00:38.52', '00:38.56', '00:38.60', '00:38.64', '00:38.68', '00:38.72', '00:38.76', '00:38.80', '00:38.84', '00:38.88', '00:38.92', '00:38.96', '00:39.00', '00:39.04', '00:39.08', '00:39.12', '00:39.16', '00:39.20', '00:39.24', '00:39.28', '00:39.32', '00:39.36', '00:39.40', '00:39.44', '00:39.48', '00:39.52', '00:39.56', '00:39.60', '00:39.64', '00:39.68', '00:39.72', '00:39.76', '00:39.80', '00:39.84', '00:39.88', '00:39.92', '00:39.96', '00:40.00', '00:40.04', '00:40.08', '00:40.12', '00:40.16', '00:40.20', '00:40.24', '00:40.28', '00:40.32', '00:40.36', '00:40.40', '00:40.44', '00:40.48', '00:40.52', '00:40.56', '00:40.60', '00:40.64', '00:40.68', '00:40.72', '00:40.76', '00:40.80', '00:40.84', '00:40.88', '00:40.92', '00:40.96', '00:41.00', '00:41.04', '00:41.08', '00:41.12', '00:41.16', '00:41.20', '00:41.24', '00:41.28', '00:41.32', '00:41.36', '00:41.40', '00:41.44', '00:41.48', '00:41.52', '00:41.56', '00:41.60', '00:41.64', '00:41.68', '00:41.72', '00:41.76', '00:41.80', '00:41.84', '00:41.88', '00:41.92', '00:41.96', '00:42.00', '00:42.04', '00:42.08', '00:42.12', '00:42.16', '00:42.20', '00:42.24', '00:42.28', '00:42.32', '00:42.36', '00:42.40', '00:42.44', '00:42.48', '00:42.52', '00:42.56', '00:42.60', '00:42.64', '00:42.68', '00:42.72', '00:42.76', '00:42.80', '00:42.84', '00:42.88', '00:42.92', '00:42.96', '00:43.00', '00:43.04', '00:43.08', '00:43.12', '00:43.16', '00:43.20', '00:43.24', '00:43.28', '00:43.32', '00:43.36', '00:43.40', '00:43.44', '00:43.48', '00:43.52', '00:43.56', '00:43.60', '00:43.64', '00:43.68', '00:43.72', '00:43.76', '00:43.80', '00:43.84', '00:43.88', '00:43.92', '00:43.96', '00:44.00', '00:44.04', '00:44.08', '00:44.12', '00:44.16', '00:44.20', '00:44.24', '00:44.28', '00:44.32', '00:44.36', '00:44.40', '00:44.44', '00:44.48', '00:44.52', '00:44.56', '00:44.60', '00:44.64', '00:44.68', '00:44.72', '00:44.76', '00:44.80', '00:44.84', '00:44.88', '00:44.92', '00:44.96', '00:45.00', '00:45.04', '00:45.08', '00:45.12', '00:45.16', '00:45.20', '00:45.24', '00:45.28', '00:45.32', '00:45.36', '00:45.40', '00:45.44', '00:45.48', '00:45.52', '00:45.56', '00:45.60', '00:45.64', '00:45.68', '00:45.72', '00:45.76', '00:45.80', '00:45.84', '00:45.88', '00:45.92', '00:45.96', '00:46.00', '00:46.04', '00:46.08', '00:46.12', '00:46.16', '00:46.20', '00:46.24', '00:46.28', '00:46.32', '00:46.36', '00:46.40', '00:46.44', '00:46.48', '00:46.52', '00:46.56', '00:46.60', '00:46.64', '00:46.68', '00:46.72', '00:46.76', '00:46.80', '00:46.84', '00:46.88', '00:46.92', '00:46.96', '00:47.00', '00:47.04', '00:47.08', '00:47.12', '00:47.16', '00:47.20', '00:47.24', '00:47.28', '00:47.32', '00:47.36', '00:47.40', '00:47.44', '00:47.48', '00:47.52', '00:47.56', '00:47.60', '00:47.64', '00:47.68', '00:47.72', '00:47.76', '00:47.80', '00:47.84', '00:47.88', '00:47.92', '00:47.96', '00:48.00', '00:48.04', '00:48.08', '00:48.12', '00:48.16', '00:48.20', '00:48.24', '00:48.28', '00:48.32', '00:48.36', '00:48.40', '00:48.44', '00:48.48', '00:48.52', '00:48.56', '00:48.60', '00:48.64', '00:48.68', '00:48.72', '00:48.76', '00:48.80', '00:48.84', '00:48.88', '00:48.92', '00:48.96', '00:49.00', '00:49.04', '00:49.08', '00:49.12', '00:49.16', '00:49.20', '00:49.24', '00:49.28', '00:49.32', '00:49.36', '00:49.40', '00:49.44', '00:49.48', '00:49.52', '00:49.56', '00:49.60', '00:49.64', '00:49.68', '00:49.72', '00:49.76', '00:49.80', '00:49.84', '00:49.88', '00:49.92', '00:49.96', '00:50.00', '00:50.04', '00:50.08', '00:50.12', '00:50.16', '00:50.20', '00:50.24', '00:50.28', '00:50.32', '00:50.36', '00:50.40', '00:50.44', '00:50.48', '00:50.52', '00:50.56', '00:50.60', '00:50.64', '00:50.68', '00:50.72', '00:50.76', '00:50.80', '00:50.84', '00:50.88', '00:50.92', '00:50.96', '00:51.00', '00:51.04', '00:51.08', '00:51.12', '00:51.16', '00:51.20', '00:51.24', '00:51.28', '00:51.32', '00:51.36', '00:51.40', '00:51.44', '00:51.48', '00:51.52', '00:51.56', '00:51.60', '00:51.64', '00:51.68', '00:51.72', '00:51.76', '00:51.80', '00:51.84', '00:51.88', '00:51.92', '00:51.96', '00:52.00', '00:52.04', '00:52.08', '00:52.12', '00:52.16', '00:52.20', '00:52.24', '00:52.28', '00:52.32', '00:52.36', '00:52.40', '00:52.44', '00:52.48', '00:52.52', '00:52.56', '00:52.60', '00:52.64', '00:52.68', '00:52.72', '00:52.76', '00:52.80', '00:52.84', '00:52.88', '00:52.92', '00:52.96', '00:53.00', '00:53.04', '00:53.08', '00:53.12', '00:53.16', '00:53.20', '00:53.24', '00:53.28', '00:53.32', '00:53.36', '00:53.40', '00:53.44', '00:53.48', '00:53.52', '00:53.56', '00:53.60', '00:53.64', '00:53.68', '00:53.72', '00:53.76', '00:53.80', '00:53.84', '00:53.88', '00:53.92', '00:53.96', '00:54.00', '00:54.04', '00:54.08', '00:54.12', '00:54.16', '00:54.20', '00:54.24', '00:54.28', '00:54.32', '00:54.36', '00:54.40', '00:54.44', '00:54.48', '00:54.52', '00:54.56', '00:54.60', '00:54.64', '00:54.68', '00:54.72', '00:54.76', '00:54.80', '00:54.84', '00:54.88', '00:54.92', '00:54.96', '00:55.00', '00:55.04', '00:55.08', '00:55.12', '00:55.16', '00:55.20', '00:55.24', '00:55.28', '00:55.32', '00:55.36', '00:55.40', '00:55.44', '00:55.48', '00:55.52', '00:55.56', '00:55.60', '00:55.64', '00:55.68', '00:55.72', '00:55.76', '00:55.80', '00:55.84', '00:55.88', '00:55.92', '00:55.96', '00:56.00', '00:56.04', '00:56.08', '00:56.12', '00:56.16', '00:56.20', '00:56.24', '00:56.28', '00:56.32', '00:56.36', '00:56.40', '00:56.44', '00:56.48', '00:56.52', '00:56.56', '00:56.60', '00:56.64', '00:56.68', '00:56.72', '00:56.76', '00:56.80', '00:56.84', '00:56.88', '00:56.92', '00:56.96', '00:57.00', '00:57.04', '00:57.08', '00:57.12', '00:57.16', '00:57.20', '00:57.24', '00:57.28', '00:57.32', '00:57.36', '00:57.40', '00:57.44', '00:57.48', '00:57.52', '00:57.56', '00:57.60', '00:57.64', '00:57.68', '00:57.72', '00:57.76', '00:57.80', '00:57.84', '00:57.88', '00:57.92', '00:57.96', '00:58.00', '00:58.04', '00:58.08', '00:58.12', '00:58.16', '00:58.20', '00:58.24', '00:58.28', '00:58.32', '00:58.36', '00:58.40', '00:58.44', '00:58.48', '00:58.52', '00:58.56', '00:58.60', '00:58.64', '00:58.68', '00:58.72', '00:58.76', '00:58.80', '00:58.84', '00:58.88', '00:58.92', '00:58.96', '00:59.00', '00:59.04', '00:59.08', '00:59.12', '00:59.16', '00:59.20', '00:59.24', '00:59.28', '00:59.32', '00:59.36', '00:59.40', '00:59.44', '00:59.48', '00:59.52', '00:59.56', '00:59.60', '00:59.64', '00:59.68', '00:59.72', '00:59.76', '00:59.80', '00:59.84', '00:59.88', '00:59.92', '00:59.96', '01:00.00', '01:00.04', '01:00.08', '01:00.12', '01:00.16', '01:00.20', '01:00.24', '01:00.28', '01:00.32', '01:00.36', '01:00.40', '01:00.44', '01:00.48', '01:00.52', '01:00.56', '01:00.60', '01:00.64', '01:00.68', '01:00.72', '01:00.76', '01:00.80', '01:00.84', '01:00.88', '01:00.92', '01:00.96', '01:01.00', '01:01.04', '01:01.08', '01:01.12', '01:01.16', '01:01.20', '01:01.24', '01:01.28', '01:01.32', '01:01.36', '01:01.40', '01:01.44', '01:01.48', '01:01.52', '01:01.56', '01:01.60', '01:01.64', '01:01.68', '01:01.72', '01:01.76', '01:01.80', '01:01.84', '01:01.88', '01:01.92', '01:01.96', '01:02.00', '01:02.04', '01:02.08', '01:02.12', '01:02.16', '01:02.20', '01:02.24', '01:02.28', '01:02.32', '01:02.36', '01:02.40', '01:02.44', '01:02.48', '01:02.52', '01:02.56', '01:02.60', '01:02.64', '01:02.68', '01:02.72', '01:02.76', '01:02.80', '01:02.84', '01:02.88', '01:02.92', '01:02.96', '01:03.00', '01:03.04', '01:03.08', '01:03.12', '01:03.16', '01:03.20', '01:03.24', '01:03.28', '01:03.32', '01:03.36', '01:03.40', '01:03.44', '01:03.48', '01:03.52', '01:03.56', '01:03.60', '01:03.64', '01:03.68', '01:03.72', '01:03.76', '01:03.80', '01:03.84', '01:03.88', '01:03.92', '01:03.96', '01:04.00', '01:04.04', '01:04.08', '01:04.12', '01:04.16', '01:04.20', '01:04.24', '01:04.28', '01:04.32', '01:04.36', '01:04.40', '01:04.44', '01:04.48', '01:04.52', '01:04.56', '01:04.60', '01:04.64', '01:04.68', '01:04.72', '01:04.76', '01:04.80', '01:04.84', '01:04.88', '01:04.92', '01:04.96', '01:05.00', '01:05.04', '01:05.08', '01:05.12', '01:05.16', '01:05.20', '01:05.24', '01:05.28', '01:05.32', '01:05.36', '01:05.40', '01:05.44', '01:05.48', '01:05.52', '01:05.56', '01:05.60', '01:05.64', '01:05.68', '01:05.72', '01:05.76', '01:05.80', '01:05.84', '01:05.88', '01:05.92', '01:05.96', '01:06.00', '01:06.04', '01:06.08', '01:06.12', '01:06.16', '01:06.20', '01:06.24', '01:06.28', '01:06.32', '01:06.36', '01:06.40', '01:06.44', '01:06.48', '01:06.52', '01:06.56', '01:06.60', '01:06.64', '01:06.68', '01:06.72', '01:06.76', '01:06.80', '01:06.84', '01:06.88', '01:06.92', '01:06.96', '01:07.00', '01:07.04', '01:07.08', '01:07.12', '01:07.16', '01:07.20', '01:07.24', '01:07.28', '01:07.32', '01:07.36', '01:07.40', '01:07.44', '01:07.48', '01:07.52', '01:07.56', '01:07.60', '01:07.64', '01:07.68', '01:07.72', '01:07.76', '01:07.80', '01:07.84', '01:07.88', '01:07.92', '01:07.96', '01:08.00', '01:08.04', '01:08.08', '01:08.12', '01:08.16', '01:08.20', '01:08.24', '01:08.28', '01:08.32', '01:08.36', '01:08.40', '01:08.44', '01:08.48', '01:08.52', '01:08.56', '01:08.60', '01:08.64', '01:08.68', '01:08.72', '01:08.76', '01:08.80', '01:08.84', '01:08.88', '01:08.92', '01:08.96', '01:09.00', '01:09.04', '01:09.08', '01:09.12', '01:09.16', '01:09.20', '01:09.24', '01:09.28', '01:09.32', '01:09.36', '01:09.40', '01:09.44', '01:09.48', '01:09.52', '01:09.56', '01:09.60', '01:09.64', '01:09.68', '01:09.72', '01:09.76', '01:09.80', '01:09.84', '01:09.88', '01:09.92', '01:09.96', '01:10.00', '01:10.04', '01:10.08', '01:10.12', '01:10.16', '01:10.20', '01:10.24', '01:10.28', '01:10.32', '01:10.36', '01:10.40', '01:10.44', '01:10.48', '01:10.52', '01:10.56', '01:10.60', '01:10.64', '01:10.68', '01:11.08', '01:11.12', '01:11.16', '01:11.20', '01:11.24', '01:11.28', '01:11.32', '01:11.36', '01:11.40', '01:11.44', '01:11.48', '01:11.52', '01:11.56', '01:11.60', '01:11.64', '01:11.68', '01:11.72', '01:11.76', '01:11.80', '01:11.84', '01:11.88', '01:11.92', '01:11.96', '01:12.00', '01:12.04', '01:12.08', '01:12.12', '01:12.16', '01:12.20', '01:12.24', '01:12.28', '01:12.32', '01:12.36', '01:12.40', '01:12.44', '01:12.48', '01:12.52', '01:12.56', '01:12.60', '01:12.64', '01:12.68', '01:12.72', '01:12.76', '01:12.80', '01:12.84', '01:12.88', '01:12.92', '01:12.96', '01:13.00', '01:13.04', '01:13.08', '01:13.12', '01:13.16', '01:13.20', '01:13.24', '01:13.28', '01:13.32', '01:13.36', '01:13.40', '01:13.44', '01:13.48', '01:13.52', '01:13.56', '01:13.60', '01:13.64', '01:13.68', '01:13.72', '01:13.76', '01:13.80', '01:13.84', '01:13.88', '01:13.92', '01:13.96', '01:14.00', '01:14.04', '01:14.08', '01:14.12', '01:14.16', '01:14.20', '01:14.24', '01:14.28', '01:14.32', '01:14.36', '01:14.40', '01:14.44', '01:14.48', '01:14.52', '01:14.56', '01:14.60', '01:14.64', '01:14.68', '01:14.72', '01:14.76', '01:14.80', '01:14.84', '01:14.88', '01:14.92', '01:14.96', '01:15.00', '01:15.04', '01:15.08', '01:15.12', '01:15.16', '01:15.20', '01:15.24', '01:15.28', '01:15.32', '01:15.36', '01:15.40', '01:15.44', '01:15.48', '01:15.52', '01:15.56', '01:15.60', '01:15.64', '01:15.68', '01:15.72', '01:15.76', '01:15.80', '01:15.84', '01:15.88', '01:15.92', '01:15.96', '01:16.00', '01:16.04', '01:16.08', '01:16.12', '01:16.16', '01:16.20', '01:16.24', '01:16.28', '01:16.32', '01:16.36', '01:16.40', '01:16.44', '01:16.48', '01:16.52', '01:16.56', '01:16.60', '01:16.64', '01:16.68', '01:16.72', '01:16.76', '01:16.80', '01:16.84', '01:16.88', '01:16.92', '01:16.96', '01:17.00', '01:17.04', '01:17.08', '01:17.12', '01:17.16', '01:17.20', '01:17.24', '01:17.28', '01:17.32', '01:17.36', '01:17.40', '01:17.44', '01:17.48', '01:17.52', '01:17.56', '01:17.60', '01:17.64', '01:17.68', '01:17.72', '01:17.76', '01:17.80', '01:17.84', '01:17.88', '01:17.92', '01:17.96', '01:18.00', '01:18.04', '01:18.08', '01:18.12', '01:18.16', '01:18.20', '01:18.24', '01:18.28', '01:18.32', '01:18.36', '01:18.40', '01:18.44', '01:18.48', '01:18.52', '01:18.56', '01:18.60', '01:18.64', '01:18.68', '01:18.72', '01:18.76', '01:18.80', '01:18.84', '01:18.88', '01:18.92', '01:18.96', '01:19.00', '01:19.04', '01:19.08', '01:19.12', '01:19.16', '01:19.20', '01:19.24', '01:19.28', '01:19.32', '01:19.36', '01:19.40', '01:19.44', '01:19.48', '01:19.52', '01:19.56', '01:19.60', '01:19.64', '01:19.68', '01:19.72', '01:19.76', '01:19.80', '01:19.84', '01:19.88', '01:19.92', '01:19.96', '01:20.00', '01:20.04', '01:20.08', '01:20.12', '01:20.16', '01:20.20', '01:20.24', '01:20.28', '01:20.32', '01:20.36', '01:20.40', '01:20.44', '01:20.48', '01:20.52', '01:20.56', '01:20.60', '01:20.64', '01:20.68', '01:20.72', '01:20.76', '01:20.80', '01:20.84', '01:20.88', '01:20.92', '01:20.96', '01:21.00', '01:21.04', '01:21.08', '01:21.12', '01:21.16', '01:21.20', '01:21.24', '01:21.28', '01:21.32', '01:21.36', '01:21.40', '01:21.44', '01:21.48', '01:21.52', '01:21.56', '01:21.60', '01:21.64', '01:21.68', '01:21.72', '01:21.76', '01:21.80', '01:21.84', '01:21.88', '01:21.92', '01:21.96', '01:22.00', '01:22.04', '01:22.08', '01:22.12', '01:22.16', '01:22.20', '01:22.24', '01:22.28', '01:22.32', '01:22.36', '01:22.40', '01:22.44', '01:22.48', '01:22.52', '01:22.56', '01:22.60', '01:22.64', '01:22.68', '01:22.72', '01:22.76', '01:22.92', '01:22.96', '01:23.00', '01:23.04', '01:23.08', '01:23.12', '01:23.16', '01:23.20', '01:23.24', '01:23.28', '01:23.32', '01:23.36', '01:23.40', '01:23.44', '01:23.48', '01:23.52', '01:23.56', '01:23.60', '01:23.64', '01:23.68', '01:23.72', '01:23.76', '01:23.80', '01:23.84', '01:23.88', '01:23.92', '01:23.96', '01:24.00', '01:24.04', '01:24.08', '01:24.12', '01:24.16', '01:24.20', '01:24.24', '01:24.28', '01:24.32', '01:24.36', '01:24.40', '01:24.44', '01:24.48', '01:24.52', '01:24.56', '01:24.60', '01:24.64', '01:24.68', '01:24.72', '01:24.76', '01:24.80', '01:24.84', '01:24.88', '01:24.92', '01:24.96', '01:25.00', '01:25.04', '01:25.08', '01:25.12', '01:25.16', '01:25.20', '01:25.24', '01:25.28', '01:25.32', '01:25.36', '01:25.40', '01:25.44', '01:25.48', '01:25.52', '01:25.56', '01:25.60', '01:25.64', '01:25.68', '01:25.72', '01:25.76', '01:25.80', '01:25.84', '01:25.88', '01:25.92', '01:25.96', '01:26.00', '01:26.04', '01:26.08', '01:26.12', '01:26.16', '01:26.20', '01:26.24', '01:26.28', '01:26.32', '01:26.36', '01:26.40', '01:26.44', '01:26.48', '01:26.52', '01:26.56', '01:26.60', '01:26.64', '01:26.68', '01:26.72', '01:26.76', '01:26.80', '01:26.84', '01:26.88', '01:26.92', '01:26.96', '01:27.00', '01:27.04', '01:27.08', '01:27.12', '01:27.16', '01:27.20', '01:27.24', '01:27.28', '01:27.32', '01:27.36', '01:27.40', '01:27.44', '01:27.48', '01:27.52', '01:27.56', '01:27.60', '01:27.64', '01:27.68', '01:27.72', '01:27.76', '01:27.80', '01:27.84', '01:27.88', '01:27.92', '01:27.96', '01:28.00', '01:28.04', '01:28.08', '01:28.12', '01:28.16', '01:28.20', '01:28.24', '01:28.28', '01:28.32', '01:28.36', '01:28.40', '01:28.44', '01:28.48', '01:28.52', '01:28.56', '01:28.60', '01:28.64', '01:28.68', '01:28.72', '01:28.76', '01:28.80', '01:28.84', '01:28.88', '01:28.92', '01:28.96', '01:29.00', '01:29.04', '01:29.08', '01:29.12', '01:29.16', '01:29.20', '01:29.24', '01:29.28', '01:29.32', '01:29.36', '01:29.40', '01:29.44', '01:29.48', '01:29.52', '01:29.56', '01:29.60', '01:29.64', '01:29.68', '01:29.72', '01:29.76', '01:29.80', '01:29.84', '01:29.88', '01:29.92', '01:29.96', '01:30.00', '01:30.04', '01:30.08', '01:30.12', '01:30.16', '01:30.20', '01:30.24', '01:30.28', '01:30.32', '01:30.36', '01:30.40', '01:30.44', '01:30.48', '01:30.52', '01:30.56', '01:30.60', '01:30.64', '01:30.68', '01:30.72', '01:30.76', '01:30.80', '01:30.84', '01:30.88', '01:30.92', '01:30.96', '01:31.00', '01:31.04', '01:31.08', '01:31.12', '01:31.16', '01:31.20', '01:31.24', '01:31.28', '01:31.32', '01:31.36', '01:31.40', '01:31.44', '01:31.48', '01:31.52', '01:31.56', '01:31.60', '01:31.64', '01:31.68', '01:31.72', '01:31.76', '01:31.80', '01:31.84', '01:31.88', '01:31.92', '01:31.96', '01:32.00', '01:32.04', '01:32.08', '01:32.12', '01:32.16', '01:32.20', '01:32.24', '01:32.28', '01:32.32', '01:32.36', '01:32.40', '01:32.44', '01:32.48', '01:32.52', '01:32.56', '01:32.60', '01:32.64', '01:32.68', '01:32.72', '01:32.76', '01:32.80', '01:32.84', '01:32.88', '01:32.92', '01:32.96', '01:33.00', '01:33.04', '01:33.08', '01:33.12', '01:33.16', '01:33.20', '01:33.24', '01:33.28', '01:33.32', '01:33.36', '01:33.40', '01:33.44', '01:33.48', '01:33.52', '01:33.56', '01:33.60', '01:33.64', '01:33.68', '01:33.72', '01:33.76', '01:33.80', '01:33.84', '01:33.88', '01:33.92', '01:33.96', '01:34.00', '01:34.04', '01:34.08', '01:34.12', '01:34.16', '01:34.20', '01:34.24', '01:34.28', '01:34.32', '01:34.36', '01:34.40', '01:34.44', '01:34.48', '01:34.52', '01:34.56', '01:34.60', '01:34.64', '01:34.68', '01:34.72', '01:34.76', '01:34.80', '01:34.84', '01:34.88', '01:34.92', '01:34.96', '01:35.00', '01:35.04', '01:35.08', '01:35.12', '01:35.16', '01:35.20', '01:35.24', '01:35.28', '01:35.32', '01:35.36', '01:35.40', '01:35.44', '01:35.48', '01:35.52', '01:35.56', '01:35.60', '01:35.64', '01:35.68', '01:35.72', '01:35.76', '01:35.80', '01:35.84', '01:35.88', '01:35.92', '01:35.96', '01:36.00', '01:36.04', '01:36.08', '01:36.12', '01:36.16', '01:36.20', '01:36.24', '01:36.28', '01:36.32', '01:36.36', '01:36.40', '01:36.44', '01:36.48', '01:36.52', '01:36.56', '01:36.60', '01:36.64', '01:36.68', '01:36.72', '01:36.76', '01:36.80', '01:36.84', '01:36.88', '01:36.92', '01:36.96', '01:37.00', '01:37.04', '01:37.08', '01:37.12', '01:37.16', '01:37.20', '01:37.24', '01:37.28', '01:37.32', '01:37.36', '01:37.40', '01:37.44', '01:37.48', '01:37.52', '01:37.56', '01:37.60', '01:37.64', '01:37.68', '01:37.72', '01:37.76', '01:37.80', '01:37.84', '01:37.88', '01:37.92', '01:37.96', '01:38.00', '01:38.04', '01:38.08', '01:38.12', '01:38.16', '01:38.20', '01:38.24', '01:38.28', '01:38.32', '01:38.36', '01:38.40', '01:38.44', '01:38.48', '01:38.52', '01:38.56', '01:38.60', '01:38.64', '01:38.68', '01:38.72', '01:38.76', '01:38.80', '01:38.84', '01:38.88', '01:38.92', '01:38.96', '01:39.00', '01:39.04', '01:39.08', '01:39.12', '01:39.16', '01:39.20', '01:39.24', '01:39.28', '01:39.32', '01:39.36', '01:39.40', '01:39.44', '01:39.48', '01:39.52', '01:39.56', '01:39.60', '01:39.64', '01:39.68', '01:39.72', '01:39.76', '01:39.80', '01:39.84', '01:39.88', '01:39.92', '01:39.96', '01:40.00', '01:40.04', '01:40.08', '01:40.12', '01:40.16', '01:40.20', '01:40.24', '01:40.28', '01:40.32', '01:40.36', '01:40.40', '01:40.44', '01:40.48', '01:40.52', '01:40.56', '01:40.60', '01:40.64', '01:40.68', '01:40.72', '01:40.76', '01:40.80', '01:40.84', '01:40.88', '01:40.92', '01:40.96', '01:41.00', '01:41.04', '01:41.08', '01:41.12', '01:41.16', '01:41.20', '01:41.24', '01:41.28', '01:41.32', '01:41.36', '01:41.40', '01:41.44', '01:41.48', '01:41.52', '01:41.56', '01:41.60', '01:41.64', '01:41.68', '01:41.72', '01:41.76', '01:41.80', '01:41.84', '01:41.88', '01:41.92', '01:41.96', '01:42.00', '01:42.04', '01:42.08', '01:42.12', '01:42.16', '01:42.20', '01:42.24', '01:42.28', '01:42.32', '01:42.36', '01:42.40', '01:42.44', '01:42.48', '01:42.52', '01:42.56', '01:42.60', '01:42.64', '01:42.68', '01:42.72', '01:42.76', '01:42.80', '01:42.84', '01:42.88', '01:42.92', '01:42.96', '01:43.00', '01:43.04', '01:43.08', '01:43.12', '01:43.16', '01:43.20', '01:43.24', '01:43.28', '01:43.32', '01:43.36', '01:43.40', '01:43.44', '01:43.48', '01:43.52', '01:43.56', '01:43.60', '01:43.64', '01:43.68', '01:43.72', '01:43.76', '01:43.80', '01:43.84', '01:43.88', '01:43.92', '01:43.96', '01:44.00', '01:44.04', '01:44.08', '01:44.12', '01:44.16', '01:44.20', '01:44.24', '01:44.28', '01:44.32', '01:44.36', '01:44.40', '01:44.44', '01:44.48', '01:44.52', '01:44.56', '01:44.60', '01:44.64', '01:44.68', '01:44.72', '01:44.76', '01:44.80', '01:44.84', '01:44.88', '01:44.92', '01:44.96', '01:45.00', '01:45.04', '01:45.08', '01:45.12', '01:45.16', '01:45.20', '01:45.24', '01:45.28', '01:45.32', '01:45.36', '01:45.40', '01:45.44', '01:45.48', '01:45.52', '01:45.56', '01:45.60', '01:45.64', '01:45.68', '01:45.72', '01:45.76', '01:45.80', '01:45.84', '01:45.88', '01:45.92', '01:45.96', '01:46.00', '01:46.04', '01:46.08', '01:46.12', '01:46.16', '01:46.20', '01:46.24', '01:46.28', '01:46.32', '01:46.36', '01:46.40', '01:46.44', '01:46.48', '01:46.52', '01:46.56', '01:46.60', '01:46.64', '01:46.68', '01:46.72', '01:46.76', '01:46.80', '01:46.84', '01:46.88', '01:46.92', '01:46.96', '01:47.00', '01:47.04', '01:47.08', '01:47.12', '01:47.16', '01:47.20', '01:47.24', '01:47.28', '01:47.32', '01:47.36', '01:47.40', '01:47.44', '01:47.48', '01:47.52', '01:47.56', '01:47.60', '01:47.64', '01:47.68', '01:47.72', '01:47.76', '01:47.80', '01:47.84', '01:47.88', '01:47.92', '01:47.96', '01:48.00', '01:48.04', '01:48.08', '01:48.12', '01:48.16', '01:48.20', '01:48.24', '01:48.28', '01:48.32', '01:48.36', '01:48.40', '01:48.44', '01:48.48', '01:48.52', '01:48.56', '01:48.60', '01:48.64', '01:48.68', '01:48.72', '01:48.76', '01:48.80', '01:48.84', '01:48.88', '01:48.92', '01:48.96', '01:49.00', '01:49.04', '01:49.08', '01:49.12', '01:49.16', '01:49.20', '01:49.24', '01:49.28', '01:49.32', '01:49.36', '01:49.40', '01:49.44', '01:49.48', '01:49.52', '01:49.56', '01:49.60', '01:49.64', '01:49.68', '01:49.72', '01:49.76', '01:49.80', '01:49.84', '01:49.88', '01:49.92', '01:49.96', '01:50.00', '01:50.04', '01:50.08', '01:50.12', '01:50.16', '01:50.20', '01:50.24', '01:50.28', '01:50.32', '01:50.36', '01:50.40', '01:50.44', '01:50.48', '01:50.52', '01:50.56', '01:50.60', '01:50.64', '01:50.68', '01:50.72', '01:50.76', '01:50.80', '01:50.84', '01:50.88', '01:50.92', '01:50.96', '01:51.00', '01:51.04', '01:51.08', '01:51.12', '01:51.16', '01:51.20', '01:51.24', '01:51.28', '01:51.32', '01:51.36', '01:51.40', '01:51.44', '01:51.48', '01:51.52', '01:51.56', '01:51.60', '01:51.64', '01:51.68', '01:51.72', '01:51.76', '01:51.80', '01:51.84', '01:51.88', '01:51.92', '01:51.96', '01:52.00', '01:52.04', '01:52.08', '01:52.12', '01:52.16', '01:52.20', '01:52.24', '01:52.28', '01:52.32', '01:52.36', '01:52.40', '01:52.44', '01:52.48', '01:52.52', '01:52.56', '01:52.60', '01:52.64', '01:52.68', '01:52.72', '01:52.76', '01:52.80', '01:52.84', '01:52.88', '01:52.92', '01:52.96', '01:53.00', '01:53.04', '01:53.08', '01:53.12', '01:53.16', '01:53.20', '01:53.24', '01:53.28', '01:53.32', '01:53.36', '01:53.40', '01:53.44', '01:53.48', '01:53.52', '01:53.56', '01:53.60', '01:53.64', '01:53.68', '01:53.72', '01:53.76', '01:53.80', '01:53.84', '01:53.88', '01:53.92', '01:53.96', '01:54.00', '01:54.04', '01:54.08', '01:54.12', '01:54.16', '01:54.20', '01:54.24', '01:54.28', '01:54.32', '01:54.36', '01:54.40', '01:54.44', '01:54.48', '01:54.52', '01:54.56', '01:54.60', '01:54.64', '01:54.68', '01:54.72', '01:54.76', '01:54.80', '01:54.84', '01:54.88', '01:54.92', '01:54.96', '01:55.00', '01:55.04', '01:55.08', '01:55.12', '01:55.16', '01:55.20', '01:55.24', '01:55.28', '01:55.32', '01:55.36', '01:55.40', '01:55.44', '01:55.48', '01:55.52', '01:55.56', '01:55.60', '01:55.64', '01:55.68', '01:55.72', '01:55.76', '01:55.80', '01:55.84', '01:55.88', '01:55.92', '01:55.96', '01:56.00', '01:56.04', '01:56.08', '01:56.12', '01:56.16', '01:56.20', '01:56.24', '01:56.28', '01:56.32', '01:56.36', '01:56.40', '01:56.44', '01:56.48', '01:56.52', '01:56.56', '01:56.60', '01:56.64', '01:56.68', '01:56.72', '01:56.76', '01:56.80', '01:56.84', '01:56.88', '01:56.92', '01:57.12', '01:57.16', '01:57.20', '01:57.24', '01:57.28', '01:57.32', '01:57.36', '01:57.40', '01:57.44', '01:57.48', '01:57.52', '01:57.56', '01:57.60', '01:57.64', '01:57.68', '01:57.72', '01:57.76', '01:57.80', '01:57.84', '01:57.88', '01:57.92', '01:57.96', '01:58.00', '01:58.04', '01:58.08', '01:58.12', '01:58.16', '01:58.20', '01:58.24', '01:58.28', '01:58.32', '01:58.36', '01:58.40', '01:58.44', '01:58.48', '01:58.52', '01:58.56', '01:58.60', '01:58.64', '01:58.68', '01:58.72', '01:58.76', '01:58.80', '01:58.84', '01:58.88', '01:58.92', '01:58.96', '01:59.00', '01:59.04', '01:59.08', '01:59.12', '01:59.16', '01:59.20', '01:59.24', '01:59.28', '01:59.32', '01:59.36', '01:59.40', '01:59.44', '01:59.48', '01:59.52', '01:59.56', '01:59.60', '01:59.64', '01:59.68', '01:59.72', '01:59.76', '01:59.80', '01:59.84', '01:59.88', '01:59.92', '01:59.96', '02:00.00', '02:00.04', '02:00.08', '02:00.12', '02:00.16', '02:00.20', '02:00.24', '02:00.28', '02:00.32', '02:00.36', '02:00.40', '02:00.44', '02:00.48', '02:00.52', '02:00.56', '02:00.60', '02:00.64', '02:00.68', '02:00.72', '02:00.76', '02:00.80', '02:00.84', '02:00.88', '02:00.92', '02:00.96', '02:01.00', '02:01.04', '02:01.08', '02:01.12', '02:01.16', '02:01.20', '02:01.24', '02:01.28', '02:01.32', '02:01.36', '02:01.40', '02:01.44', '02:01.48', '02:01.52', '02:01.56', '02:01.60', '02:01.64', '02:01.68', '02:01.72', '02:01.76', '02:01.80', '02:01.84', '02:01.88', '02:01.92', '02:01.96', '02:02.00', '02:02.04', '02:02.08', '02:02.12', '02:02.16', '02:02.20', '02:02.24', '02:02.28', '02:02.32', '02:02.36', '02:02.40', '02:02.44', '02:02.48', '02:02.52', '02:02.56', '02:02.60', '02:02.64', '02:02.68', '02:02.72', '02:02.76', '02:02.80', '02:02.84', '02:02.88', '02:02.92', '02:02.96', '02:03.00', '02:03.04', '02:03.08', '02:03.12', '02:03.16', '02:03.20', '02:03.24', '02:03.28', '02:03.32', '02:03.36', '02:03.40', '02:03.44', '02:03.48', '02:03.52', '02:03.56', '02:03.60', '02:03.64', '02:03.68', '02:03.72', '02:03.76', '02:03.80', '02:03.84', '02:03.88', '02:03.92', '02:03.96', '02:04.00', '02:04.04', '02:04.08', '02:04.12', '02:04.16', '02:04.20', '02:04.24', '02:04.28', '02:04.32', '02:04.36', '02:04.40', '02:04.44', '02:04.48', '02:04.52', '02:04.56', '02:04.60', '02:04.64', '02:04.68', '02:04.72', '02:04.76', '02:04.80', '02:04.84', '02:04.88', '02:04.92', '02:04.96', '02:05.00', '02:05.04', '02:05.08', '02:05.12', '02:05.16', '02:05.20', '02:05.24', '02:05.28', '02:05.32', '02:05.36', '02:05.40', '02:05.44', '02:05.48', '02:05.52', '02:05.56', '02:05.60', '02:05.64', '02:05.68', '02:05.72', '02:05.76', '02:05.80', '02:05.84', '02:05.88', '02:05.92', '02:05.96', '02:06.00', '02:06.04', '02:06.08', '02:06.12', '02:06.16', '02:06.20', '02:06.24', '02:06.28', '02:06.32', '02:06.36', '02:06.40', '02:06.44', '02:06.48', '02:06.52', '02:06.56', '02:06.60', '02:06.64', '02:06.68', '02:06.72', '02:06.76', '02:06.80', '02:06.84', '02:06.88', '02:06.92', '02:06.96', '02:07.00', '02:07.04', '02:07.08', '02:07.12', '02:07.16', '02:07.20', '02:07.24', '02:07.28', '02:07.32', '02:07.36', '02:07.40', '02:07.44', '02:07.48', '02:07.52', '02:07.56', '02:07.60', '02:07.64', '02:07.68', '02:07.72', '02:07.76', '02:07.80', '02:07.84', '02:07.88', '02:07.92', '02:07.96', '02:08.00', '02:08.04', '02:08.08', '02:08.12', '02:08.16', '02:08.20', '02:08.24', '02:08.28', '02:08.32', '02:08.36', '02:08.40', '02:08.44', '02:08.48', '02:08.52', '02:08.56', '02:08.60', '02:08.64', '02:08.68', '02:08.72', '02:08.76', '02:08.80', '02:08.84', '02:08.88', '02:08.92', '02:08.96', '02:09.00', '02:09.04', '02:09.08', '02:09.12', '02:09.16', '02:09.20', '02:09.24', '02:09.28', '02:09.32', '02:09.36', '02:09.40', '02:09.44', '02:09.48', '02:09.52', '02:09.56', '02:09.60', '02:09.64', '02:09.68', '02:09.72', '02:09.76', '02:09.80', '02:09.84', '02:09.88', '02:09.92', '02:09.96', '02:10.00', '02:10.04', '02:10.08', '02:10.12', '02:10.16', '02:10.20', '02:10.24', '02:10.28', '02:10.32', '02:10.36', '02:10.40', '02:10.44', '02:10.48', '02:10.52', '02:10.56', '02:10.60', '02:10.64', '02:10.68', '02:10.72', '02:10.76', '02:10.80', '02:10.84', '02:10.88', '02:10.92', '02:10.96', '02:11.00', '02:11.04', '02:11.08', '02:11.12', '02:11.16', '02:11.20', '02:11.24', '02:11.28', '02:11.32', '02:11.36', '02:11.40', '02:11.44', '02:11.48', '02:11.52', '02:11.56', '02:11.60', '02:11.64', '02:11.68', '02:11.72', '02:11.76', '02:11.80', '02:11.84', '02:11.88', '02:11.92', '02:11.96', '02:12.00', '02:12.04', '02:12.08', '02:12.12', '02:12.16', '02:12.20', '02:12.24', '02:12.28', '02:12.32', '02:12.36', '02:12.40', '02:12.44', '02:12.48', '02:12.52', '02:12.56', '02:12.60', '02:12.64', '02:12.68', '02:12.72', '02:12.76', '02:12.80', '02:12.84', '02:12.88', '02:12.92', '02:12.96', '02:13.00', '02:13.04', '02:13.08', '02:13.12', '02:13.16', '02:13.20', '02:13.24', '02:13.28', '02:13.32', '02:13.36', '02:13.40', '02:13.44', '02:13.48', '02:13.52', '02:13.56', '02:13.60', '02:13.64', '02:13.68', '02:13.72', '02:13.76', '02:13.80', '02:13.84', '02:13.88', '02:13.92', '02:13.96', '02:14.00', '02:14.04', '02:14.08', '02:14.12', '02:14.16', '02:14.20', '02:14.24', '02:14.28', '02:14.32', '02:14.36', '02:14.40', '02:14.44', '02:14.48', '02:14.52', '02:14.56', '02:14.60', '02:14.64', '02:14.68', '02:14.72', '02:14.76', '02:14.80', '02:14.84', '02:14.88', '02:14.92', '02:14.96', '02:15.00', '02:15.04', '02:15.08', '02:15.12', '02:15.16', '02:15.20', '02:15.24', '02:15.28', '02:15.32', '02:15.36', '02:15.40', '02:15.44', '02:15.48', '02:15.52', '02:15.56', '02:15.60', '02:15.64', '02:15.68', '02:15.72', '02:15.76', '02:15.80', '02:15.84', '02:15.88', '02:15.92', '02:15.96', '02:16.00', '02:16.04', '02:16.08', '02:16.12', '02:16.16', '02:16.20', '02:16.24', '02:16.28', '02:16.32', '02:16.36', '02:16.40', '02:16.44', '02:16.48', '02:16.52', '02:16.56', '02:16.60', '02:16.64', '02:16.68', '02:16.72', '02:16.76', '02:16.80', '02:16.84', '02:16.88', '02:16.92', '02:16.96', '02:17.00', '02:17.04', '02:17.08', '02:17.12', '02:17.16', '02:17.20', '02:17.24', '02:17.28', '02:17.32', '02:17.36', '02:17.40', '02:17.44', '02:17.48', '02:17.52', '02:17.56', '02:17.60', '02:17.64', '02:17.68', '02:17.72', '02:17.76', '02:17.80', '02:17.84', '02:17.88', '02:17.92', '02:17.96', '02:18.00', '02:18.04', '02:18.08', '02:18.12', '02:18.16', '02:18.20', '02:18.24', '02:18.28', '02:18.32', '02:18.36', '02:18.40', '02:18.44', '02:18.48', '02:18.52', '02:18.56', '02:18.60', '02:18.64', '02:18.68', '02:18.72', '02:18.76', '02:18.80', '02:18.84', '02:18.88', '02:18.92', '02:18.96', '02:19.00', '02:19.04', '02:19.08', '02:19.12', '02:19.16', '02:19.20', '02:19.24', '02:19.28', '02:19.32', '02:19.36', '02:19.40', '02:19.44', '02:19.48', '02:19.52', '02:19.56', '02:19.60', '02:19.64', '02:19.68', '02:19.72', '02:19.76', '02:19.80', '02:19.84', '02:19.88', '02:19.92', '02:19.96', '02:20.00', '02:20.04', '02:20.08', '02:20.12', '02:20.16', '02:20.20', '02:20.24', '02:20.28', '02:20.32', '02:20.36', '02:20.40', '02:20.44', '02:20.48', '02:20.52', '02:20.56', '02:20.60', '02:20.64', '02:20.68', '02:20.72', '02:20.76', '02:20.80', '02:20.84', '02:20.88', '02:20.92', '02:20.96', '02:21.00', '02:21.04', '02:21.08', '02:21.12', '02:21.16', '02:21.20', '02:21.24', '02:21.28', '02:21.32', '02:21.36', '02:21.40', '02:21.44', '02:21.48', '02:21.52', '02:21.56', '02:21.60', '02:21.64', '02:21.68', '02:21.72', '02:21.76', '02:21.80', '02:21.84', '02:21.88', '02:21.92', '02:21.96', '02:22.00', '02:22.04', '02:22.08', '02:22.12', '02:22.16', '02:22.20', '02:22.24', '02:22.28', '02:22.32', '02:22.36', '02:22.40', '02:22.44', '02:22.48', '02:22.52', '02:22.56', '02:22.60', '02:22.64', '02:22.68', '02:22.72', '02:22.76', '02:22.80', '02:22.84', '02:22.88', '02:22.92', '02:22.96', '02:23.00', '02:23.04', '02:23.08', '02:23.12', '02:23.16', '02:23.20', '02:23.24', '02:23.28', '02:23.32', '02:23.36', '02:23.40', '02:23.44', '02:23.48', '02:23.52', '02:23.56', '02:23.60', '02:23.64', '02:23.68', '02:23.72', '02:23.76', '02:23.80', '02:23.84', '02:23.88', '02:23.92', '02:23.96', '02:24.00', '02:24.04', '02:24.08', '02:24.12', '02:24.16', '02:24.20', '02:24.24', '02:24.28', '02:24.32', '02:24.36', '02:24.40', '02:24.44', '02:24.48', '02:24.52', '02:24.56', '02:24.60', '02:24.64', '02:24.68', '02:24.72', '02:24.76', '02:24.80', '02:24.84', '02:24.88', '02:24.92', '02:24.96', '02:25.00', '02:25.04', '02:25.08', '02:25.12', '02:25.16', '02:25.20', '02:25.24', '02:25.28', '02:25.32', '02:25.36', '02:25.40', '02:25.44', '02:25.48', '02:25.52', '02:25.56', '02:25.60', '02:25.64', '02:25.68', '02:25.72', '02:25.76', '02:25.80', '02:25.84', '02:25.88', '02:25.92', '02:25.96', '02:26.00', '02:26.04', '02:26.08', '02:26.12', '02:26.16', '02:26.20', '02:26.24', '02:26.28', '02:26.32', '02:26.36', '02:26.40', '02:26.44', '02:26.48', '02:26.52', '02:26.56', '02:26.60', '02:26.64', '02:26.68', '02:26.72', '02:26.76', '02:26.80', '02:26.84', '02:26.88', '02:26.92', '02:26.96', '02:27.00', '02:27.04', '02:27.08', '02:27.12', '02:27.16', '02:27.20', '02:27.24', '02:27.28', '02:27.32', '02:27.36', '02:27.40', '02:27.44', '02:27.48', '02:27.52', '02:27.56', '02:27.60', '02:27.64', '02:27.68', '02:27.72', '02:27.76', '02:27.80', '02:27.84', '02:27.88', '02:27.92', '02:27.96', '02:28.00', '02:28.04', '02:28.08', '02:28.12', '02:28.16', '02:28.20', '02:28.24', '02:28.28', '02:28.32', '02:28.36', '02:28.40', '02:28.44', '02:28.48', '02:28.52', '02:28.56', '02:28.60', '02:28.64', '02:28.68', '02:28.72', '02:28.76', '02:28.80', '02:28.84', '02:28.88', '02:28.92', '02:28.96', '02:29.00', '02:29.04', '02:29.08', '02:29.12', '02:29.16', '02:29.20', '02:29.24', '02:29.28', '02:29.32', '02:29.36', '02:29.40', '02:29.44', '02:29.48', '02:29.52', '02:29.56', '02:29.60', '02:29.64', '02:29.68', '02:29.72', '02:29.76', '02:29.80', '02:29.84', '02:29.88', '02:29.92', '02:29.96', '02:30.00', '02:30.04', '02:30.08', '02:30.12', '02:30.16', '02:30.20', '02:30.24', '02:30.28', '02:30.32', '02:30.36', '02:30.40', '02:30.44', '02:30.48', '02:30.52', '02:30.56', '02:30.60', '02:30.64', '02:30.68', '02:30.72', '02:30.76', '02:30.80', '02:30.84', '02:30.88', '02:30.92', '02:30.96', '02:31.00', '02:31.04', '02:31.08', '02:31.12', '02:31.16', '02:31.20', '02:31.24', '02:31.28', '02:31.32', '02:31.36', '02:31.40', '02:31.44', '02:31.48', '02:31.52', '02:31.56', '02:31.60', '02:31.64', '02:31.68', '02:31.72', '02:31.76', '02:31.80', '02:31.84', '02:31.88', '02:31.92', '02:31.96', '02:32.00', '02:32.04', '02:32.08', '02:32.12', '02:32.16', '02:32.20', '02:32.24', '02:32.28', '02:32.32', '02:32.36', '02:32.40', '02:32.44', '02:32.48', '02:32.52', '02:32.56', '02:32.60', '02:32.64', '02:32.68', '02:32.72', '02:32.76', '02:32.80', '02:32.84', '02:32.88', '02:32.92', '02:32.96', '02:33.00', '02:33.04', '02:33.08', '02:33.12', '02:33.16', '02:33.20', '02:33.24', '02:33.28', '02:33.32', '02:33.36', '02:33.40', '02:33.44', '02:33.48', '02:33.52', '02:33.56', '02:33.60', '02:33.64', '02:33.68', '02:33.72', '02:33.76', '02:33.80', '02:33.84', '02:33.88', '02:33.92', '02:33.96', '02:34.00', '02:34.04', '02:34.08', '02:34.12', '02:34.16', '02:34.20', '02:34.24', '02:34.28', '02:34.32', '02:34.36', '02:34.40', '02:34.44', '02:34.48', '02:34.52', '02:34.56', '02:34.60', '02:34.64', '02:34.68', '02:34.72', '02:34.76', '02:34.80', '02:34.84', '02:34.88', '02:34.92', '02:34.96', '02:35.00', '02:35.04', '02:35.08', '02:35.12', '02:35.16', '02:35.20', '02:35.24', '02:35.28', '02:35.32', '02:35.36', '02:35.40', '02:35.44', '02:35.48', '02:35.52', '02:35.56', '02:35.60', '02:35.64', '02:35.68', '02:35.72', '02:35.76', '02:35.80', '02:35.84', '02:35.88', '02:35.92', '02:35.96', '02:36.00', '02:36.04', '02:36.08', '02:36.12', '02:36.16', '02:36.20', '02:36.24', '02:36.28', '02:36.32', '02:36.36', '02:36.40', '02:36.44', '02:36.48', '02:36.52', '02:36.56', '02:36.60', '02:36.64', '02:36.68', '02:36.72', '02:36.76', '02:36.80', '02:36.84', '02:36.88', '02:36.92', '02:36.96', '02:37.00', '02:37.04', '02:37.08', '02:37.12', '02:37.16', '02:37.20', '02:37.24', '02:37.28', '02:37.32', '02:37.36', '02:37.40', '02:37.44', '02:37.48', '02:37.52', '02:37.56', '02:37.60', '02:37.64', '02:37.68', '02:37.72', '02:37.76', '02:37.80', '02:37.84', '02:37.88', '02:37.92', '02:37.96', '02:38.00', '02:38.04', '02:38.08', '02:38.12', '02:38.16', '02:38.20', '02:38.24', '02:38.28', '02:38.32', '02:38.36', '02:38.40', '02:38.44', '02:38.48', '02:38.52', '02:38.56', '02:38.60', '02:38.64', '02:38.68', '02:38.72', '02:38.76', '02:38.80', '02:38.84', '02:38.88', '02:38.92', '02:38.96', '02:39.00', '02:39.04', '02:39.08', '02:39.12', '02:39.16', '02:39.20', '02:39.24', '02:39.28', '02:39.32', '02:39.36', '02:39.40', '02:39.44', '02:39.48', '02:39.52', '02:39.56', '02:39.60', '02:39.64', '02:39.68', '02:39.72', '02:39.76', '02:39.80', '02:39.84', '02:39.88', '02:39.92', '02:39.96', '02:40.00', '02:40.04', '02:40.08', '02:40.12', '02:40.16', '02:40.20', '02:40.24', '02:40.28', '02:40.32', '02:40.36', '02:40.40', '02:40.44', '02:40.48', '02:40.52', '02:40.56', '02:40.60', '02:40.64', '02:40.68', '02:40.72', '02:40.76', '02:40.80', '02:40.84', '02:40.88', '02:40.92', '02:40.96', '02:41.00', '02:41.04', '02:41.08', '02:41.12', '02:41.16', '02:41.20', '02:41.24', '02:41.28', '02:41.32', '02:41.36', '02:41.40', '02:41.44', '02:41.48', '02:41.52', '02:41.56', '02:41.60', '02:41.64', '02:41.68', '02:41.72', '02:41.76', '02:41.80', '02:41.84', '02:41.88', '02:41.92', '02:41.96', '02:42.00', '02:42.04', '02:42.08', '02:42.12', '02:42.16', '02:42.20', '02:42.24', '02:42.28', '02:42.32', '02:42.36', '02:42.40', '02:42.44', '02:42.48', '02:42.52', '02:42.56', '02:42.60', '02:42.64', '02:42.68', '02:42.72', '02:42.76', '02:42.80', '02:42.84', '02:42.88', '02:42.92', '02:42.96', '02:43.00', '02:43.04', '02:43.08', '02:43.12', '02:43.16', '02:43.20', '02:43.24', '02:43.28', '02:43.32', '02:43.36', '02:43.40', '02:43.44', '02:43.48', '02:43.52', '02:43.56', '02:43.60', '02:43.64', '02:43.68', '02:43.72', '02:43.76', '02:43.80', '02:43.84', '02:43.88', '02:43.92', '02:43.96', '02:44.00', '02:44.04', '02:44.08', '02:44.12', '02:44.16', '02:44.20', '02:44.24', '02:44.28', '02:44.32', '02:44.36', '02:44.40', '02:44.44', '02:44.48', '02:44.52', '02:44.56', '02:44.60', '02:44.64', '02:44.68', '02:44.72', '02:44.76', '02:44.80', '02:44.84', '02:44.88', '02:44.92', '02:44.96', '02:45.00', '02:45.04', '02:45.08', '02:45.12', '02:45.16', '02:45.20', '02:45.24', '02:45.28', '02:45.32', '02:45.36', '02:45.40', '02:45.44', '02:45.48', '02:45.52', '02:45.56', '02:45.60', '02:45.64', '02:45.68', '02:45.72', '02:45.76', '02:45.80', '02:45.84', '02:45.88', '02:45.92', '02:45.96', '02:46.00', '02:46.04', '02:46.08', '02:46.12', '02:46.16', '02:46.20', '02:46.24', '02:46.28', '02:46.32', '02:46.36', '02:46.40', '02:46.44', '02:46.48', '02:46.52', '02:46.56', '02:46.60', '02:46.64', '02:46.68', '02:46.72', '02:46.76', '02:46.80', '02:46.84', '02:46.88', '02:46.92', '02:46.96', '02:47.00', '02:47.04', '02:47.08', '02:47.12', '02:47.16', '02:47.20', '02:47.24', '02:47.28', '02:47.32', '02:47.36', '02:47.40', '02:47.44', '02:47.48', '02:47.52', '02:47.56', '02:47.60', '02:47.64', '02:47.68', '02:47.72', '02:47.76', '02:47.80', '02:47.84', '02:47.88', '02:47.92', '02:47.96', '02:48.00', '02:48.04', '02:48.08', '02:48.12', '02:48.16', '02:48.20', '02:48.24', '02:48.28', '02:48.32', '02:48.36', '02:48.40', '02:48.44', '02:48.48', '02:48.52', '02:48.56', '02:48.60', '02:48.64', '02:48.68', '02:48.72', '02:48.76', '02:48.80', '02:48.84', '02:48.88', '02:48.92', '02:48.96', '02:49.00', '02:49.04', '02:49.08', '02:49.12', '02:49.16', '02:49.20', '02:49.24', '02:49.28', '02:49.32', '02:49.36', '02:49.40', '02:49.44', '02:49.48', '02:49.52', '02:49.56', '02:49.60', '02:49.64', '02:49.68', '02:49.72', '02:49.76', '02:49.80', '02:49.84', '02:49.88', '02:49.92', '02:49.96', '02:50.00', '02:50.04', '02:50.08', '02:50.12', '02:50.16', '02:50.20', '02:50.24', '02:50.28', '02:50.32', '02:50.48', '02:50.52', '02:50.56', '02:50.60', '02:50.64', '02:50.68', '02:50.72', '02:50.76', '02:50.80', '02:50.84', '02:50.88', '02:50.92', '02:50.96', '02:51.00', '02:51.04', '02:51.08', '02:51.12', '02:51.16', '02:51.20', '02:51.24', '02:51.28', '02:51.32', '02:51.36', '02:51.40', '02:51.44', '02:51.48', '02:51.52', '02:51.56', '02:51.60', '02:51.64', '02:51.68', '02:51.72', '02:51.76', '02:51.80', '02:51.84', '02:51.88', '02:51.92', '02:51.96', '02:52.00', '02:52.04', '02:52.08', '02:52.12', '02:52.16', '02:52.20', '02:52.24', '02:52.28', '02:52.32', '02:52.36', '02:52.40', '02:52.44', '02:52.48', '02:52.52', '02:52.56', '02:52.60', '02:52.64', '02:52.68', '02:52.72', '02:52.76', '02:52.80', '02:52.84', '02:52.88', '02:52.92', '02:52.96', '02:53.00', '02:53.04', '02:53.08', '02:53.12', '02:53.16', '02:53.20', '02:53.24', '02:53.28', '02:53.32', '02:53.36', '02:53.40', '02:53.44', '02:53.48', '02:53.52', '02:53.56', '02:53.60', '02:53.64', '02:53.68', '02:53.72', '02:53.76', '02:53.80', '02:53.84', '02:53.88', '02:53.92', '02:53.96', '02:54.00', '02:54.04', '02:54.08', '02:54.12', '02:54.16', '02:54.20', '02:54.24', '02:54.28', '02:54.32', '02:54.36', '02:54.40', '02:54.44', '02:54.48', '02:54.52', '02:54.56', '02:54.60', '02:54.64', '02:54.68', '02:54.72', '02:54.76', '02:54.80', '02:54.84', '02:54.88', '02:54.92', '02:54.96', '02:55.00', '02:55.04', '02:55.08', '02:55.12', '02:55.16', '02:55.20', '02:55.24', '02:55.28', '02:55.32', '02:55.36', '02:55.40', '02:55.44', '02:55.48', '02:55.52', '02:55.56', '02:55.60', '02:55.64', '02:55.68', '02:55.72', '02:55.76', '02:55.80', '02:55.84', '02:55.88', '02:55.92', '02:55.96', '02:56.00', '02:56.04', '02:56.08', '02:56.12', '02:56.16', '02:56.20', '02:56.24', '02:56.28', '02:56.32', '02:56.36', '02:56.40', '02:56.44', '02:56.48', '02:56.52', '02:56.56', '02:56.60', '02:56.64', '02:56.68', '02:56.72', '02:56.76', '02:56.80', '02:56.84', '02:56.88', '02:56.92', '02:56.96', '02:57.00', '02:57.04', '02:57.08', '02:57.12', '02:57.16', '02:57.20', '02:57.24', '02:57.28', '02:57.32', '02:57.36', '02:57.40', '02:57.44', '02:57.48', '02:57.52', '02:57.56', '02:57.60', '02:57.64', '02:57.68', '02:57.72', '02:57.76', '02:57.80', '02:57.84', '02:57.88', '02:57.92', '02:57.96', '02:58.00', '02:58.04', '02:58.08', '02:58.12', '02:58.16', '02:58.20', '02:58.24', '02:58.28', '02:58.32', '02:58.36', '02:58.40', '02:58.44', '02:58.48', '02:58.52', '02:58.56', '02:58.60', '02:58.64', '02:58.68', '02:58.72', '02:58.76', '02:58.80', '02:58.84', '02:58.88', '02:58.92', '02:58.96', '02:59.00', '02:59.04', '02:59.08', '02:59.12', '02:59.16', '02:59.20', '02:59.24', '02:59.28', '02:59.32', '02:59.36', '02:59.40', '02:59.44', '02:59.48', '02:59.52', '02:59.56', '02:59.60', '02:59.64', '02:59.68', '02:59.72', '02:59.76', '02:59.80', '02:59.84', '02:59.88', '02:59.92', '02:59.96', '03:00.00', '03:00.04', '03:00.08', '03:00.12', '03:00.16', '03:00.20', '03:00.24', '03:00.28', '03:00.32', '03:00.36', '03:00.40', '03:00.44', '03:00.48', '03:00.52', '03:00.56', '03:00.60', '03:00.64', '03:00.68', '03:00.72', '03:00.76', '03:00.80', '03:00.84', '03:00.88', '03:00.92', '03:00.96', '03:01.00', '03:01.04', '03:01.08', '03:01.12', '03:01.16', '03:01.20', '03:01.24', '03:01.28', '03:01.32', '03:01.36', '03:01.40', '03:01.44', '03:01.48', '03:01.52', '03:01.56', '03:01.60', '03:01.64', '03:01.68', '03:01.72', '03:01.76', '03:01.80', '03:01.84', '03:01.88', '03:01.92', '03:01.96', '03:02.00', '03:02.04', '03:02.08', '03:02.12', '03:02.16', '03:02.20', '03:02.24', '03:02.28', '03:02.32', '03:02.36', '03:02.40', '03:02.44', '03:02.48', '03:02.52', '03:02.56', '03:02.60', '03:02.64', '03:02.68', '03:02.72', '03:02.76', '03:02.80', '03:02.84', '03:02.88', '03:02.92', '03:02.96', '03:03.00', '03:03.04', '03:03.08', '03:03.12', '03:03.16', '03:03.20', '03:03.24', '03:03.28', '03:03.32', '03:03.36', '03:03.40', '03:03.44', '03:03.48', '03:03.52', '03:03.56', '03:03.60', '03:03.64', '03:03.68', '03:03.72', '03:03.76', '03:03.80', '03:03.84', '03:03.88', '03:03.92', '03:03.96', '03:04.00', '03:04.04', '03:04.08', '03:04.12', '03:04.16', '03:04.20', '03:04.24', '03:04.28', '03:04.32', '03:04.36', '03:04.40', '03:04.44', '03:04.48', '03:04.52', '03:04.56', '03:04.60', '03:04.64', '03:04.68', '03:04.72', '03:04.76', '03:04.80', '03:04.84', '03:04.88', '03:04.92', '03:04.96', '03:05.00', '03:05.04', '03:05.08', '03:05.12', '03:05.16', '03:05.20', '03:05.24', '03:05.28', '03:05.32', '03:05.36', '03:05.40', '03:05.44', '03:05.48', '03:05.52', '03:05.56', '03:05.60', '03:05.64', '03:05.68', '03:05.72', '03:05.76', '03:05.80', '03:05.84', '03:05.88', '03:05.92', '03:05.96', '03:06.00', '03:06.04', '03:06.08', '03:06.12', '03:06.16', '03:06.20', '03:06.24', '03:06.28', '03:06.32', '03:06.36', '03:06.40', '03:06.44', '03:06.48', '03:06.52', '03:06.56', '03:06.60', '03:06.64', '03:06.68', '03:06.72', '03:06.76', '03:06.80', '03:06.84', '03:06.88', '03:06.92', '03:06.96', '03:07.00', '03:07.04', '03:07.08', '03:07.12', '03:07.16', '03:07.20', '03:07.24', '03:07.28', '03:07.32', '03:07.36', '03:07.40', '03:07.44', '03:07.48', '03:07.52', '03:07.56', '03:07.60', '03:07.64', '03:07.68', '03:07.72', '03:07.76', '03:07.80', '03:07.84', '03:07.88', '03:07.92', '03:07.96', '03:08.00', '03:08.04', '03:08.08', '03:08.12', '03:08.16', '03:08.20', '03:08.24', '03:08.28', '03:08.32', '03:08.36', '03:08.40', '03:08.44', '03:08.48', '03:08.52', '03:08.56', '03:08.60', '03:08.64', '03:08.68', '03:08.72', '03:08.76', '03:08.80', '03:08.84', '03:08.88', '03:08.92', '03:08.96', '03:09.00', '03:09.04', '03:09.08', '03:09.12', '03:09.16', '03:09.20', '03:09.24', '03:09.28', '03:09.32', '03:09.36', '03:09.40', '03:09.44', '03:09.48', '03:09.52', '03:09.56', '03:09.60', '03:09.64', '03:09.68', '03:09.72', '03:09.76', '03:09.80', '03:09.84', '03:09.88', '03:09.92', '03:09.96', '03:10.00', '03:10.04', '03:10.08', '03:10.12', '03:10.16', '03:10.20', '03:10.24', '03:10.28', '03:10.32', '03:10.36', '03:10.40', '03:10.44', '03:10.48', '03:10.52', '03:10.56', '03:10.60', '03:10.64', '03:10.68', '03:10.72', '03:10.76', '03:10.80', '03:10.84', '03:10.88', '03:10.92', '03:10.96', '03:11.00', '03:11.04', '03:11.08', '03:11.12', '03:11.16', '03:11.20', '03:11.24', '03:11.28', '03:11.32', '03:11.36', '03:11.40', '03:11.44', '03:11.48', '03:11.52', '03:11.56', '03:11.60', '03:11.64', '03:11.68', '03:11.72', '03:11.76', '03:11.80', '03:11.84', '03:11.88', '03:11.92', '03:11.96', '03:12.00', '03:12.04', '03:12.08', '03:12.12', '03:12.16', '03:12.20', '03:12.24', '03:12.28', '03:12.32', '03:12.36', '03:12.40', '03:12.44', '03:12.48', '03:12.52', '03:12.56', '03:12.60', '03:12.64', '03:12.68', '03:12.72', '03:12.76', '03:12.80', '03:12.84', '03:12.88', '03:12.92', '03:12.96', '03:13.00', '03:13.04', '03:13.08', '03:13.12', '03:13.16', '03:13.20', '03:13.24', '03:13.28', '03:13.32', '03:13.36', '03:13.40', '03:13.44', '03:13.48', '03:13.52', '03:13.56', '03:13.60', '03:13.64', '03:13.68', '03:13.72', '03:13.76', '03:13.80', '03:13.84', '03:13.88', '03:13.92', '03:13.96', '03:14.00', '03:14.04', '03:14.08', '03:14.12', '03:14.16', '03:14.20', '03:14.24', '03:14.28', '03:14.32', '03:14.36', '03:14.40', '03:14.44', '03:14.48', '03:14.52', '03:14.56', '03:14.60', '03:14.64', '03:14.68', '03:14.72', '03:14.76', '03:14.80', '03:14.84', '03:14.88', '03:14.92', '03:14.96', '03:15.00', '03:15.04', '03:15.08', '03:15.12', '03:15.16', '03:15.20', '03:15.24', '03:15.28', '03:15.32', '03:15.36', '03:15.40', '03:15.44', '03:15.48', '03:15.52', '03:15.56', '03:15.60', '03:15.64', '03:15.68', '03:15.72', '03:15.76', '03:15.80', '03:15.84', '03:15.88', '03:15.92', '03:15.96', '03:16.00', '03:16.04', '03:16.08', '03:16.12', '03:16.16', '03:16.20', '03:16.24', '03:16.28', '03:16.32', '03:16.36', '03:16.40', '03:16.44', '03:16.48', '03:16.52', '03:16.56', '03:16.60', '03:16.64', '03:16.68', '03:16.72', '03:16.76', '03:16.80', '03:16.84', '03:16.88', '03:16.92', '03:16.96', '03:17.00', '03:17.04', '03:17.08', '03:17.12', '03:17.16', '03:17.20', '03:17.32', '03:17.36', '03:17.40', '03:17.44', '03:17.48', '03:17.52', '03:17.56', '03:17.60', '03:17.64', '03:17.68', '03:17.72', '03:17.76', '03:17.80', '03:17.84', '03:17.88', '03:17.92', '03:17.96', '03:18.00', '03:18.04', '03:18.08', '03:18.12', '03:18.16', '03:18.20', '03:18.24', '03:18.28', '03:18.32', '03:18.36', '03:18.40', '03:18.44', '03:18.48', '03:18.52', '03:18.56', '03:18.60', '03:18.64', '03:18.68', '03:18.72', '03:18.76', '03:18.80', '03:18.84', '03:18.88', '03:18.92', '03:18.96', '03:19.00', '03:19.04', '03:19.08', '03:19.12', '03:19.16', '03:19.20', '03:19.24', '03:19.28', '03:19.32', '03:19.36', '03:19.40', '03:19.44', '03:19.48', '03:19.52', '03:19.56', '03:19.60', '03:19.64', '03:19.68', '03:19.72', '03:19.76', '03:19.80', '03:19.84', '03:19.88', '03:19.92', '03:19.96', '03:20.00', '03:20.04', '03:20.08', '03:20.12', '03:20.16', '03:20.20', '03:20.24', '03:20.28', '03:20.32', '03:20.36', '03:20.40', '03:20.44', '03:20.48', '03:20.52', '03:20.56', '03:20.60', '03:20.64', '03:20.68', '03:20.72', '03:20.76', '03:20.80', '03:20.84', '03:20.88', '03:20.92', '03:20.96', '03:21.00', '03:21.04', '03:21.08', '03:21.12', '03:21.16', '03:21.20', '03:21.24', '03:21.28', '03:21.32', '03:21.36', '03:21.40', '03:21.44', '03:21.48', '03:21.52', '03:21.56', '03:21.60', '03:21.64', '03:21.68', '03:21.72', '03:21.76', '03:21.80', '03:21.84', '03:21.88', '03:21.92', '03:21.96', '03:22.00', '03:22.04', '03:22.08', '03:22.12', '03:22.16', '03:22.20', '03:22.24', '03:22.28', '03:22.32', '03:22.36', '03:22.40', '03:22.44', '03:22.48', '03:22.52', '03:22.56', '03:22.60', '03:22.64', '03:22.68', '03:22.72', '03:22.76', '03:22.80', '03:22.84', '03:22.88', '03:22.92', '03:22.96', '03:23.00', '03:23.04', '03:23.08', '03:23.12', '03:23.16', '03:23.20', '03:23.24', '03:23.28', '03:23.32', '03:23.36', '03:23.40', '03:23.44', '03:23.48', '03:23.52', '03:23.56', '03:23.60', '03:23.64', '03:23.68', '03:23.72', '03:23.76', '03:23.80', '03:23.84', '03:23.88', '03:23.92', '03:23.96', '03:24.00', '03:24.04', '03:24.08', '03:24.12', '03:24.16', '03:24.20', '03:24.24', '03:24.28', '03:24.32', '03:24.36', '03:24.40', '03:24.44', '03:24.48', '03:24.52', '03:24.56', '03:24.60', '03:24.64', '03:24.68', '03:24.72', '03:24.76', '03:24.80', '03:24.84', '03:24.88', '03:24.92', '03:24.96', '03:25.00', '03:25.04', '03:25.08', '03:25.12', '03:25.16', '03:25.20', '03:25.24', '03:25.28', '03:25.32', '03:25.36', '03:25.40', '03:25.44', '03:25.48', '03:25.52', '03:25.56', '03:25.60', '03:25.64', '03:25.68', '03:25.72', '03:25.76', '03:25.80', '03:25.84', '03:25.88', '03:25.92', '03:25.96', '03:26.00', '03:26.04', '03:26.08', '03:26.12', '03:26.16', '03:26.20', '03:26.24', '03:26.28', '03:26.32', '03:26.36', '03:26.40', '03:26.44', '03:26.48', '03:26.52', '03:26.56', '03:26.60', '03:26.64', '03:26.68', '03:26.72', '03:26.76', '03:26.80', '03:26.84', '03:26.88', '03:26.92', '03:26.96', '03:27.00', '03:27.04', '03:27.08', '03:27.12', '03:27.16', '03:27.20', '03:27.24', '03:27.28', '03:27.32', '03:27.36', '03:27.40', '03:27.44', '03:27.48', '03:27.52', '03:27.56', '03:27.60', '03:27.64', '03:27.68', '03:27.72', '03:27.76', '03:27.80', '03:27.84', '03:27.88', '03:27.92', '03:27.96', '03:28.00', '03:28.04', '03:28.08', '03:28.12', '03:28.16', '03:28.20', '03:28.24', '03:28.28', '03:28.32', '03:28.36', '03:28.40', '03:28.44', '03:28.48', '03:28.52', '03:28.56', '03:28.60', '03:28.64', '03:28.68', '03:28.72', '03:28.76', '03:28.80', '03:28.84', '03:28.88', '03:28.92', '03:28.96', '03:29.00', '03:29.04', '03:29.08', '03:29.12', '03:29.16', '03:29.20', '03:29.24', '03:29.28', '03:29.32', '03:29.36', '03:29.40', '03:29.44', '03:29.48', '03:29.52', '03:29.56', '03:29.60', '03:29.64', '03:29.68', '03:29.72', '03:29.76', '03:29.80', '03:29.84', '03:29.88', '03:29.92', '03:29.96', '03:30.00', '03:30.04', '03:30.08', '03:30.12', '03:30.16', '03:30.20', '03:30.24', '03:30.28', '03:30.32', '03:30.36', '03:30.40', '03:30.44', '03:30.48', '03:30.52', '03:30.56', '03:30.60', '03:30.64', '03:30.68', '03:30.72', '03:30.76', '03:30.80', '03:30.84', '03:30.88', '03:30.92', '03:30.96', '03:31.00', '03:31.04', '03:31.08', '03:31.12', '03:31.16', '03:31.20', '03:31.24', '03:31.28', '03:31.32', '03:31.36', '03:31.40', '03:31.44', '03:31.48', '03:31.52', '03:31.56', '03:31.60', '03:31.64', '03:31.68', '03:31.72', '03:31.76', '03:31.80', '03:31.84', '03:31.88', '03:31.92', '03:31.96', '03:32.00', '03:32.04', '03:32.08', '03:32.12', '03:32.16', '03:32.20', '03:32.24', '03:32.28', '03:32.32', '03:32.36', '03:32.40', '03:32.44', '03:32.48', '03:32.52', '03:32.56', '03:32.60', '03:32.64', '03:32.68', '03:32.72', '03:32.76', '03:32.80', '03:32.84', '03:32.88', '03:32.92', '03:32.96', '03:33.00', '03:33.04', '03:33.08', '03:33.12', '03:33.16', '03:33.20', '03:33.24', '03:33.28', '03:33.32', '03:33.36', '03:33.40', '03:33.44', '03:33.48', '03:33.52', '03:33.56', '03:33.60', '03:33.64', '03:33.68', '03:33.72', '03:33.76', '03:33.80', '03:33.84', '03:33.88', '03:33.92', '03:33.96', '03:34.00', '03:34.04', '03:34.08', '03:34.12', '03:34.16', '03:34.20', '03:34.24', '03:34.28', '03:34.32', '03:34.36', '03:34.40', '03:34.44', '03:34.48', '03:34.52', '03:34.56', '03:34.60', '03:34.64', '03:34.68', '03:34.72', '03:34.76', '03:34.80', '03:34.84', '03:34.88', '03:34.92', '03:34.96', '03:35.00', '03:35.04', '03:35.08', '03:35.12', '03:35.16', '03:35.20', '03:35.24', '03:35.28', '03:35.32', '03:35.36', '03:35.40', '03:35.44', '03:35.48', '03:35.52', '03:35.56', '03:35.60', '03:35.64', '03:35.68', '03:35.72', '03:35.76', '03:35.80', '03:35.84', '03:35.88', '03:35.92', '03:35.96', '03:36.00', '03:36.04', '03:36.08', '03:36.12', '03:36.16', '03:36.20', '03:36.24', '03:36.28', '03:36.32', '03:36.36', '03:36.40', '03:36.44', '03:36.48', '03:36.52', '03:36.56', '03:36.60', '03:36.64', '03:36.68', '03:36.72', '03:36.76', '03:36.80', '03:36.84', '03:36.88', '03:36.92', '03:36.96', '03:37.00', '03:37.04', '03:37.08', '03:37.12', '03:37.16', '03:37.20', '03:37.24', '03:37.28', '03:37.32', '03:37.36', '03:37.40', '03:37.44', '03:37.48', '03:37.52', '03:37.56', '03:37.60', '03:37.64', '03:37.68', '03:37.72', '03:37.76', '03:37.80', '03:37.84', '03:37.88', '03:37.92', '03:37.96', '03:38.00', '03:38.04', '03:38.08', '03:38.12', '03:38.16', '03:38.20', '03:38.24', '03:38.28', '03:38.32', '03:38.36', '03:38.40', '03:38.44', '03:38.48', '03:38.52', '03:38.56', '03:38.60', '03:38.64', '03:38.68', '03:38.72', '03:38.76', '03:38.80', '03:38.84', '03:38.88', '03:38.92', '03:38.96', '03:39.00', '03:39.04', '03:39.08', '03:39.12', '03:39.16', '03:39.20', '03:39.24', '03:39.28', '03:39.32', '03:39.36', '03:39.40', '03:39.44', '03:39.48', '03:39.52', '03:39.56', '03:39.60', '03:39.64', '03:39.68', '03:39.72', '03:39.76', '03:39.80', '03:39.84', '03:39.88', '03:39.92', '03:39.96', '03:40.00', '03:40.04', '03:40.08', '03:40.12', '03:40.16', '03:40.20', '03:40.24', '03:40.28', '03:40.32', '03:40.36', '03:40.40', '03:40.44', '03:40.48', '03:40.52', '03:40.56', '03:40.60', '03:40.64', '03:40.68', '03:40.72', '03:40.76', '03:40.80', '03:40.84', '03:40.88', '03:40.92', '03:40.96', '03:41.00', '03:41.04', '03:41.08', '03:41.12', '03:41.16', '03:41.20', '03:41.24', '03:41.28', '03:41.32', '03:41.36', '03:41.40', '03:41.44', '03:41.48', '03:41.52', '03:41.56', '03:41.60', '03:41.64', '03:41.68', '03:41.72', '03:41.76', '03:41.80', '03:41.84', '03:41.88', '03:41.92', '03:41.96', '03:42.00', '03:42.04', '03:42.08', '03:42.12', '03:42.16', '03:42.20', '03:42.24', '03:42.28', '03:42.32', '03:42.36', '03:42.40', '03:42.44', '03:42.48', '03:42.52', '03:42.56', '03:42.60', '03:42.64', '03:42.68', '03:42.72', '03:42.76', '03:42.80', '03:42.84', '03:42.88', '03:42.92', '03:42.96', '03:43.00', '03:43.04', '03:43.08', '03:43.12', '03:43.16', '03:43.20', '03:43.24', '03:43.28', '03:43.32', '03:43.36', '03:43.40', '03:43.44', '03:43.48', '03:43.52', '03:43.56', '03:43.60', '03:43.64', '03:43.68', '03:43.72', '03:43.76', '03:43.80', '03:43.84', '03:43.88', '03:43.92', '03:43.96', '03:44.00', '03:44.04', '03:44.08', '03:44.12', '03:44.16', '03:44.20', '03:44.24', '03:44.28', '03:44.32', '03:44.36', '03:44.40', '03:44.44', '03:44.48', '03:44.52', '03:44.56', '03:44.60', '03:44.64', '03:44.68', '03:44.72', '03:44.76', '03:44.80', '03:44.84', '03:44.88', '03:44.92', '03:44.96', '03:45.00', '03:45.04', '03:45.08', '03:45.12', '03:45.16', '03:45.20', '03:45.24', '03:45.28', '03:45.32', '03:45.36', '03:45.40', '03:45.44', '03:45.48', '03:45.52', '03:45.56', '03:45.60', '03:45.64', '03:45.68', '03:45.72', '03:45.76', '03:45.80', '03:45.84', '03:45.88', '03:45.92', '03:45.96', '03:46.00', '03:46.04', '03:46.08', '03:46.12', '03:46.16', '03:46.20', '03:46.24', '03:46.28', '03:46.32', '03:46.36', '03:46.40', '03:46.44', '03:46.48', '03:46.52', '03:46.56', '03:46.60', '03:46.64', '03:46.68', '03:46.72', '03:46.76', '03:46.80', '03:46.84', '03:46.88', '03:46.92', '03:46.96', '03:47.00', '03:47.04', '03:47.08', '03:47.12', '03:47.16', '03:47.20', '03:47.24', '03:47.28', '03:47.32', '03:47.36', '03:47.40', '03:47.44', '03:47.48', '03:47.52', '03:47.56', '03:47.60', '03:47.64', '03:47.68', '03:47.72', '03:47.76', '03:47.80', '03:47.84', '03:47.88', '03:47.92', '03:47.96', '03:48.00', '03:48.04', '03:48.08', '03:48.12', '03:48.16', '03:48.20', '03:48.24', '03:48.28', '03:48.32', '03:48.36', '03:48.40', '03:48.44', '03:48.48', '03:48.52', '03:48.56', '03:48.60', '03:48.64', '03:48.68', '03:48.72', '03:48.76', '03:48.80', '03:48.84', '03:48.88', '03:48.92', '03:48.96', '03:49.00', '03:49.04', '03:49.08', '03:49.12', '03:49.16', '03:49.20', '03:49.24', '03:49.28', '03:49.32', '03:49.36', '03:49.40', '03:49.44', '03:49.48', '03:49.52', '03:49.56', '03:49.60', '03:49.64', '03:49.68', '03:49.72', '03:49.76', '03:49.80', '03:49.84', '03:49.88', '03:49.92', '03:49.96', '03:50.00', '03:50.04', '03:50.08', '03:50.12', '03:50.16', '03:50.20', '03:50.24', '03:50.28', '03:50.32', '03:50.36', '03:50.40', '03:50.44', '03:50.48', '03:50.52', '03:50.56', '03:50.60', '03:50.64', '03:50.68', '03:50.72', '03:50.76', '03:50.80', '03:50.84', '03:50.88', '03:50.92', '03:50.96', '03:51.00', '03:51.04', '03:51.08', '03:51.12', '03:51.16', '03:51.20', '03:51.24', '03:51.28', '03:51.32', '03:51.36', '03:51.40', '03:51.44', '03:51.48', '03:51.52', '03:51.56', '03:51.60', '03:51.64', '03:51.68', '03:51.72', '03:51.76', '03:51.80', '03:51.84', '03:51.88', '03:51.92', '03:51.96', '03:52.00', '03:52.04', '03:52.08', '03:52.12', '03:52.16', '03:52.20', '03:52.24', '03:52.28', '03:52.32', '03:52.36', '03:52.40', '03:52.44', '03:52.48', '03:52.52', '03:52.56', '03:52.60', '03:52.64', '03:52.68', '03:52.72', '03:52.76', '03:52.80', '03:52.84', '03:52.88', '03:52.92', '03:52.96', '03:53.00', '03:53.04', '03:53.08', '03:53.12', '03:53.16', '03:53.20', '03:53.24', '03:53.28', '03:53.32', '03:53.36', '03:53.40', '03:53.44', '03:53.48', '03:53.52', '03:53.56', '03:53.60', '03:53.64', '03:53.68', '03:53.72', '03:53.76', '03:53.80', '03:53.84', '03:53.88', '03:53.92', '03:53.96', '03:54.00', '03:54.04', '03:54.08', '03:54.12', '03:54.16', '03:54.20', '03:54.24', '03:54.28', '03:54.32', '03:54.36', '03:54.40', '03:54.44', '03:54.48', '03:54.52', '03:54.56', '03:54.60', '03:54.64', '03:54.68', '03:54.72', '03:54.76', '03:54.80', '03:54.84', '03:54.88', '03:54.92', '03:54.96', '03:55.00', '03:55.04', '03:55.08', '03:55.12', '03:55.16', '03:55.20', '03:55.24', '03:55.28', '03:55.32', '03:55.36', '03:55.40', '03:55.44', '03:55.48', '03:55.52', '03:55.56', '03:55.60', '03:55.64', '03:55.68', '03:55.72', '03:55.76', '03:55.80', '03:55.84', '03:55.88', '03:55.92', '03:55.96', '03:56.00', '03:56.04', '03:56.08', '03:56.12', '03:56.16', '03:56.20', '03:56.24', '03:56.28', '03:56.32', '03:56.36', '03:56.40', '03:56.44', '03:56.48', '03:56.52', '03:56.56', '03:56.60', '03:56.64', '03:56.68', '03:56.72', '03:56.76', '03:56.80', '03:56.84', '03:56.88', '03:56.92', '03:56.96', '03:57.00', '03:57.04', '03:57.08', '03:57.12', '03:57.16', '03:57.20', '03:57.24', '03:57.28', '03:57.32', '03:57.36', '03:57.40', '03:57.44', '03:57.48', '03:57.52', '03:57.56', '03:57.60', '03:57.64', '03:57.68', '03:57.72', '03:57.76', '03:57.80', '03:57.84', '03:57.88', '03:57.92', '03:57.96', '03:58.00', '03:58.04', '03:58.08', '03:58.12', '03:58.16', '03:58.20', '03:58.24', '03:58.28', '03:58.32', '03:58.36', '03:58.40', '03:58.44', '03:58.48', '03:58.52', '03:58.56', '03:58.60', '03:58.64', '03:58.68', '03:58.72', '03:58.76', '03:58.80', '03:58.84', '03:58.88', '03:58.92', '03:58.96', '03:59.00', '03:59.04', '03:59.08', '03:59.12', '03:59.16', '03:59.20', '03:59.24', '03:59.28', '03:59.32', '03:59.36', '03:59.40', '03:59.44', '03:59.48', '03:59.52', '03:59.56', '03:59.60', '03:59.64', '03:59.68', '03:59.72', '03:59.76', '03:59.80', '03:59.84', '03:59.88', '03:59.92', '03:59.96', '04:00.00', '04:00.04', '04:00.08', '04:00.12', '04:00.16', '04:00.20', '04:00.24', '04:00.28', '04:00.32', '04:00.36', '04:00.40', '04:00.44', '04:00.48', '04:00.52', '04:00.56', '04:00.60', '04:00.64', '04:00.68', '04:00.72', '04:00.76', '04:00.80', '04:00.84', '04:00.88', '04:00.92', '04:00.96', '04:01.00', '04:01.04', '04:01.08', '04:01.12', '04:01.16', '04:01.20', '04:01.24', '04:01.28', '04:01.32', '04:01.36', '04:01.40', '04:01.44', '04:01.48', '04:01.52', '04:01.56', '04:01.60', '04:01.64', '04:01.68', '04:01.72', '04:01.76', '04:01.80', '04:01.84', '04:01.88', '04:01.92', '04:01.96', '04:02.00', '04:02.04', '04:02.08', '04:02.12', '04:02.16', '04:02.20', '04:02.24', '04:02.28', '04:02.32', '04:02.36', '04:02.40', '04:02.44', '04:02.48', '04:02.52', '04:02.56', '04:02.60', '04:02.64', '04:02.68', '04:02.72', '04:02.76', '04:02.80', '04:02.84', '04:02.88', '04:02.92', '04:02.96', '04:03.00', '04:03.04', '04:03.08', '04:03.12', '04:03.16', '04:03.20', '04:03.24', '04:03.28', '04:03.32', '04:03.36', '04:03.40', '04:03.44', '04:03.48', '04:03.64', '04:03.68', '04:03.72', '04:03.84', '04:03.88', '04:03.92', '04:03.96', '04:04.00', '04:04.04', '04:04.08', '04:04.12', '04:04.16', '04:04.20', '04:04.24', '04:04.28', '04:04.32', '04:04.36', '04:04.40', '04:04.44', '04:04.48', '04:04.52', '04:04.56', '04:04.60', '04:04.64', '04:04.68', '04:04.72', '04:04.76', '04:04.80', '04:04.84', '04:04.88', '04:04.92', '04:04.96', '04:05.00', '04:05.04', '04:05.08', '04:05.12', '04:05.16', '04:05.20', '04:05.24', '04:05.28', '04:05.32', '04:05.36', '04:05.40', '04:05.44', '04:05.48', '04:05.52', '04:05.56', '04:05.60', '04:05.64', '04:05.68', '04:05.72', '04:05.76', '04:05.80', '04:05.84', '04:05.88', '04:05.92', '04:05.96', '04:06.00', '04:06.04', '04:06.08', '04:06.12', '04:06.16', '04:06.20', '04:06.24', '04:06.28', '04:06.32', '04:06.36', '04:06.40', '04:06.44', '04:06.48', '04:06.52', '04:06.56', '04:06.60', '04:06.64', '04:06.68', '04:06.72', '04:06.76', '04:06.80', '04:06.84', '04:06.88', '04:06.92', '04:06.96', '04:07.00', '04:07.04', '04:07.08', '04:07.12', '04:07.16', '04:07.20', '04:07.24', '04:07.28', '04:07.32', '04:07.36', '04:07.40', '04:07.44', '04:07.48', '04:07.52', '04:07.56', '04:07.60', '04:07.64', '04:07.68', '04:07.72', '04:07.76', '04:07.80', '04:07.84', '04:07.88', '04:07.92', '04:07.96', '04:08.00', '04:08.04', '04:08.08', '04:08.12', '04:08.16', '04:08.20', '04:08.24', '04:08.28', '04:08.32', '04:08.36', '04:08.40', '04:08.44', '04:08.48', '04:08.52', '04:08.56', '04:08.60', '04:08.64', '04:08.68', '04:08.72', '04:08.76', '04:08.80', '04:08.84', '04:08.88', '04:08.92', '04:08.96', '04:09.00', '04:09.04', '04:09.08', '04:09.12', '04:09.16', '04:09.20', '04:09.24', '04:09.28', '04:09.32', '04:09.36', '04:09.40', '04:09.44', '04:09.48', '04:09.52', '04:09.56', '04:09.60', '04:09.64', '04:09.68', '04:09.72', '04:09.76', '04:09.80', '04:09.84', '04:09.88', '04:09.92', '04:09.96', '04:10.00', '04:10.04', '04:10.08', '04:10.12', '04:10.16', '04:10.20', '04:10.24', '04:10.28', '04:10.32', '04:10.36', '04:10.40', '04:10.44', '04:10.48', '04:10.52', '04:10.56', '04:10.60', '04:10.64', '04:10.68', '04:10.72', '04:10.76', '04:10.80', '04:10.84', '04:10.88', '04:10.92', '04:10.96', '04:11.00', '04:11.04', '04:11.08', '04:11.12', '04:11.16', '04:11.20', '04:11.24', '04:11.28', '04:11.32', '04:11.36', '04:11.40', '04:11.44', '04:11.48', '04:11.52', '04:11.56', '04:11.60', '04:11.64', '04:11.68', '04:11.72', '04:11.76', '04:11.80', '04:11.84', '04:11.88', '04:11.92', '04:11.96', '04:12.00', '04:12.04', '04:12.08', '04:12.12', '04:12.16', '04:12.20', '04:12.24', '04:12.28', '04:12.32', '04:12.36', '04:12.40', '04:12.44', '04:12.48', '04:12.52', '04:12.56', '04:12.60', '04:12.64', '04:12.68', '04:12.72', '04:12.76', '04:12.80', '04:12.84', '04:12.88', '04:12.92', '04:12.96', '04:13.00', '04:13.04', '04:13.08', '04:13.12', '04:13.16', '04:13.20', '04:13.24', '04:13.28', '04:13.32', '04:13.36', '04:13.40', '04:13.44', '04:13.48', '04:13.52', '04:13.56', '04:13.60', '04:13.64', '04:13.68', '04:13.72', '04:13.76', '04:13.80', '04:13.84', '04:13.88', '04:13.92', '04:13.96', '04:14.00', '04:14.04', '04:14.08', '04:14.12', '04:14.16', '04:14.20', '04:14.24', '04:14.28', '04:14.32', '04:14.36', '04:14.40', '04:14.44', '04:14.48', '04:14.52', '04:14.56', '04:14.60', '04:14.64', '04:14.68', '04:14.72', '04:14.76', '04:14.80', '04:14.84', '04:14.88', '04:14.92', '04:14.96', '04:15.00', '04:15.04', '04:15.08', '04:15.12', '04:15.16', '04:15.20', '04:15.24', '04:15.28', '04:15.32', '04:15.36', '04:15.40', '04:15.44', '04:15.48', '04:15.52', '04:15.68', '04:15.72', '04:15.76', '04:15.80', '04:15.84', '04:15.88', '04:15.92', '04:15.96', '04:16.00', '04:16.04', '04:16.08', '04:16.12', '04:16.16', '04:16.20', '04:16.24', '04:16.28', '04:16.32', '04:16.36', '04:16.40', '04:16.44', '04:16.48', '04:16.52', '04:16.56', '04:16.60', '04:16.64', '04:16.68', '04:16.72', '04:16.76', '04:16.80', '04:16.84', '04:16.88', '04:16.92', '04:16.96', '04:17.00', '04:17.04', '04:17.08', '04:17.12', '04:17.16', '04:17.20', '04:17.24', '04:17.28', '04:17.32', '04:17.36', '04:17.40', '04:17.44', '04:17.48', '04:17.52', '04:17.56', '04:17.60', '04:17.64', '04:17.68', '04:17.72', '04:17.76', '04:17.80', '04:17.84', '04:17.88', '04:17.92', '04:17.96', '04:18.00', '04:18.04', '04:18.08', '04:18.12', '04:18.16', '04:18.20', '04:18.24', '04:18.28', '04:18.32', '04:18.36', '04:18.40', '04:18.44', '04:18.48', '04:18.52', '04:18.56', '04:18.60', '04:18.64', '04:18.68', '04:18.72', '04:18.76', '04:18.80', '04:18.84', '04:18.88', '04:18.92', '04:18.96', '04:19.00', '04:19.04', '04:19.08', '04:19.12', '04:19.16', '04:19.20', '04:19.24', '04:19.28', '04:19.32', '04:19.36', '04:19.40', '04:19.44', '04:19.48', '04:19.52', '04:19.56', '04:19.60', '04:19.64', '04:19.68', '04:19.72', '04:19.76', '04:19.80', '04:19.84', '04:19.88', '04:19.92', '04:19.96', '04:20.00', '04:20.04', '04:20.08', '04:20.12', '04:20.16', '04:20.20', '04:20.24', '04:20.28', '04:20.32', '04:20.36', '04:20.40', '04:20.44', '04:20.48', '04:20.52', '04:20.56', '04:20.60', '04:20.64', '04:20.68', '04:20.72', '04:20.76', '04:20.80', '04:20.84', '04:20.88', '04:20.92', '04:20.96', '04:21.00', '04:21.04', '04:21.08', '04:21.12', '04:21.16', '04:21.20', '04:21.24', '04:21.28', '04:21.32', '04:21.36', '04:21.40', '04:21.44', '04:21.48', '04:21.52', '04:21.56', '04:21.60', '04:21.64', '04:21.68', '04:21.72', '04:21.76', '04:21.80', '04:21.84', '04:21.88', '04:21.92', '04:21.96', '04:22.00', '04:22.04', '04:22.08', '04:22.12', '04:22.16', '04:22.20', '04:22.24', '04:22.28', '04:22.32', '04:22.36', '04:22.40', '04:22.44', '04:22.48', '04:22.52', '04:22.56', '04:22.60', '04:22.64', '04:22.68', '04:22.72', '04:22.76', '04:22.80', '04:22.84', '04:22.88', '04:22.92', '04:22.96', '04:23.00', '04:23.04', '04:23.08', '04:23.12', '04:23.16', '04:23.20', '04:23.24', '04:23.28', '04:23.32', '04:23.36', '04:23.40', '04:23.44', '04:23.48', '04:23.52', '04:23.56', '04:23.60', '04:23.64', '04:23.68', '04:23.72', '04:23.76', '04:23.80', '04:23.84', '04:23.88', '04:23.92', '04:23.96', '04:24.00', '04:24.04', '04:24.08', '04:24.12', '04:24.16', '04:24.20', '04:24.24', '04:24.28', '04:24.32', '04:24.36', '04:24.40', '04:24.44', '04:24.48', '04:24.52', '04:24.56', '04:24.60', '04:24.64', '04:24.68', '04:24.72', '04:24.76', '04:24.80', '04:24.84', '04:24.88', '04:24.92', '04:24.96', '04:25.00', '04:25.04', '04:25.08', '04:25.12', '04:25.16', '04:25.20', '04:25.24', '04:25.28', '04:25.32', '04:25.36', '04:25.40', '04:25.44', '04:25.48', '04:25.52', '04:25.56', '04:25.60', '04:25.64', '04:25.68', '04:25.72', '04:25.76', '04:25.80', '04:25.84', '04:25.88', '04:25.92', '04:25.96', '04:26.00', '04:26.04', '04:26.08', '04:26.12', '04:26.16', '04:26.20', '04:26.24', '04:26.28', '04:26.32', '04:26.36', '04:26.40', '04:26.44', '04:26.48', '04:26.52', '04:26.56', '04:26.60', '04:26.64', '04:26.68', '04:26.72', '04:26.76', '04:26.80', '04:26.84', '04:26.88', '04:26.92', '04:26.96', '04:27.00', '04:27.04', '04:27.08', '04:27.12', '04:27.16', '04:27.20', '04:27.24', '04:27.28', '04:27.32', '04:27.36', '04:27.40', '04:27.44', '04:27.48', '04:27.52', '04:27.56', '04:27.60', '04:27.64', '04:27.68', '04:27.72', '04:27.76', '04:27.80', '04:27.84', '04:27.88', '04:27.92', '04:27.96', '04:28.00', '04:28.04', '04:28.08', '04:28.12', '04:28.16', '04:28.20', '04:28.24', '04:28.28', '04:28.32', '04:28.36', '04:28.40', '04:28.44', '04:28.48', '04:28.52', '04:28.56', '04:28.60', '04:28.64', '04:28.68', '04:28.72', '04:28.76', '04:28.80', '04:28.84', '04:28.88', '04:28.92', '04:28.96', '04:29.00', '04:29.04', '04:29.08', '04:29.12', '04:29.16', '04:29.20', '04:29.24', '04:29.28', '04:29.32', '04:29.36', '04:29.40', '04:29.44', '04:29.48', '04:29.52', '04:29.56', '04:29.60', '04:29.64', '04:29.68', '04:29.72', '04:29.76', '04:29.80', '04:29.84', '04:29.88', '04:29.92', '04:29.96', '04:30.00', '04:30.04', '04:30.08', '04:30.12', '04:30.16', '04:30.20', '04:30.24', '04:30.28', '04:30.32', '04:30.36', '04:30.40', '04:30.44', '04:30.48', '04:30.52', '04:30.56', '04:30.60', '04:30.64', '04:30.68', '04:30.72', '04:30.76', '04:30.80', '04:30.84', '04:30.88', '04:30.92', '04:30.96', '04:31.00', '04:31.04', '04:31.08', '04:31.12', '04:31.16', '04:31.20', '04:31.24', '04:31.28', '04:31.32', '04:31.36', '04:31.40', '04:31.44', '04:31.48', '04:31.52', '04:31.56', '04:31.60', '04:31.64', '04:31.68', '04:31.72', '04:31.76', '04:31.80', '04:31.84', '04:31.88', '04:31.92', '04:31.96', '04:32.00', '04:32.04', '04:32.08', '04:32.12', '04:32.16', '04:32.20', '04:32.24', '04:32.28', '04:32.32', '04:32.36', '04:32.40', '04:32.44', '04:32.48', '04:32.52', '04:32.56', '04:32.60', '04:32.64', '04:32.68', '04:32.72', '04:32.76', '04:32.80', '04:32.84', '04:32.88', '04:32.92', '04:32.96', '04:33.00', '04:33.04', '04:33.08', '04:33.12', '04:33.16', '04:33.20', '04:33.24', '04:33.28', '04:33.32', '04:33.36', '04:33.40', '04:33.44', '04:33.48', '04:33.52', '04:33.56', '04:33.60', '04:33.64', '04:33.68', '04:33.72', '04:33.76', '04:33.80', '04:33.84', '04:33.88', '04:33.92', '04:33.96', '04:34.00', '04:34.04', '04:34.20', '04:34.24', '04:34.28', '04:34.32', '04:34.36', '04:34.40', '04:34.44', '04:34.48', '04:34.52', '04:34.56', '04:34.60', '04:34.64', '04:34.68', '04:34.72', '04:34.76', '04:34.80', '04:34.84', '04:34.88', '04:34.92', '04:34.96', '04:35.00', '04:35.04', '04:35.08', '04:35.12', '04:35.16', '04:35.20', '04:35.24', '04:35.28', '04:35.32', '04:35.36', '04:35.40', '04:35.44', '04:35.48', '04:35.52', '04:35.56', '04:35.60', '04:35.64', '04:35.68', '04:35.72', '04:35.76', '04:35.80', '04:35.84', '04:35.88', '04:35.92', '04:35.96', '04:36.00', '04:36.04', '04:36.08', '04:36.12', '04:36.16', '04:36.20', '04:36.24', '04:36.28', '04:36.32', '04:36.36', '04:36.40', '04:36.44', '04:36.48', '04:36.52', '04:36.56', '04:36.60', '04:36.64', '04:36.68', '04:36.72', '04:36.76', '04:36.80', '04:36.84', '04:36.88', '04:36.92', '04:36.96', '04:37.00', '04:37.04', '04:37.08', '04:37.12', '04:37.16', '04:37.20', '04:37.24', '04:37.28', '04:37.32', '04:37.36', '04:37.40', '04:37.44', '04:37.48', '04:37.52', '04:37.56', '04:37.60', '04:37.64', '04:37.68', '04:37.72', '04:37.76', '04:37.80', '04:37.84', '04:37.88', '04:37.92', '04:37.96', '04:38.00', '04:38.04', '04:38.08', '04:38.12', '04:38.16', '04:38.20', '04:38.24', '04:38.28', '04:38.32', '04:38.36', '04:38.40', '04:38.44', '04:38.48', '04:38.52', '04:38.56', '04:38.60', '04:38.64', '04:38.68', '04:38.72', '04:38.76', '04:38.80', '04:38.84', '04:38.88', '04:38.92', '04:38.96', '04:39.00', '04:39.04', '04:39.08', '04:39.12', '04:39.16', '04:39.20', '04:39.24', '04:39.28', '04:39.32', '04:39.48', '04:39.52', '04:39.56', '04:39.60', '04:39.64', '04:39.68', '04:39.72', '04:39.76', '04:39.80', '04:39.84', '04:39.88', '04:39.92', '04:39.96', '04:40.00', '04:40.04', '04:40.08', '04:40.12', '04:40.16', '04:40.20', '04:40.24', '04:40.28', '04:40.32', '04:40.36', '04:40.40', '04:40.44', '04:40.48', '04:40.52', '04:40.56', '04:40.60', '04:40.64', '04:40.68', '04:40.72', '04:40.76', '04:40.80', '04:40.84', '04:40.88', '04:40.92', '04:40.96', '04:41.00', '04:41.04', '04:41.08', '04:41.12', '04:41.16', '04:41.20', '04:41.24', '04:41.28', '04:41.32', '04:41.36', '04:41.40', '04:41.44', '04:41.48', '04:41.52', '04:41.56', '04:41.60', '04:41.64', '04:41.68', '04:41.72', '04:41.76', '04:41.80', '04:41.84', '04:41.88', '04:41.92', '04:41.96', '04:42.00', '04:42.04', '04:42.08', '04:42.12', '04:42.16', '04:42.20', '04:42.24', '04:42.28', '04:42.32', '04:42.36', '04:42.40', '04:42.44', '04:42.48', '04:42.52', '04:42.56', '04:42.60', '04:42.64', '04:42.68', '04:42.72', '04:42.76', '04:42.80', '04:42.84', '04:42.88', '04:42.92', '04:42.96', '04:43.00', '04:43.04', '04:43.08', '04:43.12', '04:43.16', '04:43.20', '04:43.24', '04:43.28', '04:43.32', '04:43.36', '04:43.40', '04:43.44', '04:43.48', '04:43.52', '04:43.56', '04:43.60', '04:43.64', '04:43.68', '04:43.72', '04:43.76', '04:43.80', '04:43.84', '04:43.88', '04:43.92', '04:43.96', '04:44.00', '04:44.04', '04:44.08', '04:44.12', '04:44.16', '04:44.20', '04:44.24', '04:44.28', '04:44.32', '04:44.36', '04:44.40', '04:44.44', '04:44.48', '04:44.52', '04:44.56', '04:44.60', '04:44.64', '04:44.68', '04:44.72', '04:44.76', '04:44.80', '04:44.84', '04:44.88', '04:44.92', '04:44.96', '04:45.00', '04:45.04', '04:45.08', '04:45.12', '04:45.16', '04:45.20', '04:45.24', '04:45.28', '04:45.32', '04:45.36', '04:45.40', '04:45.44', '04:45.48', '04:45.52', '04:45.56', '04:45.60', '04:45.64', '04:45.68', '04:45.72', '04:45.76', '04:45.80', '04:45.84', '04:45.88', '04:45.92', '04:45.96', '04:46.00', '04:46.04', '04:46.08', '04:46.12', '04:46.16', '04:46.20', '04:46.24', '04:46.28', '04:46.32', '04:46.36', '04:46.40', '04:46.44', '04:46.48', '04:46.52', '04:46.56', '04:46.60', '04:46.64', '04:46.68', '04:46.72', '04:46.76', '04:46.80', '04:46.84', '04:46.88', '04:46.92', '04:46.96', '04:47.00', '04:47.04', '04:47.08', '04:47.12', '04:47.16', '04:47.20', '04:47.24', '04:47.44', '04:47.48', '04:47.52', '04:47.56', '04:47.60', '04:47.64', '04:47.68', '04:47.72', '04:47.76', '04:47.80', '04:47.84', '04:47.88', '04:47.92', '04:47.96', '04:48.00', '04:48.04', '04:48.08', '04:48.12', '04:48.16', '04:48.20', '04:48.24', '04:48.28', '04:48.32', '04:48.36', '04:48.40', '04:48.44', '04:48.48', '04:48.52', '04:48.56', '04:48.60', '04:48.64', '04:48.68', '04:48.72', '04:48.76', '04:48.80', '04:48.84', '04:48.88', '04:48.92', '04:48.96', '04:49.00', '04:49.04', '04:49.08', '04:49.12', '04:49.16', '04:49.20', '04:49.24', '04:49.28', '04:49.32', '04:49.36', '04:49.40', '04:49.44', '04:49.48', '04:49.52', '04:49.56', '04:49.60', '04:49.64', '04:49.68', '04:49.72', '04:49.76', '04:49.80', '04:49.84', '04:49.88', '04:49.92', '04:49.96', '04:50.00', '04:50.04', '04:50.08', '04:50.12', '04:50.16', '04:50.20', '04:50.24', '04:50.28', '04:50.32', '04:50.36', '04:50.40', '04:50.44', '04:50.48', '04:50.52', '04:50.56', '04:50.60', '04:50.64', '04:50.68', '04:50.72', '04:50.76', '04:50.80', '04:50.84', '04:50.88', '04:50.92', '04:50.96', '04:51.00', '04:51.04', '04:51.08', '04:51.12', '04:51.16', '04:51.20', '04:51.24', '04:51.28', '04:56.28', '04:56.32', '04:56.36', '04:56.40', '04:56.44']
2026-02-18 21:36:25,405 | INFO | Running QC checks...
2026-02-18 21:36:27,888 | INFO | Running Black Frame Check on downscaled video...
2026-02-18 21:36:29,900 | INFO | Checking black frames on downscaled video...
2026-02-18 21:36:32,680 | INFO | No black frames detected.
2026-02-18 21:36:34,022 | INFO | Running Scan Type Check on original file...
2026-02-18 21:36:36,000 | INFO | Checking scan type...
2026-02-18 21:36:38,018 | INFO | Scan type: INTERLACE
2026-02-18 21:36:39,956 | INFO | Running Silence Check on original file...
2026-02-18 21:36:41,962 | INFO | Checking audio silence...
2026-02-18 21:37:00,190 | INFO | No silence detected.
2026-02-18 21:37:00,190 | INFO | Running Audio Peak Check on original file...
2026-02-18 21:37:01,199 | INFO | Checking audio peak level...
2026-02-18 21:37:18,619 | INFO | Max Peak: -8.0 dB
2026-02-18 21:37:18,620 | INFO | Audio peak level OK.
2026-02-18 21:37:19,609 | INFO | Running Audio Phase Check on original file...
2026-02-18 21:37:20,595 | INFO | Checking audio phase correlation...
2026-02-18 21:37:21,617 | INFO | Phase scan skipped.
2026-02-18 21:37:22,708 | INFO | Temporary file cleaned up
2026-02-19 13:34:38,809 | INFO | Waiting copy complete: TESTFC01011.mxf
2026-02-19 13:34:50,815 | INFO | Copy complete. Start QC.
2026-02-19 13:34:50,817 | INFO | Detected : TESTFC01011.mxf
2026-02-19 13:34:50,821 | INFO | Folder   : D:\test_vid
2026-02-19 13:34:50,824 | INFO | Waiting file release...
2026-02-19 13:34:51,885 | INFO | Checking metadata...
2026-02-19 13:34:56,987 | INFO | Metadata OK
2026-02-19 13:34:56,988 | INFO | Starting downscale process...
2026-02-19 13:35:12,106 | INFO | Downscale complete: TESTFC01011_downscale.yuv
2026-02-19 13:35:12,107 | INFO | Analyzing video (freeze + scratch)...
2026-02-19 13:35:43,903 | INFO | FREEZE DETECTED @ ['00:15.80', '00:15.96']
2026-02-19 13:35:43,904 | INFO | SCRATCH DETECTED @ ['00:00.00', '00:00.04', '00:00.08', '00:00.12', '00:00.16', '00:00.20', '00:00.24', '00:00.28', '00:00.32', '00:00.36', '00:00.40', '00:00.44', '00:00.48', '00:00.52', '00:00.56', '00:00.60', '00:00.64', '00:00.68', '00:00.72', '00:00.76', '00:00.80', '00:00.84', '00:00.88', '00:00.92', '00:00.96', '00:01.00', '00:01.04', '00:01.08', '00:01.12', '00:01.16', '00:01.20', '00:01.24', '00:01.28', '00:01.32', '00:01.36', '00:01.40', '00:01.44', '00:01.48', '00:01.52', '00:01.56', '00:01.60', '00:01.64', '00:01.68', '00:01.72', '00:01.76', '00:01.80', '00:01.84', '00:01.88', '00:01.92', '00:01.96', '00:02.00', '00:02.04', '00:02.08', '00:02.12', '00:02.16', '00:02.20', '00:02.24', '00:02.28', '00:02.32', '00:02.36', '00:02.40', '00:02.44', '00:02.48', '00:02.52', '00:02.56', '00:02.60', '00:02.64', '00:02.68', '00:02.72', '00:02.76', '00:02.80', '00:02.84', '00:02.88', '00:02.92', '00:02.96', '00:03.00', '00:03.04', '00:03.08', '00:03.12', '00:03.16', '00:03.20', '00:03.24', '00:03.28', '00:03.32', '00:03.36', '00:03.40', '00:03.44', '00:03.48', '00:03.52', '00:03.56', '00:03.60', '00:03.64', '00:03.68', '00:03.72', '00:03.76', '00:03.80', '00:03.84', '00:03.88', '00:03.92', '00:03.96', '00:04.00', '00:04.04', '00:04.08', '00:04.12', '00:04.16', '00:04.20', '00:04.24', '00:04.28', '00:04.32', '00:04.36', '00:04.40', '00:04.44', '00:04.48', '00:04.52', '00:04.56', '00:04.60', '00:04.64', '00:04.68', '00:04.72', '00:04.76', '00:04.80', '00:04.84', '00:04.88', '00:04.92', '00:04.96', '00:05.00', '00:05.04', '00:05.08', '00:05.12', '00:05.16', '00:05.20', '00:05.24', '00:05.28', '00:05.32', '00:05.36', '00:05.40', '00:05.44', '00:05.48', '00:05.52', '00:05.56', '00:05.60', '00:05.64', '00:05.68', '00:05.72', '00:05.76', '00:05.80', '00:05.84', '00:05.88', '00:05.92', '00:05.96', '00:06.00', '00:06.04', '00:06.08', '00:06.12', '00:06.16', '00:06.20', '00:06.24', '00:06.28', '00:06.32', '00:06.36', '00:06.40', '00:06.44', '00:06.48', '00:06.52', '00:06.56', '00:06.60', '00:06.64', '00:06.68', '00:06.72', '00:06.76', '00:06.80', '00:06.84', '00:06.88', '00:06.92', '00:06.96', '00:07.00', '00:07.04', '00:07.08', '00:07.12', '00:07.16', '00:07.20', '00:07.24', '00:07.28', '00:07.32', '00:07.36', '00:07.40', '00:07.44', '00:07.48', '00:07.52', '00:07.56', '00:07.60', '00:07.64', '00:07.68', '00:07.72', '00:07.76', '00:07.80', '00:07.84', '00:07.88', '00:07.92', '00:07.96', '00:08.00', '00:08.04', '00:08.08', '00:08.12', '00:08.16', '00:08.20', '00:08.24', '00:08.28', '00:08.32', '00:08.36', '00:08.40', '00:08.44', '00:08.48', '00:08.52', '00:08.56', '00:08.60', '00:08.64', '00:08.68', '00:08.72', '00:08.76', '00:08.80', '00:08.84', '00:08.88', '00:08.92', '00:08.96', '00:09.00', '00:09.04', '00:09.08', '00:09.12', '00:09.16', '00:09.20', '00:09.24', '00:09.28', '00:09.32', '00:09.36', '00:09.40', '00:09.44', '00:09.48', '00:09.52', '00:09.56', '00:09.60', '00:09.64', '00:09.68', '00:09.72', '00:09.76', '00:09.80', '00:09.84', '00:09.88', '00:09.92', '00:09.96', '00:10.00', '00:10.04', '00:10.08', '00:10.12', '00:10.16', '00:10.20', '00:10.24', '00:10.28', '00:10.32', '00:10.36', '00:10.40', '00:10.44', '00:10.48', '00:10.52', '00:10.56', '00:10.60', '00:10.64', '00:10.68', '00:10.72', '00:10.76', '00:10.80', '00:10.84', '00:10.88', '00:10.92', '00:10.96', '00:11.00', '00:11.04', '00:11.08', '00:11.12', '00:11.16', '00:11.20', '00:11.24', '00:11.28', '00:11.32', '00:11.36', '00:11.40', '00:11.44', '00:11.48', '00:11.52', '00:11.56', '00:11.60', '00:11.64', '00:11.68', '00:11.72', '00:11.76', '00:11.80', '00:11.84', '00:11.88', '00:11.92', '00:11.96', '00:12.00', '00:12.04', '00:12.08', '00:12.12', '00:12.16', '00:12.20', '00:12.24', '00:12.28', '00:12.32', '00:12.36', '00:12.40', '00:12.44', '00:12.48', '00:12.52', '00:12.56', '00:12.60', '00:12.64', '00:12.68', '00:12.72', '00:12.76', '00:12.80', '00:12.84', '00:12.88', '00:12.92', '00:12.96', '00:13.00', '00:13.04', '00:13.08', '00:13.12', '00:13.16', '00:13.20', '00:13.24', '00:13.28', '00:13.32', '00:13.36', '00:13.40', '00:13.44', '00:13.48', '00:13.52', '00:13.56', '00:13.60', '00:13.64', '00:13.68', '00:13.72', '00:13.76', '00:13.80', '00:13.84', '00:13.88', '00:13.92', '00:13.96', '00:14.00', '00:14.04', '00:14.08', '00:14.12', '00:14.16', '00:14.20', '00:14.24', '00:14.28', '00:14.32', '00:14.36', '00:14.40', '00:14.44', '00:14.48', '00:14.52', '00:14.56', '00:14.60', '00:14.64', '00:14.68', '00:14.72', '00:14.76', '00:14.80', '00:14.84', '00:14.88', '00:14.92', '00:14.96', '00:15.00', '00:15.04', '00:15.08', '00:15.12', '00:15.16', '00:15.20', '00:15.24', '00:15.28', '00:15.32', '00:15.36', '00:15.40', '00:15.44', '00:15.48', '00:15.52', '00:15.56', '00:15.60', '00:15.64', '00:15.68', '00:15.72', '00:15.76', '00:15.80', '00:15.84', '00:15.88', '00:15.92', '00:15.96', '00:16.00', '00:16.04', '00:16.08', '00:16.12', '00:16.16', '00:16.20', '00:16.24', '00:16.28', '00:16.32', '00:16.36', '00:16.40', '00:16.44', '00:16.48', '00:16.52', '00:16.56', '00:16.60', '00:16.64', '00:16.68', '00:16.72', '00:16.76', '00:16.80', '00:16.84', '00:16.88', '00:16.92', '00:16.96', '00:17.00', '00:17.04', '00:17.08', '00:17.12', '00:17.16', '00:17.20', '00:17.24', '00:17.28', '00:17.32', '00:17.36', '00:17.40', '00:17.44', '00:17.48', '00:17.52', '00:17.56', '00:17.60', '00:17.64', '00:17.68', '00:17.72', '00:17.76', '00:17.80', '00:17.84', '00:17.88', '00:17.92', '00:17.96', '00:18.00', '00:18.04', '00:18.08', '00:18.12', '00:18.16', '00:18.20', '00:18.24', '00:18.28', '00:18.32', '00:18.36', '00:18.40', '00:18.44', '00:18.48', '00:18.52', '00:18.56', '00:18.60', '00:18.64', '00:18.68', '00:18.72', '00:18.76', '00:18.80', '00:18.84', '00:18.88', '00:18.92', '00:18.96', '00:19.00', '00:19.04', '00:19.08', '00:19.12', '00:19.16', '00:19.20', '00:19.24', '00:19.28', '00:19.32', '00:19.36', '00:19.40', '00:19.44', '00:19.48', '00:19.52', '00:19.56', '00:19.60', '00:19.64', '00:19.68', '00:19.72', '00:19.76', '00:19.80', '00:19.84', '00:19.88', '00:19.92', '00:19.96', '00:20.00', '00:20.04', '00:20.08', '00:20.12', '00:20.16', '00:20.20', '00:20.24', '00:20.28', '00:20.32', '00:20.36', '00:20.40', '00:20.44', '00:20.48', '00:20.52', '00:20.56', '00:20.60', '00:20.64', '00:20.68', '00:20.72', '00:20.76', '00:20.80', '00:20.84', '00:20.88', '00:20.92', '00:20.96', '00:21.00', '00:21.04', '00:21.08', '00:21.12', '00:21.16', '00:21.20', '00:21.24', '00:21.28', '00:21.32', '00:21.36', '00:21.40', '00:21.44', '00:21.48', '00:21.52', '00:21.56', '00:21.60', '00:21.64', '00:21.68', '00:21.72', '00:21.76', '00:21.80', '00:21.84', '00:21.88', '00:21.92', '00:21.96', '00:22.00', '00:22.04', '00:22.08', '00:22.12', '00:22.16', '00:22.20', '00:22.24', '00:22.28', '00:22.32', '00:22.36', '00:22.40', '00:22.44', '00:22.48', '00:22.52', '00:22.56', '00:22.60', '00:22.64', '00:22.68', '00:22.72', '00:22.76', '00:22.80', '00:22.84', '00:22.88', '00:22.92', '00:22.96', '00:23.00', '00:23.04', '00:23.08', '00:23.12', '00:23.16', '00:23.20', '00:23.24', '00:23.28', '00:23.32', '00:23.36', '00:23.40', '00:23.44', '00:23.48', '00:23.52', '00:23.56', '00:23.60', '00:23.64', '00:23.68', '00:23.72', '00:23.76', '00:23.80', '00:23.84', '00:23.88', '00:23.92', '00:23.96', '00:24.00', '00:24.04', '00:24.08', '00:24.12', '00:24.16', '00:24.20', '00:24.24', '00:24.28', '00:24.32', '00:24.36', '00:24.40', '00:24.44', '00:24.48', '00:24.52', '00:24.56', '00:24.60', '00:24.64', '00:24.68', '00:24.72', '00:24.76', '00:24.80', '00:24.84', '00:24.88', '00:24.92', '00:24.96', '00:25.00', '00:25.04', '00:25.08', '00:25.12', '00:25.16', '00:25.20', '00:25.24', '00:25.28', '00:25.32', '00:25.36', '00:25.40', '00:25.44', '00:25.48', '00:25.52', '00:25.56', '00:25.60', '00:25.64', '00:25.68', '00:25.72', '00:25.76', '00:25.80', '00:25.84', '00:25.88', '00:25.92', '00:25.96', '00:26.00', '00:26.04', '00:26.08', '00:26.12', '00:26.16', '00:26.20', '00:26.24', '00:26.28', '00:26.32', '00:26.36', '00:26.40', '00:26.44', '00:26.48', '00:26.52', '00:26.56', '00:26.60', '00:26.64', '00:26.68', '00:26.72', '00:26.76', '00:26.80', '00:26.84', '00:26.88', '00:26.92', '00:26.96', '00:27.00', '00:27.04', '00:27.08', '00:27.12', '00:27.16', '00:27.20', '00:27.24', '00:27.28', '00:27.32', '00:27.36', '00:27.40', '00:27.44', '00:27.48', '00:27.52', '00:27.56', '00:27.60', '00:27.64', '00:27.68', '00:27.72', '00:27.76', '00:27.80', '00:27.84', '00:27.88', '00:27.92', '00:27.96', '00:28.00', '00:28.04', '00:28.08', '00:28.12', '00:28.16', '00:28.20', '00:28.24', '00:28.28', '00:28.32', '00:28.36', '00:28.40', '00:28.44', '00:28.48', '00:28.52', '00:28.56', '00:28.60', '00:28.64', '00:28.68', '00:28.72', '00:28.76', '00:28.80', '00:28.84', '00:28.88', '00:28.92', '00:28.96', '00:29.00', '00:29.04', '00:29.08', '00:29.12', '00:29.16', '00:29.20', '00:29.24', '00:29.28', '00:29.32', '00:29.36', '00:29.40', '00:29.44', '00:29.48', '00:29.52', '00:29.56', '00:29.60', '00:29.64', '00:29.68', '00:29.72', '00:29.76', '00:29.80', '00:29.84', '00:29.88', '00:29.92', '00:29.96', '00:30.00', '00:30.04', '00:30.08', '00:30.12', '00:30.16', '00:30.20', '00:30.24', '00:30.28', '00:30.32', '00:30.36', '00:30.40', '00:30.44', '00:30.48', '00:30.52', '00:30.56', '00:30.60', '00:30.64', '00:30.68', '00:30.72', '00:30.76', '00:30.80', '00:30.84', '00:30.88', '00:30.92', '00:30.96', '00:31.00', '00:31.04', '00:31.08', '00:31.12', '00:31.16', '00:31.20', '00:31.24', '00:31.28', '00:31.32', '00:31.36', '00:31.40', '00:31.44', '00:31.48', '00:31.52', '00:31.56', '00:31.60', '00:31.64', '00:31.68', '00:31.72', '00:31.76', '00:31.80', '00:31.84', '00:31.88', '00:31.92', '00:31.96', '00:32.00', '00:32.04', '00:32.08', '00:32.12', '00:32.16', '00:32.20', '00:32.24', '00:32.28', '00:32.32', '00:32.36', '00:32.40', '00:32.44', '00:32.48', '00:32.52', '00:32.56', '00:32.60', '00:32.64', '00:32.68', '00:32.72', '00:32.76', '00:32.80', '00:32.84', '00:32.88', '00:32.92', '00:32.96', '00:33.00', '00:33.04', '00:33.08', '00:33.12', '00:33.16', '00:33.20', '00:33.24', '00:33.28', '00:33.32', '00:33.36', '00:33.40', '00:33.44', '00:33.48', '00:33.52', '00:33.56', '00:33.60', '00:33.64', '00:33.68', '00:33.72', '00:33.76', '00:33.80', '00:33.84', '00:33.88', '00:33.92', '00:33.96', '00:34.00', '00:34.04', '00:34.08', '00:34.12', '00:34.16', '00:34.20', '00:34.24', '00:34.28', '00:34.32', '00:34.36', '00:34.40', '00:34.44', '00:34.48', '00:34.52', '00:34.56', '00:34.60', '00:34.64', '00:34.68', '00:34.72', '00:34.76', '00:34.80', '00:34.84', '00:34.88', '00:34.92', '00:34.96', '00:35.00', '00:35.04', '00:35.08', '00:35.12', '00:35.16', '00:35.20', '00:35.24', '00:35.28', '00:35.32', '00:35.36', '00:35.40', '00:35.44', '00:35.48', '00:35.52', '00:35.56', '00:35.60', '00:35.64', '00:35.68', '00:35.72', '00:35.76', '00:35.80', '00:35.84', '00:35.88', '00:35.92', '00:35.96', '00:36.00', '00:36.04', '00:36.08', '00:36.12', '00:36.16', '00:36.20', '00:36.24', '00:36.28', '00:36.32', '00:36.36', '00:36.40', '00:36.44', '00:36.48', '00:36.52', '00:36.56', '00:36.60', '00:36.64', '00:36.68', '00:36.72', '00:36.76', '00:36.80', '00:36.84', '00:36.88', '00:36.92', '00:36.96', '00:37.00', '00:37.04', '00:37.08', '00:37.12', '00:37.16', '00:37.20', '00:37.24', '00:37.28', '00:37.32', '00:37.36', '00:37.40', '00:37.44', '00:37.48', '00:37.52', '00:37.56', '00:37.60', '00:37.64', '00:37.68', '00:37.72', '00:37.76', '00:37.80', '00:37.84', '00:37.88', '00:37.92', '00:37.96', '00:38.00', '00:38.04', '00:38.08', '00:38.12', '00:38.16', '00:38.20', '00:38.24', '00:38.28', '00:38.32', '00:38.36', '00:38.40', '00:38.44', '00:38.48', '00:38.52', '00:38.56', '00:38.60', '00:38.64', '00:38.68', '00:38.72', '00:38.76', '00:38.80', '00:38.84', '00:38.88', '00:38.92', '00:38.96', '00:39.00', '00:39.04', '00:39.08', '00:39.12', '00:39.16', '00:39.20', '00:39.24', '00:39.28', '00:39.32', '00:39.36', '00:39.40', '00:39.44', '00:39.48', '00:39.52', '00:39.56', '00:39.60', '00:39.64', '00:39.68', '00:39.72', '00:39.76', '00:39.80', '00:39.84', '00:39.88', '00:39.92', '00:39.96', '00:40.00', '00:40.04', '00:40.08', '00:40.12', '00:40.16', '00:40.20', '00:40.24', '00:40.28', '00:40.32', '00:40.36', '00:40.40', '00:40.44', '00:40.48', '00:40.52', '00:40.56', '00:40.60', '00:40.64', '00:40.68', '00:40.72', '00:40.76', '00:40.80', '00:40.84', '00:40.88', '00:40.92', '00:40.96', '00:41.00', '00:41.04', '00:41.08', '00:41.12', '00:41.16', '00:41.20', '00:41.24', '00:41.28', '00:41.32', '00:41.36', '00:41.40', '00:41.44', '00:41.48', '00:41.52', '00:41.56', '00:41.60', '00:41.64', '00:41.68', '00:41.72', '00:41.76', '00:41.80', '00:41.84', '00:41.88', '00:41.92', '00:41.96', '00:42.00', '00:42.04', '00:42.08', '00:42.12', '00:42.16', '00:42.20', '00:42.24', '00:42.28', '00:42.32', '00:42.36', '00:42.40', '00:42.44', '00:42.48', '00:42.52', '00:42.56', '00:42.60', '00:42.64', '00:42.68', '00:42.72', '00:42.76', '00:42.80', '00:42.84', '00:42.88', '00:42.92', '00:42.96', '00:43.00', '00:43.04', '00:43.08', '00:43.12', '00:43.16', '00:43.20', '00:43.24', '00:43.28', '00:43.32', '00:43.36', '00:43.40', '00:43.44', '00:43.48', '00:43.52', '00:43.56', '00:43.60', '00:43.64', '00:43.68', '00:43.72', '00:43.76', '00:43.80', '00:43.84', '00:43.88', '00:43.92', '00:43.96', '00:44.00', '00:44.04', '00:44.08', '00:44.12', '00:44.16', '00:44.20', '00:44.24', '00:44.28', '00:44.32', '00:44.36', '00:44.40', '00:44.44', '00:44.48', '00:44.52', '00:44.56', '00:44.60', '00:44.64', '00:44.68', '00:44.72', '00:44.76', '00:44.80', '00:44.84', '00:44.88', '00:44.92', '00:44.96', '00:45.00', '00:45.04', '00:45.08', '00:45.12', '00:45.16', '00:45.20', '00:45.24', '00:45.28', '00:45.32', '00:45.36', '00:45.40', '00:45.44', '00:45.48', '00:45.52', '00:45.56', '00:45.60', '00:45.64', '00:45.68', '00:45.72', '00:45.76', '00:45.80', '00:45.84', '00:45.88', '00:45.92', '00:45.96', '00:46.00', '00:46.04', '00:46.08', '00:46.12', '00:46.16', '00:46.20', '00:46.24', '00:46.28', '00:46.32', '00:46.36', '00:46.40', '00:46.44', '00:46.48', '00:46.52', '00:46.56', '00:46.60', '00:46.64', '00:46.68', '00:46.72', '00:46.76', '00:46.80', '00:46.84', '00:46.88', '00:46.92', '00:46.96', '00:47.00', '00:47.04', '00:47.08', '00:47.12', '00:47.16', '00:47.20', '00:47.24', '00:47.28', '00:47.32', '00:47.36', '00:47.40', '00:47.44', '00:47.48', '00:47.52', '00:47.56', '00:47.60', '00:47.64', '00:47.68', '00:47.72', '00:47.76', '00:47.80', '00:47.84', '00:47.88', '00:47.92', '00:47.96', '00:48.00', '00:48.04', '00:48.08', '00:48.12', '00:48.16', '00:48.20', '00:48.24', '00:48.28', '00:48.32', '00:48.36', '00:48.40', '00:48.44', '00:48.48', '00:48.52', '00:48.56', '00:48.60', '00:48.64', '00:48.68', '00:48.72', '00:48.76', '00:48.80', '00:48.84', '00:48.88', '00:48.92', '00:48.96', '00:49.00', '00:49.04', '00:49.08', '00:49.12', '00:49.16', '00:49.20', '00:49.24', '00:49.28', '00:49.32', '00:49.36', '00:49.40', '00:49.44', '00:49.48', '00:49.52', '00:49.56', '00:49.60', '00:49.64', '00:49.68', '00:49.72', '00:49.76', '00:49.80', '00:49.84', '00:49.88', '00:49.92', '00:49.96', '00:50.00', '00:50.04', '00:50.08', '00:50.12', '00:50.16', '00:50.20', '00:50.24', '00:50.28', '00:50.32', '00:50.36', '00:50.40', '00:50.44', '00:50.48', '00:50.52', '00:50.56', '00:50.60', '00:50.64', '00:50.68', '00:50.72', '00:50.76', '00:50.80', '00:50.84', '00:50.88', '00:50.92', '00:50.96', '00:51.00', '00:51.04', '00:51.08', '00:51.12', '00:51.16', '00:51.20', '00:51.24', '00:51.28', '00:51.32', '00:51.36', '00:51.40', '00:51.44', '00:51.48', '00:51.52', '00:51.56', '00:51.60', '00:51.64', '00:51.68', '00:51.72', '00:51.76', '00:51.80', '00:51.84', '00:51.88', '00:51.92', '00:51.96', '00:52.00', '00:52.04', '00:52.08', '00:52.12', '00:52.16']
2026-02-19 13:35:43,906 | INFO | Running QC checks...
2026-02-19 13:35:44,023 | INFO | Running Black Frame Check on downscaled video...
2026-02-19 13:35:44,117 | INFO | Checking black frames on downscaled video...
2026-02-19 13:35:44,363 | INFO | No black frames detected.
2026-02-19 13:35:44,364 | INFO | Running Scan Type Check on original file...
2026-02-19 13:35:44,453 | INFO | Checking scan type...
2026-02-19 13:35:44,589 | INFO | Scan type: INTERLACE
2026-02-19 13:35:44,644 | INFO | Running Silence Check on original file...
2026-02-19 13:35:44,734 | INFO | Checking audio silence...
2026-02-19 13:35:47,718 | INFO | No silence detected.
2026-02-19 13:35:47,718 | INFO | Running Audio Peak Check on original file...
2026-02-19 13:35:47,763 | INFO | Checking audio peak level...
2026-02-19 13:35:50,726 | INFO | Max Peak: -2.9 dB
2026-02-19 13:35:50,727 | INFO | Audio peak level OK.
2026-02-19 13:35:50,773 | INFO | Running Audio Phase Check on original file...
2026-02-19 13:35:50,818 | INFO | Checking audio phase correlation...
2026-02-19 13:35:50,898 | INFO | Phase scan skipped.
2026-02-19 13:35:50,937 | INFO | Temporary file cleaned up
2026-02-19 13:49:16,289 | INFO | Waiting copy complete: TESTFC0101 1.mxf
2026-02-19 13:49:28,296 | INFO | Copy complete. Start QC.
2026-02-19 13:49:28,298 | INFO | Detected : TESTFC0101 1.mxf
2026-02-19 13:49:28,302 | INFO | Folder   : D:\test_vid
2026-02-19 13:49:28,304 | INFO | Waiting file release...
2026-02-19 13:49:29,307 | INFO | Checking metadata...
2026-02-19 13:49:29,394 | INFO | Metadata OK
2026-02-19 13:49:29,394 | INFO | Starting downscale process...
2026-02-19 13:49:36,304 | INFO | Downscale complete: TESTFC0101 1_downscale.yuv
2026-02-19 13:49:36,305 | INFO | Analyzing video (freeze + scratch)...
2026-02-19 13:50:07,714 | INFO | FREEZE DETECTED @ ['00:15.80', '00:15.96']
2026-02-19 13:50:07,715 | INFO | SCRATCH DETECTED @ ['00:00.00', '00:00.04', '00:00.08', '00:00.12', '00:00.16', '00:00.20', '00:00.24', '00:00.28', '00:00.32', '00:00.36', '00:00.40', '00:00.44', '00:00.48', '00:00.52', '00:00.56', '00:00.60', '00:00.64', '00:00.68', '00:00.72', '00:00.76', '00:00.80', '00:00.84', '00:00.88', '00:00.92', '00:00.96', '00:01.00', '00:01.04', '00:01.08', '00:01.12', '00:01.16', '00:01.20', '00:01.24', '00:01.28', '00:01.32', '00:01.36', '00:01.40', '00:01.44', '00:01.48', '00:01.52', '00:01.56', '00:01.60', '00:01.64', '00:01.68', '00:01.72', '00:01.76', '00:01.80', '00:01.84', '00:01.88', '00:01.92', '00:01.96', '00:02.00', '00:02.04', '00:02.08', '00:02.12', '00:02.16', '00:02.20', '00:02.24', '00:02.28', '00:02.32', '00:02.36', '00:02.40', '00:02.44', '00:02.48', '00:02.52', '00:02.56', '00:02.60', '00:02.64', '00:02.68', '00:02.72', '00:02.76', '00:02.80', '00:02.84', '00:02.88', '00:02.92', '00:02.96', '00:03.00', '00:03.04', '00:03.08', '00:03.12', '00:03.16', '00:03.20', '00:03.24', '00:03.28', '00:03.32', '00:03.36', '00:03.40', '00:03.44', '00:03.48', '00:03.52', '00:03.56', '00:03.60', '00:03.64', '00:03.68', '00:03.72', '00:03.76', '00:03.80', '00:03.84', '00:03.88', '00:03.92', '00:03.96', '00:04.00', '00:04.04', '00:04.08', '00:04.12', '00:04.16', '00:04.20', '00:04.24', '00:04.28', '00:04.32', '00:04.36', '00:04.40', '00:04.44', '00:04.48', '00:04.52', '00:04.56', '00:04.60', '00:04.64', '00:04.68', '00:04.72', '00:04.76', '00:04.80', '00:04.84', '00:04.88', '00:04.92', '00:04.96', '00:05.00', '00:05.04', '00:05.08', '00:05.12', '00:05.16', '00:05.20', '00:05.24', '00:05.28', '00:05.32', '00:05.36', '00:05.40', '00:05.44', '00:05.48', '00:05.52', '00:05.56', '00:05.60', '00:05.64', '00:05.68', '00:05.72', '00:05.76', '00:05.80', '00:05.84', '00:05.88', '00:05.92', '00:05.96', '00:06.00', '00:06.04', '00:06.08', '00:06.12', '00:06.16', '00:06.20', '00:06.24', '00:06.28', '00:06.32', '00:06.36', '00:06.40', '00:06.44', '00:06.48', '00:06.52', '00:06.56', '00:06.60', '00:06.64', '00:06.68', '00:06.72', '00:06.76', '00:06.80', '00:06.84', '00:06.88', '00:06.92', '00:06.96', '00:07.00', '00:07.04', '00:07.08', '00:07.12', '00:07.16', '00:07.20', '00:07.24', '00:07.28', '00:07.32', '00:07.36', '00:07.40', '00:07.44', '00:07.48', '00:07.52', '00:07.56', '00:07.60', '00:07.64', '00:07.68', '00:07.72', '00:07.76', '00:07.80', '00:07.84', '00:07.88', '00:07.92', '00:07.96', '00:08.00', '00:08.04', '00:08.08', '00:08.12', '00:08.16', '00:08.20', '00:08.24', '00:08.28', '00:08.32', '00:08.36', '00:08.40', '00:08.44', '00:08.48', '00:08.52', '00:08.56', '00:08.60', '00:08.64', '00:08.68', '00:08.72', '00:08.76', '00:08.80', '00:08.84', '00:08.88', '00:08.92', '00:08.96', '00:09.00', '00:09.04', '00:09.08', '00:09.12', '00:09.16', '00:09.20', '00:09.24', '00:09.28', '00:09.32', '00:09.36', '00:09.40', '00:09.44', '00:09.48', '00:09.52', '00:09.56', '00:09.60', '00:09.64', '00:09.68', '00:09.72', '00:09.76', '00:09.80', '00:09.84', '00:09.88', '00:09.92', '00:09.96', '00:10.00', '00:10.04', '00:10.08', '00:10.12', '00:10.16', '00:10.20', '00:10.24', '00:10.28', '00:10.32', '00:10.36', '00:10.40', '00:10.44', '00:10.48', '00:10.52', '00:10.56', '00:10.60', '00:10.64', '00:10.68', '00:10.72', '00:10.76', '00:10.80', '00:10.84', '00:10.88', '00:10.92', '00:10.96', '00:11.00', '00:11.04', '00:11.08', '00:11.12', '00:11.16', '00:11.20', '00:11.24', '00:11.28', '00:11.32', '00:11.36', '00:11.40', '00:11.44', '00:11.48', '00:11.52', '00:11.56', '00:11.60', '00:11.64', '00:11.68', '00:11.72', '00:11.76', '00:11.80', '00:11.84', '00:11.88', '00:11.92', '00:11.96', '00:12.00', '00:12.04', '00:12.08', '00:12.12', '00:12.16', '00:12.20', '00:12.24', '00:12.28', '00:12.32', '00:12.36', '00:12.40', '00:12.44', '00:12.48', '00:12.52', '00:12.56', '00:12.60', '00:12.64', '00:12.68', '00:12.72', '00:12.76', '00:12.80', '00:12.84', '00:12.88', '00:12.92', '00:12.96', '00:13.00', '00:13.04', '00:13.08', '00:13.12', '00:13.16', '00:13.20', '00:13.24', '00:13.28', '00:13.32', '00:13.36', '00:13.40', '00:13.44', '00:13.48', '00:13.52', '00:13.56', '00:13.60', '00:13.64', '00:13.68', '00:13.72', '00:13.76', '00:13.80', '00:13.84', '00:13.88', '00:13.92', '00:13.96', '00:14.00', '00:14.04', '00:14.08', '00:14.12', '00:14.16', '00:14.20', '00:14.24', '00:14.28', '00:14.32', '00:14.36', '00:14.40', '00:14.44', '00:14.48', '00:14.52', '00:14.56', '00:14.60', '00:14.64', '00:14.68', '00:14.72', '00:14.76', '00:14.80', '00:14.84', '00:14.88', '00:14.92', '00:14.96', '00:15.00', '00:15.04', '00:15.08', '00:15.12', '00:15.16', '00:15.20', '00:15.24', '00:15.28', '00:15.32', '00:15.36', '00:15.40', '00:15.44', '00:15.48', '00:15.52', '00:15.56', '00:15.60', '00:15.64', '00:15.68', '00:15.72', '00:15.76', '00:15.80', '00:15.84', '00:15.88', '00:15.92', '00:15.96', '00:16.00', '00:16.04', '00:16.08', '00:16.12', '00:16.16', '00:16.20', '00:16.24', '00:16.28', '00:16.32', '00:16.36', '00:16.40', '00:16.44', '00:16.48', '00:16.52', '00:16.56', '00:16.60', '00:16.64', '00:16.68', '00:16.72', '00:16.76', '00:16.80', '00:16.84', '00:16.88', '00:16.92', '00:16.96', '00:17.00', '00:17.04', '00:17.08', '00:17.12', '00:17.16', '00:17.20', '00:17.24', '00:17.28', '00:17.32', '00:17.36', '00:17.40', '00:17.44', '00:17.48', '00:17.52', '00:17.56', '00:17.60', '00:17.64', '00:17.68', '00:17.72', '00:17.76', '00:17.80', '00:17.84', '00:17.88', '00:17.92', '00:17.96', '00:18.00', '00:18.04', '00:18.08', '00:18.12', '00:18.16', '00:18.20', '00:18.24', '00:18.28', '00:18.32', '00:18.36', '00:18.40', '00:18.44', '00:18.48', '00:18.52', '00:18.56', '00:18.60', '00:18.64', '00:18.68', '00:18.72', '00:18.76', '00:18.80', '00:18.84', '00:18.88', '00:18.92', '00:18.96', '00:19.00', '00:19.04', '00:19.08', '00:19.12', '00:19.16', '00:19.20', '00:19.24', '00:19.28', '00:19.32', '00:19.36', '00:19.40', '00:19.44', '00:19.48', '00:19.52', '00:19.56', '00:19.60', '00:19.64', '00:19.68', '00:19.72', '00:19.76', '00:19.80', '00:19.84', '00:19.88', '00:19.92', '00:19.96', '00:20.00', '00:20.04', '00:20.08', '00:20.12', '00:20.16', '00:20.20', '00:20.24', '00:20.28', '00:20.32', '00:20.36', '00:20.40', '00:20.44', '00:20.48', '00:20.52', '00:20.56', '00:20.60', '00:20.64', '00:20.68', '00:20.72', '00:20.76', '00:20.80', '00:20.84', '00:20.88', '00:20.92', '00:20.96', '00:21.00', '00:21.04', '00:21.08', '00:21.12', '00:21.16', '00:21.20', '00:21.24', '00:21.28', '00:21.32', '00:21.36', '00:21.40', '00:21.44', '00:21.48', '00:21.52', '00:21.56', '00:21.60', '00:21.64', '00:21.68', '00:21.72', '00:21.76', '00:21.80', '00:21.84', '00:21.88', '00:21.92', '00:21.96', '00:22.00', '00:22.04', '00:22.08', '00:22.12', '00:22.16', '00:22.20', '00:22.24', '00:22.28', '00:22.32', '00:22.36', '00:22.40', '00:22.44', '00:22.48', '00:22.52', '00:22.56', '00:22.60', '00:22.64', '00:22.68', '00:22.72', '00:22.76', '00:22.80', '00:22.84', '00:22.88', '00:22.92', '00:22.96', '00:23.00', '00:23.04', '00:23.08', '00:23.12', '00:23.16', '00:23.20', '00:23.24', '00:23.28', '00:23.32', '00:23.36', '00:23.40', '00:23.44', '00:23.48', '00:23.52', '00:23.56', '00:23.60', '00:23.64', '00:23.68', '00:23.72', '00:23.76', '00:23.80', '00:23.84', '00:23.88', '00:23.92', '00:23.96', '00:24.00', '00:24.04', '00:24.08', '00:24.12', '00:24.16', '00:24.20', '00:24.24', '00:24.28', '00:24.32', '00:24.36', '00:24.40', '00:24.44', '00:24.48', '00:24.52', '00:24.56', '00:24.60', '00:24.64', '00:24.68', '00:24.72', '00:24.76', '00:24.80', '00:24.84', '00:24.88', '00:24.92', '00:24.96', '00:25.00', '00:25.04', '00:25.08', '00:25.12', '00:25.16', '00:25.20', '00:25.24', '00:25.28', '00:25.32', '00:25.36', '00:25.40', '00:25.44', '00:25.48', '00:25.52', '00:25.56', '00:25.60', '00:25.64', '00:25.68', '00:25.72', '00:25.76', '00:25.80', '00:25.84', '00:25.88', '00:25.92', '00:25.96', '00:26.00', '00:26.04', '00:26.08', '00:26.12', '00:26.16', '00:26.20', '00:26.24', '00:26.28', '00:26.32', '00:26.36', '00:26.40', '00:26.44', '00:26.48', '00:26.52', '00:26.56', '00:26.60', '00:26.64', '00:26.68', '00:26.72', '00:26.76', '00:26.80', '00:26.84', '00:26.88', '00:26.92', '00:26.96', '00:27.00', '00:27.04', '00:27.08', '00:27.12', '00:27.16', '00:27.20', '00:27.24', '00:27.28', '00:27.32', '00:27.36', '00:27.40', '00:27.44', '00:27.48', '00:27.52', '00:27.56', '00:27.60', '00:27.64', '00:27.68', '00:27.72', '00:27.76', '00:27.80', '00:27.84', '00:27.88', '00:27.92', '00:27.96', '00:28.00', '00:28.04', '00:28.08', '00:28.12', '00:28.16', '00:28.20', '00:28.24', '00:28.28', '00:28.32', '00:28.36', '00:28.40', '00:28.44', '00:28.48', '00:28.52', '00:28.56', '00:28.60', '00:28.64', '00:28.68', '00:28.72', '00:28.76', '00:28.80', '00:28.84', '00:28.88', '00:28.92', '00:28.96', '00:29.00', '00:29.04', '00:29.08', '00:29.12', '00:29.16', '00:29.20', '00:29.24', '00:29.28', '00:29.32', '00:29.36', '00:29.40', '00:29.44', '00:29.48', '00:29.52', '00:29.56', '00:29.60', '00:29.64', '00:29.68', '00:29.72', '00:29.76', '00:29.80', '00:29.84', '00:29.88', '00:29.92', '00:29.96', '00:30.00', '00:30.04', '00:30.08', '00:30.12', '00:30.16', '00:30.20', '00:30.24', '00:30.28', '00:30.32', '00:30.36', '00:30.40', '00:30.44', '00:30.48', '00:30.52', '00:30.56', '00:30.60', '00:30.64', '00:30.68', '00:30.72', '00:30.76', '00:30.80', '00:30.84', '00:30.88', '00:30.92', '00:30.96', '00:31.00', '00:31.04', '00:31.08', '00:31.12', '00:31.16', '00:31.20', '00:31.24', '00:31.28', '00:31.32', '00:31.36', '00:31.40', '00:31.44', '00:31.48', '00:31.52', '00:31.56', '00:31.60', '00:31.64', '00:31.68', '00:31.72', '00:31.76', '00:31.80', '00:31.84', '00:31.88', '00:31.92', '00:31.96', '00:32.00', '00:32.04', '00:32.08', '00:32.12', '00:32.16', '00:32.20', '00:32.24', '00:32.28', '00:32.32', '00:32.36', '00:32.40', '00:32.44', '00:32.48', '00:32.52', '00:32.56', '00:32.60', '00:32.64', '00:32.68', '00:32.72', '00:32.76', '00:32.80', '00:32.84', '00:32.88', '00:32.92', '00:32.96', '00:33.00', '00:33.04', '00:33.08', '00:33.12', '00:33.16', '00:33.20', '00:33.24', '00:33.28', '00:33.32', '00:33.36', '00:33.40', '00:33.44', '00:33.48', '00:33.52', '00:33.56', '00:33.60', '00:33.64', '00:33.68', '00:33.72', '00:33.76', '00:33.80', '00:33.84', '00:33.88', '00:33.92', '00:33.96', '00:34.00', '00:34.04', '00:34.08', '00:34.12', '00:34.16', '00:34.20', '00:34.24', '00:34.28', '00:34.32', '00:34.36', '00:34.40', '00:34.44', '00:34.48', '00:34.52', '00:34.56', '00:34.60', '00:34.64', '00:34.68', '00:34.72', '00:34.76', '00:34.80', '00:34.84', '00:34.88', '00:34.92', '00:34.96', '00:35.00', '00:35.04', '00:35.08', '00:35.12', '00:35.16', '00:35.20', '00:35.24', '00:35.28', '00:35.32', '00:35.36', '00:35.40', '00:35.44', '00:35.48', '00:35.52', '00:35.56', '00:35.60', '00:35.64', '00:35.68', '00:35.72', '00:35.76', '00:35.80', '00:35.84', '00:35.88', '00:35.92', '00:35.96', '00:36.00', '00:36.04', '00:36.08', '00:36.12', '00:36.16', '00:36.20', '00:36.24', '00:36.28', '00:36.32', '00:36.36', '00:36.40', '00:36.44', '00:36.48', '00:36.52', '00:36.56', '00:36.60', '00:36.64', '00:36.68', '00:36.72', '00:36.76', '00:36.80', '00:36.84', '00:36.88', '00:36.92', '00:36.96', '00:37.00', '00:37.04', '00:37.08', '00:37.12', '00:37.16', '00:37.20', '00:37.24', '00:37.28', '00:37.32', '00:37.36', '00:37.40', '00:37.44', '00:37.48', '00:37.52', '00:37.56', '00:37.60', '00:37.64', '00:37.68', '00:37.72', '00:37.76', '00:37.80', '00:37.84', '00:37.88', '00:37.92', '00:37.96', '00:38.00', '00:38.04', '00:38.08', '00:38.12', '00:38.16', '00:38.20', '00:38.24', '00:38.28', '00:38.32', '00:38.36', '00:38.40', '00:38.44', '00:38.48', '00:38.52', '00:38.56', '00:38.60', '00:38.64', '00:38.68', '00:38.72', '00:38.76', '00:38.80', '00:38.84', '00:38.88', '00:38.92', '00:38.96', '00:39.00', '00:39.04', '00:39.08', '00:39.12', '00:39.16', '00:39.20', '00:39.24', '00:39.28', '00:39.32', '00:39.36', '00:39.40', '00:39.44', '00:39.48', '00:39.52', '00:39.56', '00:39.60', '00:39.64', '00:39.68', '00:39.72', '00:39.76', '00:39.80', '00:39.84', '00:39.88', '00:39.92', '00:39.96', '00:40.00', '00:40.04', '00:40.08', '00:40.12', '00:40.16', '00:40.20', '00:40.24', '00:40.28', '00:40.32', '00:40.36', '00:40.40', '00:40.44', '00:40.48', '00:40.52', '00:40.56', '00:40.60', '00:40.64', '00:40.68', '00:40.72', '00:40.76', '00:40.80', '00:40.84', '00:40.88', '00:40.92', '00:40.96', '00:41.00', '00:41.04', '00:41.08', '00:41.12', '00:41.16', '00:41.20', '00:41.24', '00:41.28', '00:41.32', '00:41.36', '00:41.40', '00:41.44', '00:41.48', '00:41.52', '00:41.56', '00:41.60', '00:41.64', '00:41.68', '00:41.72', '00:41.76', '00:41.80', '00:41.84', '00:41.88', '00:41.92', '00:41.96', '00:42.00', '00:42.04', '00:42.08', '00:42.12', '00:42.16', '00:42.20', '00:42.24', '00:42.28', '00:42.32', '00:42.36', '00:42.40', '00:42.44', '00:42.48', '00:42.52', '00:42.56', '00:42.60', '00:42.64', '00:42.68', '00:42.72', '00:42.76', '00:42.80', '00:42.84', '00:42.88', '00:42.92', '00:42.96', '00:43.00', '00:43.04', '00:43.08', '00:43.12', '00:43.16', '00:43.20', '00:43.24', '00:43.28', '00:43.32', '00:43.36', '00:43.40', '00:43.44', '00:43.48', '00:43.52', '00:43.56', '00:43.60', '00:43.64', '00:43.68', '00:43.72', '00:43.76', '00:43.80', '00:43.84', '00:43.88', '00:43.92', '00:43.96', '00:44.00', '00:44.04', '00:44.08', '00:44.12', '00:44.16', '00:44.20', '00:44.24', '00:44.28', '00:44.32', '00:44.36', '00:44.40', '00:44.44', '00:44.48', '00:44.52', '00:44.56', '00:44.60', '00:44.64', '00:44.68', '00:44.72', '00:44.76', '00:44.80', '00:44.84', '00:44.88', '00:44.92', '00:44.96', '00:45.00', '00:45.04', '00:45.08', '00:45.12', '00:45.16', '00:45.20', '00:45.24', '00:45.28', '00:45.32', '00:45.36', '00:45.40', '00:45.44', '00:45.48', '00:45.52', '00:45.56', '00:45.60', '00:45.64', '00:45.68', '00:45.72', '00:45.76', '00:45.80', '00:45.84', '00:45.88', '00:45.92', '00:45.96', '00:46.00', '00:46.04', '00:46.08', '00:46.12', '00:46.16', '00:46.20', '00:46.24', '00:46.28', '00:46.32', '00:46.36', '00:46.40', '00:46.44', '00:46.48', '00:46.52', '00:46.56', '00:46.60', '00:46.64', '00:46.68', '00:46.72', '00:46.76', '00:46.80', '00:46.84', '00:46.88', '00:46.92', '00:46.96', '00:47.00', '00:47.04', '00:47.08', '00:47.12', '00:47.16', '00:47.20', '00:47.24', '00:47.28', '00:47.32', '00:47.36', '00:47.40', '00:47.44', '00:47.48', '00:47.52', '00:47.56', '00:47.60', '00:47.64', '00:47.68', '00:47.72', '00:47.76', '00:47.80', '00:47.84', '00:47.88', '00:47.92', '00:47.96', '00:48.00', '00:48.04', '00:48.08', '00:48.12', '00:48.16', '00:48.20', '00:48.24', '00:48.28', '00:48.32', '00:48.36', '00:48.40', '00:48.44', '00:48.48', '00:48.52', '00:48.56', '00:48.60', '00:48.64', '00:48.68', '00:48.72', '00:48.76', '00:48.80', '00:48.84', '00:48.88', '00:48.92', '00:48.96', '00:49.00', '00:49.04', '00:49.08', '00:49.12', '00:49.16', '00:49.20', '00:49.24', '00:49.28', '00:49.32', '00:49.36', '00:49.40', '00:49.44', '00:49.48', '00:49.52', '00:49.56', '00:49.60', '00:49.64', '00:49.68', '00:49.72', '00:49.76', '00:49.80', '00:49.84', '00:49.88', '00:49.92', '00:49.96', '00:50.00', '00:50.04', '00:50.08', '00:50.12', '00:50.16', '00:50.20', '00:50.24', '00:50.28', '00:50.32', '00:50.36', '00:50.40', '00:50.44', '00:50.48', '00:50.52', '00:50.56', '00:50.60', '00:50.64', '00:50.68', '00:50.72', '00:50.76', '00:50.80', '00:50.84', '00:50.88', '00:50.92', '00:50.96', '00:51.00', '00:51.04', '00:51.08', '00:51.12', '00:51.16', '00:51.20', '00:51.24', '00:51.28', '00:51.32', '00:51.36', '00:51.40', '00:51.44', '00:51.48', '00:51.52', '00:51.56', '00:51.60', '00:51.64', '00:51.68', '00:51.72', '00:51.76', '00:51.80', '00:51.84', '00:51.88', '00:51.92', '00:51.96', '00:52.00', '00:52.04', '00:52.08', '00:52.12', '00:52.16']
2026-02-19 13:50:07,715 | INFO | Running QC checks...
2026-02-19 13:50:07,831 | INFO | Running Black Frame Check on downscaled video...
2026-02-19 13:50:07,920 | INFO | Checking black frames on downscaled video...
2026-02-19 13:50:08,253 | INFO | No black frames detected.
2026-02-19 13:50:08,254 | INFO | Running Scan Type Check on original file...
2026-02-19 13:50:08,331 | INFO | Checking scan type...
2026-02-19 13:50:08,443 | INFO | Scan type: INTERLACE
2026-02-19 13:50:08,492 | INFO | Running Silence Check on original file...
2026-02-19 13:50:08,570 | INFO | Checking audio silence...
2026-02-19 13:50:11,552 | INFO | No silence detected.
2026-02-19 13:50:11,552 | INFO | Running Audio Peak Check on original file...
2026-02-19 13:50:11,593 | INFO | Checking audio peak level...
2026-02-19 13:50:14,605 | INFO | Max Peak: -2.9 dB
2026-02-19 13:50:14,605 | INFO | Audio peak level OK.
2026-02-19 13:50:14,647 | INFO | Running Audio Phase Check on original file...
2026-02-19 13:50:14,690 | INFO | Checking audio phase correlation...
2026-02-19 13:50:14,767 | INFO | Phase scan skipped.
2026-02-19 13:50:14,804 | INFO | Temporary file cleaned up
2026-02-19 13:50:14,822 | INFO | ✅ TESTFC0101 1.mxf FINISH QC
2026-02-19 13:50:14,865 | INFO | ══════════════════════════════════════════════════
2026-02-19 13:50:15,998 | INFO | ❌ SELESAI: TESTFC0101 1.mxf → FAIL
2026-02-19 13:50:16,040 | INFO | ──────────────────────────────────────────────────
2026-02-19 13:55:11,490 | INFO | Waiting copy complete: TESTFC0101 2.mxf
2026-02-19 13:55:23,519 | INFO | Copy complete. Start QC.
2026-02-19 13:55:23,520 | INFO | Detected : TESTFC0101 2.mxf
2026-02-19 13:55:23,523 | INFO | Folder   : D:\test_vid
2026-02-19 13:55:23,526 | INFO | Waiting file release...
2026-02-19 13:55:24,529 | INFO | Checking metadata...
2026-02-19 13:55:24,599 | INFO | Metadata OK
2026-02-19 13:55:24,600 | INFO | Starting downscale process...
2026-02-19 13:55:31,648 | INFO | Downscale complete: TESTFC0101 2_downscale.yuv
2026-02-19 13:55:31,648 | INFO | Analyzing video (freeze + scratch)...
2026-02-19 13:56:02,813 | INFO | FREEZE DETECTED @ ['00:15.80', '00:15.96']
2026-02-19 13:56:02,814 | INFO | SCRATCH DETECTED @ ['00:00.00', '00:00.04', '00:00.08', '00:00.12', '00:00.16', '00:00.20', '00:00.24', '00:00.28', '00:00.32', '00:00.36', '00:00.40', '00:00.44', '00:00.48', '00:00.52', '00:00.56', '00:00.60', '00:00.64', '00:00.68', '00:00.72', '00:00.76', '00:00.80', '00:00.84', '00:00.88', '00:00.92', '00:00.96', '00:01.00', '00:01.04', '00:01.08', '00:01.12', '00:01.16', '00:01.20', '00:01.24', '00:01.28', '00:01.32', '00:01.36', '00:01.40', '00:01.44', '00:01.48', '00:01.52', '00:01.56', '00:01.60', '00:01.64', '00:01.68', '00:01.72', '00:01.76', '00:01.80', '00:01.84', '00:01.88', '00:01.92', '00:01.96', '00:02.00', '00:02.04', '00:02.08', '00:02.12', '00:02.16', '00:02.20', '00:02.24', '00:02.28', '00:02.32', '00:02.36', '00:02.40', '00:02.44', '00:02.48', '00:02.52', '00:02.56', '00:02.60', '00:02.64', '00:02.68', '00:02.72', '00:02.76', '00:02.80', '00:02.84', '00:02.88', '00:02.92', '00:02.96', '00:03.00', '00:03.04', '00:03.08', '00:03.12', '00:03.16', '00:03.20', '00:03.24', '00:03.28', '00:03.32', '00:03.36', '00:03.40', '00:03.44', '00:03.48', '00:03.52', '00:03.56', '00:03.60', '00:03.64', '00:03.68', '00:03.72', '00:03.76', '00:03.80', '00:03.84', '00:03.88', '00:03.92', '00:03.96', '00:04.00', '00:04.04', '00:04.08', '00:04.12', '00:04.16', '00:04.20', '00:04.24', '00:04.28', '00:04.32', '00:04.36', '00:04.40', '00:04.44', '00:04.48', '00:04.52', '00:04.56', '00:04.60', '00:04.64', '00:04.68', '00:04.72', '00:04.76', '00:04.80', '00:04.84', '00:04.88', '00:04.92', '00:04.96', '00:05.00', '00:05.04', '00:05.08', '00:05.12', '00:05.16', '00:05.20', '00:05.24', '00:05.28', '00:05.32', '00:05.36', '00:05.40', '00:05.44', '00:05.48', '00:05.52', '00:05.56', '00:05.60', '00:05.64', '00:05.68', '00:05.72', '00:05.76', '00:05.80', '00:05.84', '00:05.88', '00:05.92', '00:05.96', '00:06.00', '00:06.04', '00:06.08', '00:06.12', '00:06.16', '00:06.20', '00:06.24', '00:06.28', '00:06.32', '00:06.36', '00:06.40', '00:06.44', '00:06.48', '00:06.52', '00:06.56', '00:06.60', '00:06.64', '00:06.68', '00:06.72', '00:06.76', '00:06.80', '00:06.84', '00:06.88', '00:06.92', '00:06.96', '00:07.00', '00:07.04', '00:07.08', '00:07.12', '00:07.16', '00:07.20', '00:07.24', '00:07.28', '00:07.32', '00:07.36', '00:07.40', '00:07.44', '00:07.48', '00:07.52', '00:07.56', '00:07.60', '00:07.64', '00:07.68', '00:07.72', '00:07.76', '00:07.80', '00:07.84', '00:07.88', '00:07.92', '00:07.96', '00:08.00', '00:08.04', '00:08.08', '00:08.12', '00:08.16', '00:08.20', '00:08.24', '00:08.28', '00:08.32', '00:08.36', '00:08.40', '00:08.44', '00:08.48', '00:08.52', '00:08.56', '00:08.60', '00:08.64', '00:08.68', '00:08.72', '00:08.76', '00:08.80', '00:08.84', '00:08.88', '00:08.92', '00:08.96', '00:09.00', '00:09.04', '00:09.08', '00:09.12', '00:09.16', '00:09.20', '00:09.24', '00:09.28', '00:09.32', '00:09.36', '00:09.40', '00:09.44', '00:09.48', '00:09.52', '00:09.56', '00:09.60', '00:09.64', '00:09.68', '00:09.72', '00:09.76', '00:09.80', '00:09.84', '00:09.88', '00:09.92', '00:09.96', '00:10.00', '00:10.04', '00:10.08', '00:10.12', '00:10.16', '00:10.20', '00:10.24', '00:10.28', '00:10.32', '00:10.36', '00:10.40', '00:10.44', '00:10.48', '00:10.52', '00:10.56', '00:10.60', '00:10.64', '00:10.68', '00:10.72', '00:10.76', '00:10.80', '00:10.84', '00:10.88', '00:10.92', '00:10.96', '00:11.00', '00:11.04', '00:11.08', '00:11.12', '00:11.16', '00:11.20', '00:11.24', '00:11.28', '00:11.32', '00:11.36', '00:11.40', '00:11.44', '00:11.48', '00:11.52', '00:11.56', '00:11.60', '00:11.64', '00:11.68', '00:11.72', '00:11.76', '00:11.80', '00:11.84', '00:11.88', '00:11.92', '00:11.96', '00:12.00', '00:12.04', '00:12.08', '00:12.12', '00:12.16', '00:12.20', '00:12.24', '00:12.28', '00:12.32', '00:12.36', '00:12.40', '00:12.44', '00:12.48', '00:12.52', '00:12.56', '00:12.60', '00:12.64', '00:12.68', '00:12.72', '00:12.76', '00:12.80', '00:12.84', '00:12.88', '00:12.92', '00:12.96', '00:13.00', '00:13.04', '00:13.08', '00:13.12', '00:13.16', '00:13.20', '00:13.24', '00:13.28', '00:13.32', '00:13.36', '00:13.40', '00:13.44', '00:13.48', '00:13.52', '00:13.56', '00:13.60', '00:13.64', '00:13.68', '00:13.72', '00:13.76', '00:13.80', '00:13.84', '00:13.88', '00:13.92', '00:13.96', '00:14.00', '00:14.04', '00:14.08', '00:14.12', '00:14.16', '00:14.20', '00:14.24', '00:14.28', '00:14.32', '00:14.36', '00:14.40', '00:14.44', '00:14.48', '00:14.52', '00:14.56', '00:14.60', '00:14.64', '00:14.68', '00:14.72', '00:14.76', '00:14.80', '00:14.84', '00:14.88', '00:14.92', '00:14.96', '00:15.00', '00:15.04', '00:15.08', '00:15.12', '00:15.16', '00:15.20', '00:15.24', '00:15.28', '00:15.32', '00:15.36', '00:15.40', '00:15.44', '00:15.48', '00:15.52', '00:15.56', '00:15.60', '00:15.64', '00:15.68', '00:15.72', '00:15.76', '00:15.80', '00:15.84', '00:15.88', '00:15.92', '00:15.96', '00:16.00', '00:16.04', '00:16.08', '00:16.12', '00:16.16', '00:16.20', '00:16.24', '00:16.28', '00:16.32', '00:16.36', '00:16.40', '00:16.44', '00:16.48', '00:16.52', '00:16.56', '00:16.60', '00:16.64', '00:16.68', '00:16.72', '00:16.76', '00:16.80', '00:16.84', '00:16.88', '00:16.92', '00:16.96', '00:17.00', '00:17.04', '00:17.08', '00:17.12', '00:17.16', '00:17.20', '00:17.24', '00:17.28', '00:17.32', '00:17.36', '00:17.40', '00:17.44', '00:17.48', '00:17.52', '00:17.56', '00:17.60', '00:17.64', '00:17.68', '00:17.72', '00:17.76', '00:17.80', '00:17.84', '00:17.88', '00:17.92', '00:17.96', '00:18.00', '00:18.04', '00:18.08', '00:18.12', '00:18.16', '00:18.20', '00:18.24', '00:18.28', '00:18.32', '00:18.36', '00:18.40', '00:18.44', '00:18.48', '00:18.52', '00:18.56', '00:18.60', '00:18.64', '00:18.68', '00:18.72', '00:18.76', '00:18.80', '00:18.84', '00:18.88', '00:18.92', '00:18.96', '00:19.00', '00:19.04', '00:19.08', '00:19.12', '00:19.16', '00:19.20', '00:19.24', '00:19.28', '00:19.32', '00:19.36', '00:19.40', '00:19.44', '00:19.48', '00:19.52', '00:19.56', '00:19.60', '00:19.64', '00:19.68', '00:19.72', '00:19.76', '00:19.80', '00:19.84', '00:19.88', '00:19.92', '00:19.96', '00:20.00', '00:20.04', '00:20.08', '00:20.12', '00:20.16', '00:20.20', '00:20.24', '00:20.28', '00:20.32', '00:20.36', '00:20.40', '00:20.44', '00:20.48', '00:20.52', '00:20.56', '00:20.60', '00:20.64', '00:20.68', '00:20.72', '00:20.76', '00:20.80', '00:20.84', '00:20.88', '00:20.92', '00:20.96', '00:21.00', '00:21.04', '00:21.08', '00:21.12', '00:21.16', '00:21.20', '00:21.24', '00:21.28', '00:21.32', '00:21.36', '00:21.40', '00:21.44', '00:21.48', '00:21.52', '00:21.56', '00:21.60', '00:21.64', '00:21.68', '00:21.72', '00:21.76', '00:21.80', '00:21.84', '00:21.88', '00:21.92', '00:21.96', '00:22.00', '00:22.04', '00:22.08', '00:22.12', '00:22.16', '00:22.20', '00:22.24', '00:22.28', '00:22.32', '00:22.36', '00:22.40', '00:22.44', '00:22.48', '00:22.52', '00:22.56', '00:22.60', '00:22.64', '00:22.68', '00:22.72', '00:22.76', '00:22.80', '00:22.84', '00:22.88', '00:22.92', '00:22.96', '00:23.00', '00:23.04', '00:23.08', '00:23.12', '00:23.16', '00:23.20', '00:23.24', '00:23.28', '00:23.32', '00:23.36', '00:23.40', '00:23.44', '00:23.48', '00:23.52', '00:23.56', '00:23.60', '00:23.64', '00:23.68', '00:23.72', '00:23.76', '00:23.80', '00:23.84', '00:23.88', '00:23.92', '00:23.96', '00:24.00', '00:24.04', '00:24.08', '00:24.12', '00:24.16', '00:24.20', '00:24.24', '00:24.28', '00:24.32', '00:24.36', '00:24.40', '00:24.44', '00:24.48', '00:24.52', '00:24.56', '00:24.60', '00:24.64', '00:24.68', '00:24.72', '00:24.76', '00:24.80', '00:24.84', '00:24.88', '00:24.92', '00:24.96', '00:25.00', '00:25.04', '00:25.08', '00:25.12', '00:25.16', '00:25.20', '00:25.24', '00:25.28', '00:25.32', '00:25.36', '00:25.40', '00:25.44', '00:25.48', '00:25.52', '00:25.56', '00:25.60', '00:25.64', '00:25.68', '00:25.72', '00:25.76', '00:25.80', '00:25.84', '00:25.88', '00:25.92', '00:25.96', '00:26.00', '00:26.04', '00:26.08', '00:26.12', '00:26.16', '00:26.20', '00:26.24', '00:26.28', '00:26.32', '00:26.36', '00:26.40', '00:26.44', '00:26.48', '00:26.52', '00:26.56', '00:26.60', '00:26.64', '00:26.68', '00:26.72', '00:26.76', '00:26.80', '00:26.84', '00:26.88', '00:26.92', '00:26.96', '00:27.00', '00:27.04', '00:27.08', '00:27.12', '00:27.16', '00:27.20', '00:27.24', '00:27.28', '00:27.32', '00:27.36', '00:27.40', '00:27.44', '00:27.48', '00:27.52', '00:27.56', '00:27.60', '00:27.64', '00:27.68', '00:27.72', '00:27.76', '00:27.80', '00:27.84', '00:27.88', '00:27.92', '00:27.96', '00:28.00', '00:28.04', '00:28.08', '00:28.12', '00:28.16', '00:28.20', '00:28.24', '00:28.28', '00:28.32', '00:28.36', '00:28.40', '00:28.44', '00:28.48', '00:28.52', '00:28.56', '00:28.60', '00:28.64', '00:28.68', '00:28.72', '00:28.76', '00:28.80', '00:28.84', '00:28.88', '00:28.92', '00:28.96', '00:29.00', '00:29.04', '00:29.08', '00:29.12', '00:29.16', '00:29.20', '00:29.24', '00:29.28', '00:29.32', '00:29.36', '00:29.40', '00:29.44', '00:29.48', '00:29.52', '00:29.56', '00:29.60', '00:29.64', '00:29.68', '00:29.72', '00:29.76', '00:29.80', '00:29.84', '00:29.88', '00:29.92', '00:29.96', '00:30.00', '00:30.04', '00:30.08', '00:30.12', '00:30.16', '00:30.20', '00:30.24', '00:30.28', '00:30.32', '00:30.36', '00:30.40', '00:30.44', '00:30.48', '00:30.52', '00:30.56', '00:30.60', '00:30.64', '00:30.68', '00:30.72', '00:30.76', '00:30.80', '00:30.84', '00:30.88', '00:30.92', '00:30.96', '00:31.00', '00:31.04', '00:31.08', '00:31.12', '00:31.16', '00:31.20', '00:31.24', '00:31.28', '00:31.32', '00:31.36', '00:31.40', '00:31.44', '00:31.48', '00:31.52', '00:31.56', '00:31.60', '00:31.64', '00:31.68', '00:31.72', '00:31.76', '00:31.80', '00:31.84', '00:31.88', '00:31.92', '00:31.96', '00:32.00', '00:32.04', '00:32.08', '00:32.12', '00:32.16', '00:32.20', '00:32.24', '00:32.28', '00:32.32', '00:32.36', '00:32.40', '00:32.44', '00:32.48', '00:32.52', '00:32.56', '00:32.60', '00:32.64', '00:32.68', '00:32.72', '00:32.76', '00:32.80', '00:32.84', '00:32.88', '00:32.92', '00:32.96', '00:33.00', '00:33.04', '00:33.08', '00:33.12', '00:33.16', '00:33.20', '00:33.24', '00:33.28', '00:33.32', '00:33.36', '00:33.40', '00:33.44', '00:33.48', '00:33.52', '00:33.56', '00:33.60', '00:33.64', '00:33.68', '00:33.72', '00:33.76', '00:33.80', '00:33.84', '00:33.88', '00:33.92', '00:33.96', '00:34.00', '00:34.04', '00:34.08', '00:34.12', '00:34.16', '00:34.20', '00:34.24', '00:34.28', '00:34.32', '00:34.36', '00:34.40', '00:34.44', '00:34.48', '00:34.52', '00:34.56', '00:34.60', '00:34.64', '00:34.68', '00:34.72', '00:34.76', '00:34.80', '00:34.84', '00:34.88', '00:34.92', '00:34.96', '00:35.00', '00:35.04', '00:35.08', '00:35.12', '00:35.16', '00:35.20', '00:35.24', '00:35.28', '00:35.32', '00:35.36', '00:35.40', '00:35.44', '00:35.48', '00:35.52', '00:35.56', '00:35.60', '00:35.64', '00:35.68', '00:35.72', '00:35.76', '00:35.80', '00:35.84', '00:35.88', '00:35.92', '00:35.96', '00:36.00', '00:36.04', '00:36.08', '00:36.12', '00:36.16', '00:36.20', '00:36.24', '00:36.28', '00:36.32', '00:36.36', '00:36.40', '00:36.44', '00:36.48', '00:36.52', '00:36.56', '00:36.60', '00:36.64', '00:36.68', '00:36.72', '00:36.76', '00:36.80', '00:36.84', '00:36.88', '00:36.92', '00:36.96', '00:37.00', '00:37.04', '00:37.08', '00:37.12', '00:37.16', '00:37.20', '00:37.24', '00:37.28', '00:37.32', '00:37.36', '00:37.40', '00:37.44', '00:37.48', '00:37.52', '00:37.56', '00:37.60', '00:37.64', '00:37.68', '00:37.72', '00:37.76', '00:37.80', '00:37.84', '00:37.88', '00:37.92', '00:37.96', '00:38.00', '00:38.04', '00:38.08', '00:38.12', '00:38.16', '00:38.20', '00:38.24', '00:38.28', '00:38.32', '00:38.36', '00:38.40', '00:38.44', '00:38.48', '00:38.52', '00:38.56', '00:38.60', '00:38.64', '00:38.68', '00:38.72', '00:38.76', '00:38.80', '00:38.84', '00:38.88', '00:38.92', '00:38.96', '00:39.00', '00:39.04', '00:39.08', '00:39.12', '00:39.16', '00:39.20', '00:39.24', '00:39.28', '00:39.32', '00:39.36', '00:39.40', '00:39.44', '00:39.48', '00:39.52', '00:39.56', '00:39.60', '00:39.64', '00:39.68', '00:39.72', '00:39.76', '00:39.80', '00:39.84', '00:39.88', '00:39.92', '00:39.96', '00:40.00', '00:40.04', '00:40.08', '00:40.12', '00:40.16', '00:40.20', '00:40.24', '00:40.28', '00:40.32', '00:40.36', '00:40.40', '00:40.44', '00:40.48', '00:40.52', '00:40.56', '00:40.60', '00:40.64', '00:40.68', '00:40.72', '00:40.76', '00:40.80', '00:40.84', '00:40.88', '00:40.92', '00:40.96', '00:41.00', '00:41.04', '00:41.08', '00:41.12', '00:41.16', '00:41.20', '00:41.24', '00:41.28', '00:41.32', '00:41.36', '00:41.40', '00:41.44', '00:41.48', '00:41.52', '00:41.56', '00:41.60', '00:41.64', '00:41.68', '00:41.72', '00:41.76', '00:41.80', '00:41.84', '00:41.88', '00:41.92', '00:41.96', '00:42.00', '00:42.04', '00:42.08', '00:42.12', '00:42.16', '00:42.20', '00:42.24', '00:42.28', '00:42.32', '00:42.36', '00:42.40', '00:42.44', '00:42.48', '00:42.52', '00:42.56', '00:42.60', '00:42.64', '00:42.68', '00:42.72', '00:42.76', '00:42.80', '00:42.84', '00:42.88', '00:42.92', '00:42.96', '00:43.00', '00:43.04', '00:43.08', '00:43.12', '00:43.16', '00:43.20', '00:43.24', '00:43.28', '00:43.32', '00:43.36', '00:43.40', '00:43.44', '00:43.48', '00:43.52', '00:43.56', '00:43.60', '00:43.64', '00:43.68', '00:43.72', '00:43.76', '00:43.80', '00:43.84', '00:43.88', '00:43.92', '00:43.96', '00:44.00', '00:44.04', '00:44.08', '00:44.12', '00:44.16', '00:44.20', '00:44.24', '00:44.28', '00:44.32', '00:44.36', '00:44.40', '00:44.44', '00:44.48', '00:44.52', '00:44.56', '00:44.60', '00:44.64', '00:44.68', '00:44.72', '00:44.76', '00:44.80', '00:44.84', '00:44.88', '00:44.92', '00:44.96', '00:45.00', '00:45.04', '00:45.08', '00:45.12', '00:45.16', '00:45.20', '00:45.24', '00:45.28', '00:45.32', '00:45.36', '00:45.40', '00:45.44', '00:45.48', '00:45.52', '00:45.56', '00:45.60', '00:45.64', '00:45.68', '00:45.72', '00:45.76', '00:45.80', '00:45.84', '00:45.88', '00:45.92', '00:45.96', '00:46.00', '00:46.04', '00:46.08', '00:46.12', '00:46.16', '00:46.20', '00:46.24', '00:46.28', '00:46.32', '00:46.36', '00:46.40', '00:46.44', '00:46.48', '00:46.52', '00:46.56', '00:46.60', '00:46.64', '00:46.68', '00:46.72', '00:46.76', '00:46.80', '00:46.84', '00:46.88', '00:46.92', '00:46.96', '00:47.00', '00:47.04', '00:47.08', '00:47.12', '00:47.16', '00:47.20', '00:47.24', '00:47.28', '00:47.32', '00:47.36', '00:47.40', '00:47.44', '00:47.48', '00:47.52', '00:47.56', '00:47.60', '00:47.64', '00:47.68', '00:47.72', '00:47.76', '00:47.80', '00:47.84', '00:47.88', '00:47.92', '00:47.96', '00:48.00', '00:48.04', '00:48.08', '00:48.12', '00:48.16', '00:48.20', '00:48.24', '00:48.28', '00:48.32', '00:48.36', '00:48.40', '00:48.44', '00:48.48', '00:48.52', '00:48.56', '00:48.60', '00:48.64', '00:48.68', '00:48.72', '00:48.76', '00:48.80', '00:48.84', '00:48.88', '00:48.92', '00:48.96', '00:49.00', '00:49.04', '00:49.08', '00:49.12', '00:49.16', '00:49.20', '00:49.24', '00:49.28', '00:49.32', '00:49.36', '00:49.40', '00:49.44', '00:49.48', '00:49.52', '00:49.56', '00:49.60', '00:49.64', '00:49.68', '00:49.72', '00:49.76', '00:49.80', '00:49.84', '00:49.88', '00:49.92', '00:49.96', '00:50.00', '00:50.04', '00:50.08', '00:50.12', '00:50.16', '00:50.20', '00:50.24', '00:50.28', '00:50.32', '00:50.36', '00:50.40', '00:50.44', '00:50.48', '00:50.52', '00:50.56', '00:50.60', '00:50.64', '00:50.68', '00:50.72', '00:50.76', '00:50.80', '00:50.84', '00:50.88', '00:50.92', '00:50.96', '00:51.00', '00:51.04', '00:51.08', '00:51.12', '00:51.16', '00:51.20', '00:51.24', '00:51.28', '00:51.32', '00:51.36', '00:51.40', '00:51.44', '00:51.48', '00:51.52', '00:51.56', '00:51.60', '00:51.64', '00:51.68', '00:51.72', '00:51.76', '00:51.80', '00:51.84', '00:51.88', '00:51.92', '00:51.96', '00:52.00', '00:52.04', '00:52.08', '00:52.12', '00:52.16']
2026-02-19 13:56:02,815 | INFO | Running QC checks...
2026-02-19 13:56:02,926 | INFO | Running Black Frame Check on downscaled video...
2026-02-19 13:56:03,015 | INFO | Checking black frames on downscaled video...
2026-02-19 13:56:03,373 | INFO | No black frames detected.
2026-02-19 13:56:03,373 | INFO | Running Scan Type Check on original file...
2026-02-19 13:56:03,460 | INFO | Checking scan type...
2026-02-19 13:56:03,574 | INFO | Scan type: INTERLACE
2026-02-19 13:56:03,630 | INFO | Running Silence Check on original file...
2026-02-19 13:56:03,715 | INFO | Checking audio silence...
2026-02-19 13:56:06,689 | INFO | No silence detected.
2026-02-19 13:56:06,689 | INFO | Running Audio Peak Check on original file...
2026-02-19 13:56:06,735 | INFO | Checking audio peak level...
2026-02-19 13:56:09,714 | INFO | Max Peak: -2.9 dB
2026-02-19 13:56:09,714 | INFO | Audio peak level OK.
2026-02-19 13:56:09,759 | INFO | Running Audio Phase Check on original file...
2026-02-19 13:56:09,804 | INFO | Checking audio phase correlation...
2026-02-19 13:56:09,881 | INFO | Phase scan skipped.
2026-02-19 13:56:09,920 | INFO | Temporary file cleaned up
2026-02-19 13:56:09,941 | INFO | ✅ TESTFC0101 2.mxf FINISH QC
2026-02-19 13:56:09,986 | INFO | ══════════════════════════════════════════════════
2026-02-19 13:56:10,037 | INFO | ❌ SELESAI: TESTFC0101 2.mxf → FAIL
2026-02-19 13:56:10,091 | INFO | ──────────────────────────────────────────────────
2026-02-19 14:15:50,123 | INFO | Waiting copy complete: TESTFC0101 3.mxf
2026-02-19 14:16:02,129 | INFO | Copy complete. Start QC.
2026-02-19 14:16:02,130 | INFO | Detected : TESTFC0101 3.mxf
2026-02-19 14:16:02,130 | INFO | Folder   : D:\test_vid
2026-02-19 14:16:02,131 | INFO | Waiting file release...
2026-02-19 14:16:03,132 | INFO | Checking metadata...
2026-02-19 14:16:03,196 | INFO | Metadata OK
2026-02-19 14:16:03,197 | INFO | Starting downscale process...
2026-02-19 14:16:10,191 | INFO | Downscale complete: TESTFC0101 3_downscale.yuv
2026-02-19 14:16:10,191 | INFO | Analyzing video (freeze + scratch)...
2026-02-19 14:16:41,752 | INFO | FREEZE DETECTED @ ['00:15.80', '00:15.96']
2026-02-19 14:16:41,752 | INFO | SCRATCH DETECTED @ ['00:00.00', '00:00.04', '00:00.08', '00:00.12', '00:00.16', '00:00.20', '00:00.24', '00:00.28', '00:00.32', '00:00.36', '00:00.40', '00:00.44', '00:00.48', '00:00.52', '00:00.56', '00:00.60', '00:00.64', '00:00.68', '00:00.72', '00:00.76', '00:00.80', '00:00.84', '00:00.88', '00:00.92', '00:00.96', '00:01.00', '00:01.04', '00:01.08', '00:01.12', '00:01.16', '00:01.20', '00:01.24', '00:01.28', '00:01.32', '00:01.36', '00:01.40', '00:01.44', '00:01.48', '00:01.52', '00:01.56', '00:01.60', '00:01.64', '00:01.68', '00:01.72', '00:01.76', '00:01.80', '00:01.84', '00:01.88', '00:01.92', '00:01.96', '00:02.00', '00:02.04', '00:02.08', '00:02.12', '00:02.16', '00:02.20', '00:02.24', '00:02.28', '00:02.32', '00:02.36', '00:02.40', '00:02.44', '00:02.48', '00:02.52', '00:02.56', '00:02.60', '00:02.64', '00:02.68', '00:02.72', '00:02.76', '00:02.80', '00:02.84', '00:02.88', '00:02.92', '00:02.96', '00:03.00', '00:03.04', '00:03.08', '00:03.12', '00:03.16', '00:03.20', '00:03.24', '00:03.28', '00:03.32', '00:03.36', '00:03.40', '00:03.44', '00:03.48', '00:03.52', '00:03.56', '00:03.60', '00:03.64', '00:03.68', '00:03.72', '00:03.76', '00:03.80', '00:03.84', '00:03.88', '00:03.92', '00:03.96', '00:04.00', '00:04.04', '00:04.08', '00:04.12', '00:04.16', '00:04.20', '00:04.24', '00:04.28', '00:04.32', '00:04.36', '00:04.40', '00:04.44', '00:04.48', '00:04.52', '00:04.56', '00:04.60', '00:04.64', '00:04.68', '00:04.72', '00:04.76', '00:04.80', '00:04.84', '00:04.88', '00:04.92', '00:04.96', '00:05.00', '00:05.04', '00:05.08', '00:05.12', '00:05.16', '00:05.20', '00:05.24', '00:05.28', '00:05.32', '00:05.36', '00:05.40', '00:05.44', '00:05.48', '00:05.52', '00:05.56', '00:05.60', '00:05.64', '00:05.68', '00:05.72', '00:05.76', '00:05.80', '00:05.84', '00:05.88', '00:05.92', '00:05.96', '00:06.00', '00:06.04', '00:06.08', '00:06.12', '00:06.16', '00:06.20', '00:06.24', '00:06.28', '00:06.32', '00:06.36', '00:06.40', '00:06.44', '00:06.48', '00:06.52', '00:06.56', '00:06.60', '00:06.64', '00:06.68', '00:06.72', '00:06.76', '00:06.80', '00:06.84', '00:06.88', '00:06.92', '00:06.96', '00:07.00', '00:07.04', '00:07.08', '00:07.12', '00:07.16', '00:07.20', '00:07.24', '00:07.28', '00:07.32', '00:07.36', '00:07.40', '00:07.44', '00:07.48', '00:07.52', '00:07.56', '00:07.60', '00:07.64', '00:07.68', '00:07.72', '00:07.76', '00:07.80', '00:07.84', '00:07.88', '00:07.92', '00:07.96', '00:08.00', '00:08.04', '00:08.08', '00:08.12', '00:08.16', '00:08.20', '00:08.24', '00:08.28', '00:08.32', '00:08.36', '00:08.40', '00:08.44', '00:08.48', '00:08.52', '00:08.56', '00:08.60', '00:08.64', '00:08.68', '00:08.72', '00:08.76', '00:08.80', '00:08.84', '00:08.88', '00:08.92', '00:08.96', '00:09.00', '00:09.04', '00:09.08', '00:09.12', '00:09.16', '00:09.20', '00:09.24', '00:09.28', '00:09.32', '00:09.36', '00:09.40', '00:09.44', '00:09.48', '00:09.52', '00:09.56', '00:09.60', '00:09.64', '00:09.68', '00:09.72', '00:09.76', '00:09.80', '00:09.84', '00:09.88', '00:09.92', '00:09.96', '00:10.00', '00:10.04', '00:10.08', '00:10.12', '00:10.16', '00:10.20', '00:10.24', '00:10.28', '00:10.32', '00:10.36', '00:10.40', '00:10.44', '00:10.48', '00:10.52', '00:10.56', '00:10.60', '00:10.64', '00:10.68', '00:10.72', '00:10.76', '00:10.80', '00:10.84', '00:10.88', '00:10.92', '00:10.96', '00:11.00', '00:11.04', '00:11.08', '00:11.12', '00:11.16', '00:11.20', '00:11.24', '00:11.28', '00:11.32', '00:11.36', '00:11.40', '00:11.44', '00:11.48', '00:11.52', '00:11.56', '00:11.60', '00:11.64', '00:11.68', '00:11.72', '00:11.76', '00:11.80', '00:11.84', '00:11.88', '00:11.92', '00:11.96', '00:12.00', '00:12.04', '00:12.08', '00:12.12', '00:12.16', '00:12.20', '00:12.24', '00:12.28', '00:12.32', '00:12.36', '00:12.40', '00:12.44', '00:12.48', '00:12.52', '00:12.56', '00:12.60', '00:12.64', '00:12.68', '00:12.72', '00:12.76', '00:12.80', '00:12.84', '00:12.88', '00:12.92', '00:12.96', '00:13.00', '00:13.04', '00:13.08', '00:13.12', '00:13.16', '00:13.20', '00:13.24', '00:13.28', '00:13.32', '00:13.36', '00:13.40', '00:13.44', '00:13.48', '00:13.52', '00:13.56', '00:13.60', '00:13.64', '00:13.68', '00:13.72', '00:13.76', '00:13.80', '00:13.84', '00:13.88', '00:13.92', '00:13.96', '00:14.00', '00:14.04', '00:14.08', '00:14.12', '00:14.16', '00:14.20', '00:14.24', '00:14.28', '00:14.32', '00:14.36', '00:14.40', '00:14.44', '00:14.48', '00:14.52', '00:14.56', '00:14.60', '00:14.64', '00:14.68', '00:14.72', '00:14.76', '00:14.80', '00:14.84', '00:14.88', '00:14.92', '00:14.96', '00:15.00', '00:15.04', '00:15.08', '00:15.12', '00:15.16', '00:15.20', '00:15.24', '00:15.28', '00:15.32', '00:15.36', '00:15.40', '00:15.44', '00:15.48', '00:15.52', '00:15.56', '00:15.60', '00:15.64', '00:15.68', '00:15.72', '00:15.76', '00:15.80', '00:15.84', '00:15.88', '00:15.92', '00:15.96', '00:16.00', '00:16.04', '00:16.08', '00:16.12', '00:16.16', '00:16.20', '00:16.24', '00:16.28', '00:16.32', '00:16.36', '00:16.40', '00:16.44', '00:16.48', '00:16.52', '00:16.56', '00:16.60', '00:16.64', '00:16.68', '00:16.72', '00:16.76', '00:16.80', '00:16.84', '00:16.88', '00:16.92', '00:16.96', '00:17.00', '00:17.04', '00:17.08', '00:17.12', '00:17.16', '00:17.20', '00:17.24', '00:17.28', '00:17.32', '00:17.36', '00:17.40', '00:17.44', '00:17.48', '00:17.52', '00:17.56', '00:17.60', '00:17.64', '00:17.68', '00:17.72', '00:17.76', '00:17.80', '00:17.84', '00:17.88', '00:17.92', '00:17.96', '00:18.00', '00:18.04', '00:18.08', '00:18.12', '00:18.16', '00:18.20', '00:18.24', '00:18.28', '00:18.32', '00:18.36', '00:18.40', '00:18.44', '00:18.48', '00:18.52', '00:18.56', '00:18.60', '00:18.64', '00:18.68', '00:18.72', '00:18.76', '00:18.80', '00:18.84', '00:18.88', '00:18.92', '00:18.96', '00:19.00', '00:19.04', '00:19.08', '00:19.12', '00:19.16', '00:19.20', '00:19.24', '00:19.28', '00:19.32', '00:19.36', '00:19.40', '00:19.44', '00:19.48', '00:19.52', '00:19.56', '00:19.60', '00:19.64', '00:19.68', '00:19.72', '00:19.76', '00:19.80', '00:19.84', '00:19.88', '00:19.92', '00:19.96', '00:20.00', '00:20.04', '00:20.08', '00:20.12', '00:20.16', '00:20.20', '00:20.24', '00:20.28', '00:20.32', '00:20.36', '00:20.40', '00:20.44', '00:20.48', '00:20.52', '00:20.56', '00:20.60', '00:20.64', '00:20.68', '00:20.72', '00:20.76', '00:20.80', '00:20.84', '00:20.88', '00:20.92', '00:20.96', '00:21.00', '00:21.04', '00:21.08', '00:21.12', '00:21.16', '00:21.20', '00:21.24', '00:21.28', '00:21.32', '00:21.36', '00:21.40', '00:21.44', '00:21.48', '00:21.52', '00:21.56', '00:21.60', '00:21.64', '00:21.68', '00:21.72', '00:21.76', '00:21.80', '00:21.84', '00:21.88', '00:21.92', '00:21.96', '00:22.00', '00:22.04', '00:22.08', '00:22.12', '00:22.16', '00:22.20', '00:22.24', '00:22.28', '00:22.32', '00:22.36', '00:22.40', '00:22.44', '00:22.48', '00:22.52', '00:22.56', '00:22.60', '00:22.64', '00:22.68', '00:22.72', '00:22.76', '00:22.80', '00:22.84', '00:22.88', '00:22.92', '00:22.96', '00:23.00', '00:23.04', '00:23.08', '00:23.12', '00:23.16', '00:23.20', '00:23.24', '00:23.28', '00:23.32', '00:23.36', '00:23.40', '00:23.44', '00:23.48', '00:23.52', '00:23.56', '00:23.60', '00:23.64', '00:23.68', '00:23.72', '00:23.76', '00:23.80', '00:23.84', '00:23.88', '00:23.92', '00:23.96', '00:24.00', '00:24.04', '00:24.08', '00:24.12', '00:24.16', '00:24.20', '00:24.24', '00:24.28', '00:24.32', '00:24.36', '00:24.40', '00:24.44', '00:24.48', '00:24.52', '00:24.56', '00:24.60', '00:24.64', '00:24.68', '00:24.72', '00:24.76', '00:24.80', '00:24.84', '00:24.88', '00:24.92', '00:24.96', '00:25.00', '00:25.04', '00:25.08', '00:25.12', '00:25.16', '00:25.20', '00:25.24', '00:25.28', '00:25.32', '00:25.36', '00:25.40', '00:25.44', '00:25.48', '00:25.52', '00:25.56', '00:25.60', '00:25.64', '00:25.68', '00:25.72', '00:25.76', '00:25.80', '00:25.84', '00:25.88', '00:25.92', '00:25.96', '00:26.00', '00:26.04', '00:26.08', '00:26.12', '00:26.16', '00:26.20', '00:26.24', '00:26.28', '00:26.32', '00:26.36', '00:26.40', '00:26.44', '00:26.48', '00:26.52', '00:26.56', '00:26.60', '00:26.64', '00:26.68', '00:26.72', '00:26.76', '00:26.80', '00:26.84', '00:26.88', '00:26.92', '00:26.96', '00:27.00', '00:27.04', '00:27.08', '00:27.12', '00:27.16', '00:27.20', '00:27.24', '00:27.28', '00:27.32', '00:27.36', '00:27.40', '00:27.44', '00:27.48', '00:27.52', '00:27.56', '00:27.60', '00:27.64', '00:27.68', '00:27.72', '00:27.76', '00:27.80', '00:27.84', '00:27.88', '00:27.92', '00:27.96', '00:28.00', '00:28.04', '00:28.08', '00:28.12', '00:28.16', '00:28.20', '00:28.24', '00:28.28', '00:28.32', '00:28.36', '00:28.40', '00:28.44', '00:28.48', '00:28.52', '00:28.56', '00:28.60', '00:28.64', '00:28.68', '00:28.72', '00:28.76', '00:28.80', '00:28.84', '00:28.88', '00:28.92', '00:28.96', '00:29.00', '00:29.04', '00:29.08', '00:29.12', '00:29.16', '00:29.20', '00:29.24', '00:29.28', '00:29.32', '00:29.36', '00:29.40', '00:29.44', '00:29.48', '00:29.52', '00:29.56', '00:29.60', '00:29.64', '00:29.68', '00:29.72', '00:29.76', '00:29.80', '00:29.84', '00:29.88', '00:29.92', '00:29.96', '00:30.00', '00:30.04', '00:30.08', '00:30.12', '00:30.16', '00:30.20', '00:30.24', '00:30.28', '00:30.32', '00:30.36', '00:30.40', '00:30.44', '00:30.48', '00:30.52', '00:30.56', '00:30.60', '00:30.64', '00:30.68', '00:30.72', '00:30.76', '00:30.80', '00:30.84', '00:30.88', '00:30.92', '00:30.96', '00:31.00', '00:31.04', '00:31.08', '00:31.12', '00:31.16', '00:31.20', '00:31.24', '00:31.28', '00:31.32', '00:31.36', '00:31.40', '00:31.44', '00:31.48', '00:31.52', '00:31.56', '00:31.60', '00:31.64', '00:31.68', '00:31.72', '00:31.76', '00:31.80', '00:31.84', '00:31.88', '00:31.92', '00:31.96', '00:32.00', '00:32.04', '00:32.08', '00:32.12', '00:32.16', '00:32.20', '00:32.24', '00:32.28', '00:32.32', '00:32.36', '00:32.40', '00:32.44', '00:32.48', '00:32.52', '00:32.56', '00:32.60', '00:32.64', '00:32.68', '00:32.72', '00:32.76', '00:32.80', '00:32.84', '00:32.88', '00:32.92', '00:32.96', '00:33.00', '00:33.04', '00:33.08', '00:33.12', '00:33.16', '00:33.20', '00:33.24', '00:33.28', '00:33.32', '00:33.36', '00:33.40', '00:33.44', '00:33.48', '00:33.52', '00:33.56', '00:33.60', '00:33.64', '00:33.68', '00:33.72', '00:33.76', '00:33.80', '00:33.84', '00:33.88', '00:33.92', '00:33.96', '00:34.00', '00:34.04', '00:34.08', '00:34.12', '00:34.16', '00:34.20', '00:34.24', '00:34.28', '00:34.32', '00:34.36', '00:34.40', '00:34.44', '00:34.48', '00:34.52', '00:34.56', '00:34.60', '00:34.64', '00:34.68', '00:34.72', '00:34.76', '00:34.80', '00:34.84', '00:34.88', '00:34.92', '00:34.96', '00:35.00', '00:35.04', '00:35.08', '00:35.12', '00:35.16', '00:35.20', '00:35.24', '00:35.28', '00:35.32', '00:35.36', '00:35.40', '00:35.44', '00:35.48', '00:35.52', '00:35.56', '00:35.60', '00:35.64', '00:35.68', '00:35.72', '00:35.76', '00:35.80', '00:35.84', '00:35.88', '00:35.92', '00:35.96', '00:36.00', '00:36.04', '00:36.08', '00:36.12', '00:36.16', '00:36.20', '00:36.24', '00:36.28', '00:36.32', '00:36.36', '00:36.40', '00:36.44', '00:36.48', '00:36.52', '00:36.56', '00:36.60', '00:36.64', '00:36.68', '00:36.72', '00:36.76', '00:36.80', '00:36.84', '00:36.88', '00:36.92', '00:36.96', '00:37.00', '00:37.04', '00:37.08', '00:37.12', '00:37.16', '00:37.20', '00:37.24', '00:37.28', '00:37.32', '00:37.36', '00:37.40', '00:37.44', '00:37.48', '00:37.52', '00:37.56', '00:37.60', '00:37.64', '00:37.68', '00:37.72', '00:37.76', '00:37.80', '00:37.84', '00:37.88', '00:37.92', '00:37.96', '00:38.00', '00:38.04', '00:38.08', '00:38.12', '00:38.16', '00:38.20', '00:38.24', '00:38.28', '00:38.32', '00:38.36', '00:38.40', '00:38.44', '00:38.48', '00:38.52', '00:38.56', '00:38.60', '00:38.64', '00:38.68', '00:38.72', '00:38.76', '00:38.80', '00:38.84', '00:38.88', '00:38.92', '00:38.96', '00:39.00', '00:39.04', '00:39.08', '00:39.12', '00:39.16', '00:39.20', '00:39.24', '00:39.28', '00:39.32', '00:39.36', '00:39.40', '00:39.44', '00:39.48', '00:39.52', '00:39.56', '00:39.60', '00:39.64', '00:39.68', '00:39.72', '00:39.76', '00:39.80', '00:39.84', '00:39.88', '00:39.92', '00:39.96', '00:40.00', '00:40.04', '00:40.08', '00:40.12', '00:40.16', '00:40.20', '00:40.24', '00:40.28', '00:40.32', '00:40.36', '00:40.40', '00:40.44', '00:40.48', '00:40.52', '00:40.56', '00:40.60', '00:40.64', '00:40.68', '00:40.72', '00:40.76', '00:40.80', '00:40.84', '00:40.88', '00:40.92', '00:40.96', '00:41.00', '00:41.04', '00:41.08', '00:41.12', '00:41.16', '00:41.20', '00:41.24', '00:41.28', '00:41.32', '00:41.36', '00:41.40', '00:41.44', '00:41.48', '00:41.52', '00:41.56', '00:41.60', '00:41.64', '00:41.68', '00:41.72', '00:41.76', '00:41.80', '00:41.84', '00:41.88', '00:41.92', '00:41.96', '00:42.00', '00:42.04', '00:42.08', '00:42.12', '00:42.16', '00:42.20', '00:42.24', '00:42.28', '00:42.32', '00:42.36', '00:42.40', '00:42.44', '00:42.48', '00:42.52', '00:42.56', '00:42.60', '00:42.64', '00:42.68', '00:42.72', '00:42.76', '00:42.80', '00:42.84', '00:42.88', '00:42.92', '00:42.96', '00:43.00', '00:43.04', '00:43.08', '00:43.12', '00:43.16', '00:43.20', '00:43.24', '00:43.28', '00:43.32', '00:43.36', '00:43.40', '00:43.44', '00:43.48', '00:43.52', '00:43.56', '00:43.60', '00:43.64', '00:43.68', '00:43.72', '00:43.76', '00:43.80', '00:43.84', '00:43.88', '00:43.92', '00:43.96', '00:44.00', '00:44.04', '00:44.08', '00:44.12', '00:44.16', '00:44.20', '00:44.24', '00:44.28', '00:44.32', '00:44.36', '00:44.40', '00:44.44', '00:44.48', '00:44.52', '00:44.56', '00:44.60', '00:44.64', '00:44.68', '00:44.72', '00:44.76', '00:44.80', '00:44.84', '00:44.88', '00:44.92', '00:44.96', '00:45.00', '00:45.04', '00:45.08', '00:45.12', '00:45.16', '00:45.20', '00:45.24', '00:45.28', '00:45.32', '00:45.36', '00:45.40', '00:45.44', '00:45.48', '00:45.52', '00:45.56', '00:45.60', '00:45.64', '00:45.68', '00:45.72', '00:45.76', '00:45.80', '00:45.84', '00:45.88', '00:45.92', '00:45.96', '00:46.00', '00:46.04', '00:46.08', '00:46.12', '00:46.16', '00:46.20', '00:46.24', '00:46.28', '00:46.32', '00:46.36', '00:46.40', '00:46.44', '00:46.48', '00:46.52', '00:46.56', '00:46.60', '00:46.64', '00:46.68', '00:46.72', '00:46.76', '00:46.80', '00:46.84', '00:46.88', '00:46.92', '00:46.96', '00:47.00', '00:47.04', '00:47.08', '00:47.12', '00:47.16', '00:47.20', '00:47.24', '00:47.28', '00:47.32', '00:47.36', '00:47.40', '00:47.44', '00:47.48', '00:47.52', '00:47.56', '00:47.60', '00:47.64', '00:47.68', '00:47.72', '00:47.76', '00:47.80', '00:47.84', '00:47.88', '00:47.92', '00:47.96', '00:48.00', '00:48.04', '00:48.08', '00:48.12', '00:48.16', '00:48.20', '00:48.24', '00:48.28', '00:48.32', '00:48.36', '00:48.40', '00:48.44', '00:48.48', '00:48.52', '00:48.56', '00:48.60', '00:48.64', '00:48.68', '00:48.72', '00:48.76', '00:48.80', '00:48.84', '00:48.88', '00:48.92', '00:48.96', '00:49.00', '00:49.04', '00:49.08', '00:49.12', '00:49.16', '00:49.20', '00:49.24', '00:49.28', '00:49.32', '00:49.36', '00:49.40', '00:49.44', '00:49.48', '00:49.52', '00:49.56', '00:49.60', '00:49.64', '00:49.68', '00:49.72', '00:49.76', '00:49.80', '00:49.84', '00:49.88', '00:49.92', '00:49.96', '00:50.00', '00:50.04', '00:50.08', '00:50.12', '00:50.16', '00:50.20', '00:50.24', '00:50.28', '00:50.32', '00:50.36', '00:50.40', '00:50.44', '00:50.48', '00:50.52', '00:50.56', '00:50.60', '00:50.64', '00:50.68', '00:50.72', '00:50.76', '00:50.80', '00:50.84', '00:50.88', '00:50.92', '00:50.96', '00:51.00', '00:51.04', '00:51.08', '00:51.12', '00:51.16', '00:51.20', '00:51.24', '00:51.28', '00:51.32', '00:51.36', '00:51.40', '00:51.44', '00:51.48', '00:51.52', '00:51.56', '00:51.60', '00:51.64', '00:51.68', '00:51.72', '00:51.76', '00:51.80', '00:51.84', '00:51.88', '00:51.92', '00:51.96', '00:52.00', '00:52.04', '00:52.08', '00:52.12', '00:52.16']
2026-02-19 14:16:41,753 | INFO | Running QC checks...
2026-02-19 14:16:41,876 | INFO | Running Black Frame Check on downscaled video...
2026-02-19 14:16:41,974 | INFO | Checking black frames on downscaled video...
2026-02-19 14:16:42,206 | INFO | No black frames detected.
2026-02-19 14:16:42,218 | INFO | Running Scan Type Check on original file...
2026-02-19 14:16:42,309 | INFO | Checking scan type...
2026-02-19 14:16:42,440 | INFO | Scan type: INTERLACE
2026-02-19 14:16:42,527 | INFO | Running Silence Check on original file...
2026-02-19 14:16:42,614 | INFO | Checking audio silence...
2026-02-19 14:16:45,668 | INFO | No silence detected.
2026-02-19 14:16:45,668 | INFO | Running Audio Peak Check on original file...
2026-02-19 14:16:45,715 | INFO | Checking audio peak level...
2026-02-19 14:16:48,728 | INFO | Max Peak: -2.9 dB
2026-02-19 14:16:48,728 | INFO | Audio peak level OK.
2026-02-19 14:16:48,775 | INFO | Running Audio Phase Check on original file...
2026-02-19 14:16:48,820 | INFO | Checking audio phase correlation...
2026-02-19 14:16:48,901 | INFO | Phase scan skipped.
2026-02-19 14:16:48,940 | INFO | Temporary file cleaned up
2026-02-19 14:16:48,961 | INFO | ══════════════════════════════════════════════════
2026-02-19 14:16:49,009 | INFO | ❌ SELESAI: TESTFC0101 3.mxf → FAIL
2026-02-19 14:16:49,053 | INFO | ──────────────────────────────────────────────────
2026-02-19 15:38:44,358 | INFO | Waiting copy complete: TESTFC0101 flicker.mxf
2026-02-19 15:38:56,364 | INFO | Copy complete. Start QC.
2026-02-19 15:38:56,366 | INFO | Detected : TESTFC0101 flicker.mxf
2026-02-19 15:38:56,369 | INFO | Folder   : D:\test_vid
2026-02-19 15:38:56,372 | INFO | Waiting file release...
2026-02-19 15:38:57,396 | INFO | Checking metadata...
2026-02-19 15:39:01,115 | INFO | Metadata OK
2026-02-19 15:39:01,115 | INFO | Starting downscale process...
2026-02-19 15:39:12,050 | INFO | Downscale complete: TESTFC0101 flicker_downscale.yuv
2026-02-19 15:39:12,051 | INFO | Analyzing video (freeze + scratch + flicker)...
2026-02-19 15:39:44,074 | INFO | ⚠️ FREEZE DETECTED @ ['00:15.80', '00:15.96']
2026-02-19 15:39:44,075 | INFO | ⚠️ SCRATCH DETECTED @ ['00:00.00', '00:00.04', '00:00.08', '00:00.12', '00:00.16', '00:00.20', '00:00.24', '00:00.28', '00:00.32', '00:00.36', '00:00.40', '00:00.44', '00:00.48', '00:00.52', '00:00.56', '00:00.60', '00:00.64', '00:00.68', '00:00.72', '00:00.76', '00:00.80', '00:00.84', '00:00.88', '00:00.92', '00:00.96', '00:01.00', '00:01.04', '00:01.08', '00:01.12', '00:01.16', '00:01.20', '00:01.24', '00:01.28', '00:01.32', '00:01.36', '00:01.40', '00:01.44', '00:01.48', '00:01.52', '00:01.56', '00:01.60', '00:01.64', '00:01.68', '00:01.72', '00:01.76', '00:01.80', '00:01.84', '00:01.88', '00:01.92', '00:01.96', '00:02.00', '00:02.04', '00:02.08', '00:02.12', '00:02.16', '00:02.20', '00:02.24', '00:02.28', '00:02.32', '00:02.36', '00:02.40', '00:02.44', '00:02.48', '00:02.52', '00:02.56', '00:02.60', '00:02.64', '00:02.68', '00:02.72', '00:02.76', '00:02.80', '00:02.84', '00:02.88', '00:02.92', '00:02.96', '00:03.00', '00:03.04', '00:03.08', '00:03.12', '00:03.16', '00:03.20', '00:03.24', '00:03.28', '00:03.32', '00:03.36', '00:03.40', '00:03.44', '00:03.48', '00:03.52', '00:03.56', '00:03.60', '00:03.64', '00:03.68', '00:03.72', '00:03.76', '00:03.80', '00:03.84', '00:03.88', '00:03.92', '00:03.96', '00:04.00', '00:04.04', '00:04.08', '00:04.12', '00:04.16', '00:04.20', '00:04.24', '00:04.28', '00:04.32', '00:04.36', '00:04.40', '00:04.44', '00:04.48', '00:04.52', '00:04.56', '00:04.60', '00:04.64', '00:04.68', '00:04.72', '00:04.76', '00:04.80', '00:04.84', '00:04.88', '00:04.92', '00:04.96', '00:05.00', '00:05.04', '00:05.08', '00:05.12', '00:05.16', '00:05.20', '00:05.24', '00:05.28', '00:05.32', '00:05.36', '00:05.40', '00:05.44', '00:05.48', '00:05.52', '00:05.56', '00:05.60', '00:05.64', '00:05.68', '00:05.72', '00:05.76', '00:05.80', '00:05.84', '00:05.88', '00:05.92', '00:05.96', '00:06.00', '00:06.04', '00:06.08', '00:06.12', '00:06.16', '00:06.20', '00:06.24', '00:06.28', '00:06.32', '00:06.36', '00:06.40', '00:06.44', '00:06.48', '00:06.52', '00:06.56', '00:06.60', '00:06.64', '00:06.68', '00:06.72', '00:06.76', '00:06.80', '00:06.84', '00:06.88', '00:06.92', '00:06.96', '00:07.00', '00:07.04', '00:07.08', '00:07.12', '00:07.16', '00:07.20', '00:07.24', '00:07.28', '00:07.32', '00:07.36', '00:07.40', '00:07.44', '00:07.48', '00:07.52', '00:07.56', '00:07.60', '00:07.64', '00:07.68', '00:07.72', '00:07.76', '00:07.80', '00:07.84', '00:07.88', '00:07.92', '00:07.96', '00:08.00', '00:08.04', '00:08.08', '00:08.12', '00:08.16', '00:08.20', '00:08.24', '00:08.28', '00:08.32', '00:08.36', '00:08.40', '00:08.44', '00:08.48', '00:08.52', '00:08.56', '00:08.60', '00:08.64', '00:08.68', '00:08.72', '00:08.76', '00:08.80', '00:08.84', '00:08.88', '00:08.92', '00:08.96', '00:09.00', '00:09.04', '00:09.08', '00:09.12', '00:09.16', '00:09.20', '00:09.24', '00:09.28', '00:09.32', '00:09.36', '00:09.40', '00:09.44', '00:09.48', '00:09.52', '00:09.56', '00:09.60', '00:09.64', '00:09.68', '00:09.72', '00:09.76', '00:09.80', '00:09.84', '00:09.88', '00:09.92', '00:09.96', '00:10.00', '00:10.04', '00:10.08', '00:10.12', '00:10.16', '00:10.20', '00:10.24', '00:10.28', '00:10.32', '00:10.36', '00:10.40', '00:10.44', '00:10.48', '00:10.52', '00:10.56', '00:10.60', '00:10.64', '00:10.68', '00:10.72', '00:10.76', '00:10.80', '00:10.84', '00:10.88', '00:10.92', '00:10.96', '00:11.00', '00:11.04', '00:11.08', '00:11.12', '00:11.16', '00:11.20', '00:11.24', '00:11.28', '00:11.32', '00:11.36', '00:11.40', '00:11.44', '00:11.48', '00:11.52', '00:11.56', '00:11.60', '00:11.64', '00:11.68', '00:11.72', '00:11.76', '00:11.80', '00:11.84', '00:11.88', '00:11.92', '00:11.96', '00:12.00', '00:12.04', '00:12.08', '00:12.12', '00:12.16', '00:12.20', '00:12.24', '00:12.28', '00:12.32', '00:12.36', '00:12.40', '00:12.44', '00:12.48', '00:12.52', '00:12.56', '00:12.60', '00:12.64', '00:12.68', '00:12.72', '00:12.76', '00:12.80', '00:12.84', '00:12.88', '00:12.92', '00:12.96', '00:13.00', '00:13.04', '00:13.08', '00:13.12', '00:13.16', '00:13.20', '00:13.24', '00:13.28', '00:13.32', '00:13.36', '00:13.40', '00:13.44', '00:13.48', '00:13.52', '00:13.56', '00:13.60', '00:13.64', '00:13.68', '00:13.72', '00:13.76', '00:13.80', '00:13.84', '00:13.88', '00:13.92', '00:13.96', '00:14.00', '00:14.04', '00:14.08', '00:14.12', '00:14.16', '00:14.20', '00:14.24', '00:14.28', '00:14.32', '00:14.36', '00:14.40', '00:14.44', '00:14.48', '00:14.52', '00:14.56', '00:14.60', '00:14.64', '00:14.68', '00:14.72', '00:14.76', '00:14.80', '00:14.84', '00:14.88', '00:14.92', '00:14.96', '00:15.00', '00:15.04', '00:15.08', '00:15.12', '00:15.16', '00:15.20', '00:15.24', '00:15.28', '00:15.32', '00:15.36', '00:15.40', '00:15.44', '00:15.48', '00:15.52', '00:15.56', '00:15.60', '00:15.64', '00:15.68', '00:15.72', '00:15.76', '00:15.80', '00:15.84', '00:15.88', '00:15.92', '00:15.96', '00:16.00', '00:16.04', '00:16.08', '00:16.12', '00:16.16', '00:16.20', '00:16.24', '00:16.28', '00:16.32', '00:16.36', '00:16.40', '00:16.44', '00:16.48', '00:16.52', '00:16.56', '00:16.60', '00:16.64', '00:16.68', '00:16.72', '00:16.76', '00:16.80', '00:16.84', '00:16.88', '00:16.92', '00:16.96', '00:17.00', '00:17.04', '00:17.08', '00:17.12', '00:17.16', '00:17.20', '00:17.24', '00:17.28', '00:17.32', '00:17.36', '00:17.40', '00:17.44', '00:17.48', '00:17.52', '00:17.56', '00:17.60', '00:17.64', '00:17.68', '00:17.72', '00:17.76', '00:17.80', '00:17.84', '00:17.88', '00:17.92', '00:17.96', '00:18.00', '00:18.04', '00:18.08', '00:18.12', '00:18.16', '00:18.20', '00:18.24', '00:18.28', '00:18.32', '00:18.36', '00:18.40', '00:18.44', '00:18.48', '00:18.52', '00:18.56', '00:18.60', '00:18.64', '00:18.68', '00:18.72', '00:18.76', '00:18.80', '00:18.84', '00:18.88', '00:18.92', '00:18.96', '00:19.00', '00:19.04', '00:19.08', '00:19.12', '00:19.16', '00:19.20', '00:19.24', '00:19.28', '00:19.32', '00:19.36', '00:19.40', '00:19.44', '00:19.48', '00:19.52', '00:19.56', '00:19.60', '00:19.64', '00:19.68', '00:19.72', '00:19.76', '00:19.80', '00:19.84', '00:19.88', '00:19.92', '00:19.96', '00:20.00', '00:20.04', '00:20.08', '00:20.12', '00:20.16', '00:20.20', '00:20.24', '00:20.28', '00:20.32', '00:20.36', '00:20.40', '00:20.44', '00:20.48', '00:20.52', '00:20.56', '00:20.60', '00:20.64', '00:20.68', '00:20.72', '00:20.76', '00:20.80', '00:20.84', '00:20.88', '00:20.92', '00:20.96', '00:21.00', '00:21.04', '00:21.08', '00:21.12', '00:21.16', '00:21.20', '00:21.24', '00:21.28', '00:21.32', '00:21.36', '00:21.40', '00:21.44', '00:21.48', '00:21.52', '00:21.56', '00:21.60', '00:21.64', '00:21.68', '00:21.72', '00:21.76', '00:21.80', '00:21.84', '00:21.88', '00:21.92', '00:21.96', '00:22.00', '00:22.04', '00:22.08', '00:22.12', '00:22.16', '00:22.20', '00:22.24', '00:22.28', '00:22.32', '00:22.36', '00:22.40', '00:22.44', '00:22.48', '00:22.52', '00:22.56', '00:22.60', '00:22.64', '00:22.68', '00:22.72', '00:22.76', '00:22.80', '00:22.84', '00:22.88', '00:22.92', '00:22.96', '00:23.00', '00:23.04', '00:23.08', '00:23.12', '00:23.16', '00:23.20', '00:23.24', '00:23.28', '00:23.32', '00:23.36', '00:23.40', '00:23.44', '00:23.48', '00:23.52', '00:23.56', '00:23.60', '00:23.64', '00:23.68', '00:23.72', '00:23.76', '00:23.80', '00:23.84', '00:23.88', '00:23.92', '00:23.96', '00:24.00', '00:24.04', '00:24.08', '00:24.12', '00:24.16', '00:24.20', '00:24.24', '00:24.28', '00:24.32', '00:24.36', '00:24.40', '00:24.44', '00:24.48', '00:24.52', '00:24.56', '00:24.60', '00:24.64', '00:24.68', '00:24.72', '00:24.76', '00:24.80', '00:24.84', '00:24.88', '00:24.92', '00:24.96', '00:25.00', '00:25.04', '00:25.08', '00:25.12', '00:25.16', '00:25.20', '00:25.24', '00:25.28', '00:25.32', '00:25.36', '00:25.40', '00:25.44', '00:25.48', '00:25.52', '00:25.56', '00:25.60', '00:25.64', '00:25.68', '00:25.72', '00:25.76', '00:25.80', '00:25.84', '00:25.88', '00:25.92', '00:25.96', '00:26.00', '00:26.04', '00:26.08', '00:26.12', '00:26.16', '00:26.20', '00:26.24', '00:26.28', '00:26.32', '00:26.36', '00:26.40', '00:26.44', '00:26.48', '00:26.52', '00:26.56', '00:26.60', '00:26.64', '00:26.68', '00:26.72', '00:26.76', '00:26.80', '00:26.84', '00:26.88', '00:26.92', '00:26.96', '00:27.00', '00:27.04', '00:27.08', '00:27.12', '00:27.16', '00:27.20', '00:27.24', '00:27.28', '00:27.32', '00:27.36', '00:27.40', '00:27.44', '00:27.48', '00:27.52', '00:27.56', '00:27.60', '00:27.64', '00:27.68', '00:27.72', '00:27.76', '00:27.80', '00:27.84', '00:27.88', '00:27.92', '00:27.96', '00:28.00', '00:28.04', '00:28.08', '00:28.12', '00:28.16', '00:28.20', '00:28.24', '00:28.28', '00:28.32', '00:28.36', '00:28.40', '00:28.44', '00:28.48', '00:28.52', '00:28.56', '00:28.60', '00:28.64', '00:28.68', '00:28.72', '00:28.76', '00:28.80', '00:28.84', '00:28.88', '00:28.92', '00:28.96', '00:29.00', '00:29.04', '00:29.08', '00:29.12', '00:29.16', '00:29.20', '00:29.24', '00:29.28', '00:29.32', '00:29.36', '00:29.40', '00:29.44', '00:29.48', '00:29.52', '00:29.56', '00:29.60', '00:29.64', '00:29.68', '00:29.72', '00:29.76', '00:29.80', '00:29.84', '00:29.88', '00:29.92', '00:29.96', '00:30.00', '00:30.04', '00:30.08', '00:30.12', '00:30.16', '00:30.20', '00:30.24', '00:30.28', '00:30.32', '00:30.36', '00:30.40', '00:30.44', '00:30.48', '00:30.52', '00:30.56', '00:30.60', '00:30.64', '00:30.68', '00:30.72', '00:30.76', '00:30.80', '00:30.84', '00:30.88', '00:30.92', '00:30.96', '00:31.00', '00:31.04', '00:31.08', '00:31.12', '00:31.16', '00:31.20', '00:31.24', '00:31.28', '00:31.32', '00:31.36', '00:31.40', '00:31.44', '00:31.48', '00:31.52', '00:31.56', '00:31.60', '00:31.64', '00:31.68', '00:31.72', '00:31.76', '00:31.80', '00:31.84', '00:31.88', '00:31.92', '00:31.96', '00:32.00', '00:32.04', '00:32.08', '00:32.12', '00:32.16', '00:32.20', '00:32.24', '00:32.28', '00:32.32', '00:32.36', '00:32.40', '00:32.44', '00:32.48', '00:32.52', '00:32.56', '00:32.60', '00:32.64', '00:32.68', '00:32.72', '00:32.76', '00:32.80', '00:32.84', '00:32.88', '00:32.92', '00:32.96', '00:33.00', '00:33.04', '00:33.08', '00:33.12', '00:33.16', '00:33.20', '00:33.24', '00:33.28', '00:33.32', '00:33.36', '00:33.40', '00:33.44', '00:33.48', '00:33.52', '00:33.56', '00:33.60', '00:33.64', '00:33.68', '00:33.72', '00:33.76', '00:33.80', '00:33.84', '00:33.88', '00:33.92', '00:33.96', '00:34.00', '00:34.04', '00:34.08', '00:34.12', '00:34.16', '00:34.20', '00:34.24', '00:34.28', '00:34.32', '00:34.36', '00:34.40', '00:34.44', '00:34.48', '00:34.52', '00:34.56', '00:34.60', '00:34.64', '00:34.68', '00:34.72', '00:34.76', '00:34.80', '00:34.84', '00:34.88', '00:34.92', '00:34.96', '00:35.00', '00:35.04', '00:35.08', '00:35.12', '00:35.16', '00:35.20', '00:35.24', '00:35.28', '00:35.32', '00:35.36', '00:35.40', '00:35.44', '00:35.48', '00:35.52', '00:35.56', '00:35.60', '00:35.64', '00:35.68', '00:35.72', '00:35.76', '00:35.80', '00:35.84', '00:35.88', '00:35.92', '00:35.96', '00:36.00', '00:36.04', '00:36.08', '00:36.12', '00:36.16', '00:36.20', '00:36.24', '00:36.28', '00:36.32', '00:36.36', '00:36.40', '00:36.44', '00:36.48', '00:36.52', '00:36.56', '00:36.60', '00:36.64', '00:36.68', '00:36.72', '00:36.76', '00:36.80', '00:36.84', '00:36.88', '00:36.92', '00:36.96', '00:37.00', '00:37.04', '00:37.08', '00:37.12', '00:37.16', '00:37.20', '00:37.24', '00:37.28', '00:37.32', '00:37.36', '00:37.40', '00:37.44', '00:37.48', '00:37.52', '00:37.56', '00:37.60', '00:37.64', '00:37.68', '00:37.72', '00:37.76', '00:37.80', '00:37.84', '00:37.88', '00:37.92', '00:37.96', '00:38.00', '00:38.04', '00:38.08', '00:38.12', '00:38.16', '00:38.20', '00:38.24', '00:38.28', '00:38.32', '00:38.36', '00:38.40', '00:38.44', '00:38.48', '00:38.52', '00:38.56', '00:38.60', '00:38.64', '00:38.68', '00:38.72', '00:38.76', '00:38.80', '00:38.84', '00:38.88', '00:38.92', '00:38.96', '00:39.00', '00:39.04', '00:39.08', '00:39.12', '00:39.16', '00:39.20', '00:39.24', '00:39.28', '00:39.32', '00:39.36', '00:39.40', '00:39.44', '00:39.48', '00:39.52', '00:39.56', '00:39.60', '00:39.64', '00:39.68', '00:39.72', '00:39.76', '00:39.80', '00:39.84', '00:39.88', '00:39.92', '00:39.96', '00:40.00', '00:40.04', '00:40.08', '00:40.12', '00:40.16', '00:40.20', '00:40.24', '00:40.28', '00:40.32', '00:40.36', '00:40.40', '00:40.44', '00:40.48', '00:40.52', '00:40.56', '00:40.60', '00:40.64', '00:40.68', '00:40.72', '00:40.76', '00:40.80', '00:40.84', '00:40.88', '00:40.92', '00:40.96', '00:41.00', '00:41.04', '00:41.08', '00:41.12', '00:41.16', '00:41.20', '00:41.24', '00:41.28', '00:41.32', '00:41.36', '00:41.40', '00:41.44', '00:41.48', '00:41.52', '00:41.56', '00:41.60', '00:41.64', '00:41.68', '00:41.72', '00:41.76', '00:41.80', '00:41.84', '00:41.88', '00:41.92', '00:41.96', '00:42.00', '00:42.04', '00:42.08', '00:42.12', '00:42.16', '00:42.20', '00:42.24', '00:42.28', '00:42.32', '00:42.36', '00:42.40', '00:42.44', '00:42.48', '00:42.52', '00:42.56', '00:42.60', '00:42.64', '00:42.68', '00:42.72', '00:42.76', '00:42.80', '00:42.84', '00:42.88', '00:42.92', '00:42.96', '00:43.00', '00:43.04', '00:43.08', '00:43.12', '00:43.16', '00:43.20', '00:43.24', '00:43.28', '00:43.32', '00:43.36', '00:43.40', '00:43.44', '00:43.48', '00:43.52', '00:43.56', '00:43.60', '00:43.64', '00:43.68', '00:43.72', '00:43.76', '00:43.80', '00:43.84', '00:43.88', '00:43.92', '00:43.96', '00:44.00', '00:44.04', '00:44.08', '00:44.12', '00:44.16', '00:44.20', '00:44.24', '00:44.28', '00:44.32', '00:44.36', '00:44.40', '00:44.44', '00:44.48', '00:44.52', '00:44.56', '00:44.60', '00:44.64', '00:44.68', '00:44.72', '00:44.76', '00:44.80', '00:44.84', '00:44.88', '00:44.92', '00:44.96', '00:45.00', '00:45.04', '00:45.08', '00:45.12', '00:45.16', '00:45.20', '00:45.24', '00:45.28', '00:45.32', '00:45.36', '00:45.40', '00:45.44', '00:45.48', '00:45.52', '00:45.56', '00:45.60', '00:45.64', '00:45.68', '00:45.72', '00:45.76', '00:45.80', '00:45.84', '00:45.88', '00:45.92', '00:45.96', '00:46.00', '00:46.04', '00:46.08', '00:46.12', '00:46.16', '00:46.20', '00:46.24', '00:46.28', '00:46.32', '00:46.36', '00:46.40', '00:46.44', '00:46.48', '00:46.52', '00:46.56', '00:46.60', '00:46.64', '00:46.68', '00:46.72', '00:46.76', '00:46.80', '00:46.84', '00:46.88', '00:46.92', '00:46.96', '00:47.00', '00:47.04', '00:47.08', '00:47.12', '00:47.16', '00:47.20', '00:47.24', '00:47.28', '00:47.32', '00:47.36', '00:47.40', '00:47.44', '00:47.48', '00:47.52', '00:47.56', '00:47.60', '00:47.64', '00:47.68', '00:47.72', '00:47.76', '00:47.80', '00:47.84', '00:47.88', '00:47.92', '00:47.96', '00:48.00', '00:48.04', '00:48.08', '00:48.12', '00:48.16', '00:48.20', '00:48.24', '00:48.28', '00:48.32', '00:48.36', '00:48.40', '00:48.44', '00:48.48', '00:48.52', '00:48.56', '00:48.60', '00:48.64', '00:48.68', '00:48.72', '00:48.76', '00:48.80', '00:48.84', '00:48.88', '00:48.92', '00:48.96', '00:49.00', '00:49.04', '00:49.08', '00:49.12', '00:49.16', '00:49.20', '00:49.24', '00:49.28', '00:49.32', '00:49.36', '00:49.40', '00:49.44', '00:49.48', '00:49.52', '00:49.56', '00:49.60', '00:49.64', '00:49.68', '00:49.72', '00:49.76', '00:49.80', '00:49.84', '00:49.88', '00:49.92', '00:49.96', '00:50.00', '00:50.04', '00:50.08', '00:50.12', '00:50.16', '00:50.20', '00:50.24', '00:50.28', '00:50.32', '00:50.36', '00:50.40', '00:50.44', '00:50.48', '00:50.52', '00:50.56', '00:50.60', '00:50.64', '00:50.68', '00:50.72', '00:50.76', '00:50.80', '00:50.84', '00:50.88', '00:50.92', '00:50.96', '00:51.00', '00:51.04', '00:51.08', '00:51.12', '00:51.16', '00:51.20', '00:51.24', '00:51.28', '00:51.32', '00:51.36', '00:51.40', '00:51.44', '00:51.48', '00:51.52', '00:51.56', '00:51.60', '00:51.64', '00:51.68', '00:51.72', '00:51.76', '00:51.80', '00:51.84', '00:51.88', '00:51.92', '00:51.96', '00:52.00', '00:52.04', '00:52.08', '00:52.12', '00:52.16']
2026-02-19 15:39:44,249 | INFO | Running QC checks...
2026-02-19 15:39:44,386 | INFO | Running Black Frame Check on downscaled video...
2026-02-19 15:39:44,483 | INFO | Checking black frames on downscaled video...
2026-02-19 15:39:44,820 | INFO | No black frames detected.
2026-02-19 15:39:44,820 | INFO | Running Scan Type Check on original file...
2026-02-19 15:39:44,896 | INFO | Checking scan type...
2026-02-19 15:39:45,004 | INFO | Scan type: INTERLACE
2026-02-19 15:39:45,056 | INFO | Running Silence Check on original file...
2026-02-19 15:39:45,137 | INFO | Checking audio silence...
2026-02-19 15:39:48,096 | INFO | No silence detected.
2026-02-19 15:39:48,096 | INFO | Running Audio Peak Check on original file...
2026-02-19 15:39:48,139 | INFO | Checking audio peak level...
2026-02-19 15:39:51,106 | INFO | Max Peak: -2.9 dB
2026-02-19 15:39:51,107 | INFO | Audio peak level OK.
2026-02-19 15:39:51,152 | INFO | Running Audio Phase Check on original file...
2026-02-19 15:39:51,194 | INFO | Checking audio phase correlation...
2026-02-19 15:39:51,270 | INFO | Phase scan skipped.
2026-02-19 15:39:51,308 | INFO | Temporary file cleaned up
2026-02-19 15:39:51,327 | INFO | ✅ TESTFC0101 flicker.mxf FINISH QC
2026-02-19 15:39:51,371 | INFO | ══════════════════════════════════════════════════
2026-02-19 15:39:51,435 | INFO | ✅ SELESAI: TESTFC0101 flicker.mxf → PASS
2026-02-19 15:39:51,461 | INFO | ──────────────────────────────────────────────────
2026-02-19 16:06:14,920 | INFO | Waiting copy complete: TESTFC0101 prog.mxf
2026-02-19 16:06:26,928 | INFO | Copy complete. Start QC.
2026-02-19 16:06:26,930 | INFO | Detected : TESTFC0101 prog.mxf
2026-02-19 16:06:26,932 | INFO | Folder   : D:\test_vid
2026-02-19 16:06:26,942 | INFO | Waiting file release...
2026-02-19 16:06:27,945 | INFO | Checking metadata...
2026-02-19 16:06:28,036 | INFO | Metadata OK
2026-02-19 16:06:28,037 | INFO | Starting downscale process...
2026-02-19 16:06:35,215 | INFO | Downscale complete: TESTFC0101 prog_downscale.yuv
2026-02-19 16:06:35,215 | INFO | Analyzing video (freeze + scratch + flicker)...
2026-02-19 16:07:07,771 | INFO | Starting downscale process...
2026-02-19 16:07:14,624 | INFO | Downscale complete: TESTFC0101 prog_downscale.yuv
2026-02-19 16:07:14,625 | INFO | Analyzing video (freeze + scratch + flicker)...
2026-02-19 16:07:47,448 | INFO | ⚠️ FREEZE DETECTED @ ['00:15.80', '00:15.96']
2026-02-19 16:07:47,448 | INFO | ⚠️ SCRATCH DETECTED @ ['00:00.00', '00:00.04', '00:00.08', '00:00.12', '00:00.16', '00:00.20', '00:00.24', '00:00.28', '00:00.32', '00:00.36', '00:00.40', '00:00.44', '00:00.48', '00:00.52', '00:00.56', '00:00.60', '00:00.64', '00:00.68', '00:00.72', '00:00.76', '00:00.80', '00:00.84', '00:00.88', '00:00.92', '00:00.96', '00:01.00', '00:01.04', '00:01.08', '00:01.12', '00:01.16', '00:01.20', '00:01.24', '00:01.28', '00:01.32', '00:01.36', '00:01.40', '00:01.44', '00:01.48', '00:01.52', '00:01.56', '00:01.60', '00:01.64', '00:01.68', '00:01.72', '00:01.76', '00:01.80', '00:01.84', '00:01.88', '00:01.92', '00:01.96', '00:02.00', '00:02.04', '00:02.08', '00:02.12', '00:02.16', '00:02.20', '00:02.24', '00:02.28', '00:02.32', '00:02.36', '00:02.40', '00:02.44', '00:02.48', '00:02.52', '00:02.56', '00:02.60', '00:02.64', '00:02.68', '00:02.72', '00:02.76', '00:02.80', '00:02.84', '00:02.88', '00:02.92', '00:02.96', '00:03.00', '00:03.04', '00:03.08', '00:03.12', '00:03.16', '00:03.20', '00:03.24', '00:03.28', '00:03.32', '00:03.36', '00:03.40', '00:03.44', '00:03.48', '00:03.52', '00:03.56', '00:03.60', '00:03.64', '00:03.68', '00:03.72', '00:03.76', '00:03.80', '00:03.84', '00:03.88', '00:03.92', '00:03.96', '00:04.00', '00:04.04', '00:04.08', '00:04.12', '00:04.16', '00:04.20', '00:04.24', '00:04.28', '00:04.32', '00:04.36', '00:04.40', '00:04.44', '00:04.48', '00:04.52', '00:04.56', '00:04.60', '00:04.64', '00:04.68', '00:04.72', '00:04.76', '00:04.80', '00:04.84', '00:04.88', '00:04.92', '00:04.96', '00:05.00', '00:05.04', '00:05.08', '00:05.12', '00:05.16', '00:05.20', '00:05.24', '00:05.28', '00:05.32', '00:05.36', '00:05.40', '00:05.44', '00:05.48', '00:05.52', '00:05.56', '00:05.60', '00:05.64', '00:05.68', '00:05.72', '00:05.76', '00:05.80', '00:05.84', '00:05.88', '00:05.92', '00:05.96', '00:06.00', '00:06.04', '00:06.08', '00:06.12', '00:06.16', '00:06.20', '00:06.24', '00:06.28', '00:06.32', '00:06.36', '00:06.40', '00:06.44', '00:06.48', '00:06.52', '00:06.56', '00:06.60', '00:06.64', '00:06.68', '00:06.72', '00:06.76', '00:06.80', '00:06.84', '00:06.88', '00:06.92', '00:06.96', '00:07.00', '00:07.04', '00:07.08', '00:07.12', '00:07.16', '00:07.20', '00:07.24', '00:07.28', '00:07.32', '00:07.36', '00:07.40', '00:07.44', '00:07.48', '00:07.52', '00:07.56', '00:07.60', '00:07.64', '00:07.68', '00:07.72', '00:07.76', '00:07.80', '00:07.84', '00:07.88', '00:07.92', '00:07.96', '00:08.00', '00:08.04', '00:08.08', '00:08.12', '00:08.16', '00:08.20', '00:08.24', '00:08.28', '00:08.32', '00:08.36', '00:08.40', '00:08.44', '00:08.48', '00:08.52', '00:08.56', '00:08.60', '00:08.64', '00:08.68', '00:08.72', '00:08.76', '00:08.80', '00:08.84', '00:08.88', '00:08.92', '00:08.96', '00:09.00', '00:09.04', '00:09.08', '00:09.12', '00:09.16', '00:09.20', '00:09.24', '00:09.28', '00:09.32', '00:09.36', '00:09.40', '00:09.44', '00:09.48', '00:09.52', '00:09.56', '00:09.60', '00:09.64', '00:09.68', '00:09.72', '00:09.76', '00:09.80', '00:09.84', '00:09.88', '00:09.92', '00:09.96', '00:10.00', '00:10.04', '00:10.08', '00:10.12', '00:10.16', '00:10.20', '00:10.24', '00:10.28', '00:10.32', '00:10.36', '00:10.40', '00:10.44', '00:10.48', '00:10.52', '00:10.56', '00:10.60', '00:10.64', '00:10.68', '00:10.72', '00:10.76', '00:10.80', '00:10.84', '00:10.88', '00:10.92', '00:10.96', '00:11.00', '00:11.04', '00:11.08', '00:11.12', '00:11.16', '00:11.20', '00:11.24', '00:11.28', '00:11.32', '00:11.36', '00:11.40', '00:11.44', '00:11.48', '00:11.52', '00:11.56', '00:11.60', '00:11.64', '00:11.68', '00:11.72', '00:11.76', '00:11.80', '00:11.84', '00:11.88', '00:11.92', '00:11.96', '00:12.00', '00:12.04', '00:12.08', '00:12.12', '00:12.16', '00:12.20', '00:12.24', '00:12.28', '00:12.32', '00:12.36', '00:12.40', '00:12.44', '00:12.48', '00:12.52', '00:12.56', '00:12.60', '00:12.64', '00:12.68', '00:12.72', '00:12.76', '00:12.80', '00:12.84', '00:12.88', '00:12.92', '00:12.96', '00:13.00', '00:13.04', '00:13.08', '00:13.12', '00:13.16', '00:13.20', '00:13.24', '00:13.28', '00:13.32', '00:13.36', '00:13.40', '00:13.44', '00:13.48', '00:13.52', '00:13.56', '00:13.60', '00:13.64', '00:13.68', '00:13.72', '00:13.76', '00:13.80', '00:13.84', '00:13.88', '00:13.92', '00:13.96', '00:14.00', '00:14.04', '00:14.08', '00:14.12', '00:14.16', '00:14.20', '00:14.24', '00:14.28', '00:14.32', '00:14.36', '00:14.40', '00:14.44', '00:14.48', '00:14.52', '00:14.56', '00:14.60', '00:14.64', '00:14.68', '00:14.72', '00:14.76', '00:14.80', '00:14.84', '00:14.88', '00:14.92', '00:14.96', '00:15.00', '00:15.04', '00:15.08', '00:15.12', '00:15.16', '00:15.20', '00:15.24', '00:15.28', '00:15.32', '00:15.36', '00:15.40', '00:15.44', '00:15.48', '00:15.52', '00:15.56', '00:15.60', '00:15.64', '00:15.68', '00:15.72', '00:15.76', '00:15.80', '00:15.84', '00:15.88', '00:15.92', '00:15.96', '00:16.00', '00:16.04', '00:16.08', '00:16.12', '00:16.16', '00:16.20', '00:16.24', '00:16.28', '00:16.32', '00:16.36', '00:16.40', '00:16.44', '00:16.48', '00:16.52', '00:16.56', '00:16.60', '00:16.64', '00:16.68', '00:16.72', '00:16.76', '00:16.80', '00:16.84', '00:16.88', '00:16.92', '00:16.96', '00:17.00', '00:17.04', '00:17.08', '00:17.12', '00:17.16', '00:17.20', '00:17.24', '00:17.28', '00:17.32', '00:17.36', '00:17.40', '00:17.44', '00:17.48', '00:17.52', '00:17.56', '00:17.60', '00:17.64', '00:17.68', '00:17.72', '00:17.76', '00:17.80', '00:17.84', '00:17.88', '00:17.92', '00:17.96', '00:18.00', '00:18.04', '00:18.08', '00:18.12', '00:18.16', '00:18.20', '00:18.24', '00:18.28', '00:18.32', '00:18.36', '00:18.40', '00:18.44', '00:18.48', '00:18.52', '00:18.56', '00:18.60', '00:18.64', '00:18.68', '00:18.72', '00:18.76', '00:18.80', '00:18.84', '00:18.88', '00:18.92', '00:18.96', '00:19.00', '00:19.04', '00:19.08', '00:19.12', '00:19.16', '00:19.20', '00:19.24', '00:19.28', '00:19.32', '00:19.36', '00:19.40', '00:19.44', '00:19.48', '00:19.52', '00:19.56', '00:19.60', '00:19.64', '00:19.68', '00:19.72', '00:19.76', '00:19.80', '00:19.84', '00:19.88', '00:19.92', '00:19.96', '00:20.00', '00:20.04', '00:20.08', '00:20.12', '00:20.16', '00:20.20', '00:20.24', '00:20.28', '00:20.32', '00:20.36', '00:20.40', '00:20.44', '00:20.48', '00:20.52', '00:20.56', '00:20.60', '00:20.64', '00:20.68', '00:20.72', '00:20.76', '00:20.80', '00:20.84', '00:20.88', '00:20.92', '00:20.96', '00:21.00', '00:21.04', '00:21.08', '00:21.12', '00:21.16', '00:21.20', '00:21.24', '00:21.28', '00:21.32', '00:21.36', '00:21.40', '00:21.44', '00:21.48', '00:21.52', '00:21.56', '00:21.60', '00:21.64', '00:21.68', '00:21.72', '00:21.76', '00:21.80', '00:21.84', '00:21.88', '00:21.92', '00:21.96', '00:22.00', '00:22.04', '00:22.08', '00:22.12', '00:22.16', '00:22.20', '00:22.24', '00:22.28', '00:22.32', '00:22.36', '00:22.40', '00:22.44', '00:22.48', '00:22.52', '00:22.56', '00:22.60', '00:22.64', '00:22.68', '00:22.72', '00:22.76', '00:22.80', '00:22.84', '00:22.88', '00:22.92', '00:22.96', '00:23.00', '00:23.04', '00:23.08', '00:23.12', '00:23.16', '00:23.20', '00:23.24', '00:23.28', '00:23.32', '00:23.36', '00:23.40', '00:23.44', '00:23.48', '00:23.52', '00:23.56', '00:23.60', '00:23.64', '00:23.68', '00:23.72', '00:23.76', '00:23.80', '00:23.84', '00:23.88', '00:23.92', '00:23.96', '00:24.00', '00:24.04', '00:24.08', '00:24.12', '00:24.16', '00:24.20', '00:24.24', '00:24.28', '00:24.32', '00:24.36', '00:24.40', '00:24.44', '00:24.48', '00:24.52', '00:24.56', '00:24.60', '00:24.64', '00:24.68', '00:24.72', '00:24.76', '00:24.80', '00:24.84', '00:24.88', '00:24.92', '00:24.96', '00:25.00', '00:25.04', '00:25.08', '00:25.12', '00:25.16', '00:25.20', '00:25.24', '00:25.28', '00:25.32', '00:25.36', '00:25.40', '00:25.44', '00:25.48', '00:25.52', '00:25.56', '00:25.60', '00:25.64', '00:25.68', '00:25.72', '00:25.76', '00:25.80', '00:25.84', '00:25.88', '00:25.92', '00:25.96', '00:26.00', '00:26.04', '00:26.08', '00:26.12', '00:26.16', '00:26.20', '00:26.24', '00:26.28', '00:26.32', '00:26.36', '00:26.40', '00:26.44', '00:26.48', '00:26.52', '00:26.56', '00:26.60', '00:26.64', '00:26.68', '00:26.72', '00:26.76', '00:26.80', '00:26.84', '00:26.88', '00:26.92', '00:26.96', '00:27.00', '00:27.04', '00:27.08', '00:27.12', '00:27.16', '00:27.20', '00:27.24', '00:27.28', '00:27.32', '00:27.36', '00:27.40', '00:27.44', '00:27.48', '00:27.52', '00:27.56', '00:27.60', '00:27.64', '00:27.68', '00:27.72', '00:27.76', '00:27.80', '00:27.84', '00:27.88', '00:27.92', '00:27.96', '00:28.00', '00:28.04', '00:28.08', '00:28.12', '00:28.16', '00:28.20', '00:28.24', '00:28.28', '00:28.32', '00:28.36', '00:28.40', '00:28.44', '00:28.48', '00:28.52', '00:28.56', '00:28.60', '00:28.64', '00:28.68', '00:28.72', '00:28.76', '00:28.80', '00:28.84', '00:28.88', '00:28.92', '00:28.96', '00:29.00', '00:29.04', '00:29.08', '00:29.12', '00:29.16', '00:29.20', '00:29.24', '00:29.28', '00:29.32', '00:29.36', '00:29.40', '00:29.44', '00:29.48', '00:29.52', '00:29.56', '00:29.60', '00:29.64', '00:29.68', '00:29.72', '00:29.76', '00:29.80', '00:29.84', '00:29.88', '00:29.92', '00:29.96', '00:30.00', '00:30.04', '00:30.08', '00:30.12', '00:30.16', '00:30.20', '00:30.24', '00:30.28', '00:30.32', '00:30.36', '00:30.40', '00:30.44', '00:30.48', '00:30.52', '00:30.56', '00:30.60', '00:30.64', '00:30.68', '00:30.72', '00:30.76', '00:30.80', '00:30.84', '00:30.88', '00:30.92', '00:30.96', '00:31.00', '00:31.04', '00:31.08', '00:31.12', '00:31.16', '00:31.20', '00:31.24', '00:31.28', '00:31.32', '00:31.36', '00:31.40', '00:31.44', '00:31.48', '00:31.52', '00:31.56', '00:31.60', '00:31.64', '00:31.68', '00:31.72', '00:31.76', '00:31.80', '00:31.84', '00:31.88', '00:31.92', '00:31.96', '00:32.00', '00:32.04', '00:32.08', '00:32.12', '00:32.16', '00:32.20', '00:32.24', '00:32.28', '00:32.32', '00:32.36', '00:32.40', '00:32.44', '00:32.48', '00:32.52', '00:32.56', '00:32.60', '00:32.64', '00:32.68', '00:32.72', '00:32.76', '00:32.80', '00:32.84', '00:32.88', '00:32.92', '00:32.96', '00:33.00', '00:33.04', '00:33.08', '00:33.12', '00:33.16', '00:33.20', '00:33.24', '00:33.28', '00:33.32', '00:33.36', '00:33.40', '00:33.44', '00:33.48', '00:33.52', '00:33.56', '00:33.60', '00:33.64', '00:33.68', '00:33.72', '00:33.76', '00:33.80', '00:33.84', '00:33.88', '00:33.92', '00:33.96', '00:34.00', '00:34.04', '00:34.08', '00:34.12', '00:34.16', '00:34.20', '00:34.24', '00:34.28', '00:34.32', '00:34.36', '00:34.40', '00:34.44', '00:34.48', '00:34.52', '00:34.56', '00:34.60', '00:34.64', '00:34.68', '00:34.72', '00:34.76', '00:34.80', '00:34.84', '00:34.88', '00:34.92', '00:34.96', '00:35.00', '00:35.04', '00:35.08', '00:35.12', '00:35.16', '00:35.20', '00:35.24', '00:35.28', '00:35.32', '00:35.36', '00:35.40', '00:35.44', '00:35.48', '00:35.52', '00:35.56', '00:35.60', '00:35.64', '00:35.68', '00:35.72', '00:35.76', '00:35.80', '00:35.84', '00:35.88', '00:35.92', '00:35.96', '00:36.00', '00:36.04', '00:36.08', '00:36.12', '00:36.16', '00:36.20', '00:36.24', '00:36.28', '00:36.32', '00:36.36', '00:36.40', '00:36.44', '00:36.48', '00:36.52', '00:36.56', '00:36.60', '00:36.64', '00:36.68', '00:36.72', '00:36.76', '00:36.80', '00:36.84', '00:36.88', '00:36.92', '00:36.96', '00:37.00', '00:37.04', '00:37.08', '00:37.12', '00:37.16', '00:37.20', '00:37.24', '00:37.28', '00:37.32', '00:37.36', '00:37.40', '00:37.44', '00:37.48', '00:37.52', '00:37.56', '00:37.60', '00:37.64', '00:37.68', '00:37.72', '00:37.76', '00:37.80', '00:37.84', '00:37.88', '00:37.92', '00:37.96', '00:38.00', '00:38.04', '00:38.08', '00:38.12', '00:38.16', '00:38.20', '00:38.24', '00:38.28', '00:38.32', '00:38.36', '00:38.40', '00:38.44', '00:38.48', '00:38.52', '00:38.56', '00:38.60', '00:38.64', '00:38.68', '00:38.72', '00:38.76', '00:38.80', '00:38.84', '00:38.88', '00:38.92', '00:38.96', '00:39.00', '00:39.04', '00:39.08', '00:39.12', '00:39.16', '00:39.20', '00:39.24', '00:39.28', '00:39.32', '00:39.36', '00:39.40', '00:39.44', '00:39.48', '00:39.52', '00:39.56', '00:39.60', '00:39.64', '00:39.68', '00:39.72', '00:39.76', '00:39.80', '00:39.84', '00:39.88', '00:39.92', '00:39.96', '00:40.00', '00:40.04', '00:40.08', '00:40.12', '00:40.16', '00:40.20', '00:40.24', '00:40.28', '00:40.32', '00:40.36', '00:40.40', '00:40.44', '00:40.48', '00:40.52', '00:40.56', '00:40.60', '00:40.64', '00:40.68', '00:40.72', '00:40.76', '00:40.80', '00:40.84', '00:40.88', '00:40.92', '00:40.96', '00:41.00', '00:41.04', '00:41.08', '00:41.12', '00:41.16', '00:41.20', '00:41.24', '00:41.28', '00:41.32', '00:41.36', '00:41.40', '00:41.44', '00:41.48', '00:41.52', '00:41.56', '00:41.60', '00:41.64', '00:41.68', '00:41.72', '00:41.76', '00:41.80', '00:41.84', '00:41.88', '00:41.92', '00:41.96', '00:42.00', '00:42.04', '00:42.08', '00:42.12', '00:42.16', '00:42.20', '00:42.24', '00:42.28', '00:42.32', '00:42.36', '00:42.40', '00:42.44', '00:42.48', '00:42.52', '00:42.56', '00:42.60', '00:42.64', '00:42.68', '00:42.72', '00:42.76', '00:42.80', '00:42.84', '00:42.88', '00:42.92', '00:42.96', '00:43.00', '00:43.04', '00:43.08', '00:43.12', '00:43.16', '00:43.20', '00:43.24', '00:43.28', '00:43.32', '00:43.36', '00:43.40', '00:43.44', '00:43.48', '00:43.52', '00:43.56', '00:43.60', '00:43.64', '00:43.68', '00:43.72', '00:43.76', '00:43.80', '00:43.84', '00:43.88', '00:43.92', '00:43.96', '00:44.00', '00:44.04', '00:44.08', '00:44.12', '00:44.16', '00:44.20', '00:44.24', '00:44.28', '00:44.32', '00:44.36', '00:44.40', '00:44.44', '00:44.48', '00:44.52', '00:44.56', '00:44.60', '00:44.64', '00:44.68', '00:44.72', '00:44.76', '00:44.80', '00:44.84', '00:44.88', '00:44.92', '00:44.96', '00:45.00', '00:45.04', '00:45.08', '00:45.12', '00:45.16', '00:45.20', '00:45.24', '00:45.28', '00:45.32', '00:45.36', '00:45.40', '00:45.44', '00:45.48', '00:45.52', '00:45.56', '00:45.60', '00:45.64', '00:45.68', '00:45.72', '00:45.76', '00:45.80', '00:45.84', '00:45.88', '00:45.92', '00:45.96', '00:46.00', '00:46.04', '00:46.08', '00:46.12', '00:46.16', '00:46.20', '00:46.24', '00:46.28', '00:46.32', '00:46.36', '00:46.40', '00:46.44', '00:46.48', '00:46.52', '00:46.56', '00:46.60', '00:46.64', '00:46.68', '00:46.72', '00:46.76', '00:46.80', '00:46.84', '00:46.88', '00:46.92', '00:46.96', '00:47.00', '00:47.04', '00:47.08', '00:47.12', '00:47.16', '00:47.20', '00:47.24', '00:47.28', '00:47.32', '00:47.36', '00:47.40', '00:47.44', '00:47.48', '00:47.52', '00:47.56', '00:47.60', '00:47.64', '00:47.68', '00:47.72', '00:47.76', '00:47.80', '00:47.84', '00:47.88', '00:47.92', '00:47.96', '00:48.00', '00:48.04', '00:48.08', '00:48.12', '00:48.16', '00:48.20', '00:48.24', '00:48.28', '00:48.32', '00:48.36', '00:48.40', '00:48.44', '00:48.48', '00:48.52', '00:48.56', '00:48.60', '00:48.64', '00:48.68', '00:48.72', '00:48.76', '00:48.80', '00:48.84', '00:48.88', '00:48.92', '00:48.96', '00:49.00', '00:49.04', '00:49.08', '00:49.12', '00:49.16', '00:49.20', '00:49.24', '00:49.28', '00:49.32', '00:49.36', '00:49.40', '00:49.44', '00:49.48', '00:49.52', '00:49.56', '00:49.60', '00:49.64', '00:49.68', '00:49.72', '00:49.76', '00:49.80', '00:49.84', '00:49.88', '00:49.92', '00:49.96', '00:50.00', '00:50.04', '00:50.08', '00:50.12', '00:50.16', '00:50.20', '00:50.24', '00:50.28', '00:50.32', '00:50.36', '00:50.40', '00:50.44', '00:50.48', '00:50.52', '00:50.56', '00:50.60', '00:50.64', '00:50.68', '00:50.72', '00:50.76', '00:50.80', '00:50.84', '00:50.88', '00:50.92', '00:50.96', '00:51.00', '00:51.04', '00:51.08', '00:51.12', '00:51.16', '00:51.20', '00:51.24', '00:51.28', '00:51.32', '00:51.36', '00:51.40', '00:51.44', '00:51.48', '00:51.52', '00:51.56', '00:51.60', '00:51.64', '00:51.68', '00:51.72', '00:51.76', '00:51.80', '00:51.84', '00:51.88', '00:51.92', '00:51.96', '00:52.00', '00:52.04', '00:52.08', '00:52.12', '00:52.16']
2026-02-19 16:07:47,578 | INFO | Running QC checks...
2026-02-19 16:07:47,693 | INFO | Running Black Frame Check on downscaled video...
2026-02-19 16:07:47,787 | INFO | Checking black frames on downscaled video...
2026-02-19 16:07:48,119 | INFO | No black frames detected.
2026-02-19 16:07:48,119 | INFO | Running Scan Type Check on original file...
2026-02-19 16:07:48,201 | INFO | Checking scan type...
2026-02-19 16:07:48,321 | INFO | Scan type: INTERLACE
2026-02-19 16:07:48,374 | INFO | Running Silence Check on original file...
2026-02-19 16:07:48,455 | INFO | Checking audio silence...
2026-02-19 16:07:51,430 | INFO | No silence detected.
2026-02-19 16:07:51,430 | INFO | Running Audio Peak Check on original file...
2026-02-19 16:07:51,473 | INFO | Checking audio peak level...
2026-02-19 16:07:54,470 | INFO | Max Peak: -2.9 dB
2026-02-19 16:07:54,470 | INFO | Audio peak level OK.
2026-02-19 16:07:54,527 | INFO | Running Audio Phase Check on original file...
2026-02-19 16:07:54,581 | INFO | Checking audio phase correlation...
2026-02-19 16:07:54,666 | INFO | Phase scan skipped.
2026-02-19 16:07:54,707 | INFO | Temporary file cleaned up
2026-02-19 16:07:54,732 | INFO | ✅ TESTFC0101 prog.mxf FINISH QC
2026-02-19 16:07:54,779 | INFO | ══════════════════════════════════════════════════
2026-02-19 16:07:54,827 | INFO | ✅ SELESAI: TESTFC0101 prog.mxf → PASS
2026-02-19 16:07:54,871 | INFO | ──────────────────────────────────────────────────
2026-02-19 16:34:31,968 | INFO | Waiting copy complete: TESTFC0101 framedrop.mxf
2026-02-19 16:34:43,974 | INFO | Copy complete. Start QC.
2026-02-19 16:34:43,976 | INFO | Detected : TESTFC0101 framedrop.mxf
2026-02-19 16:34:43,977 | INFO | Folder   : D:\test_vid
2026-02-19 16:34:43,978 | INFO | Waiting file release...
2026-02-19 16:34:44,980 | INFO | Checking metadata...
2026-02-19 16:34:45,086 | INFO | Metadata OK
2026-02-19 16:34:45,087 | INFO | Starting downscale process...
2026-02-19 16:34:51,977 | INFO | Downscale complete: TESTFC0101 framedrop_downscale.yuv
2026-02-19 16:34:51,977 | INFO | Analyzing video (freeze + scratch + flicker)...
2026-02-19 16:35:26,182 | INFO | ⚠️ FREEZE DETECTED @ ['00:15.80', '00:15.96']
2026-02-19 16:35:26,183 | INFO | ⚠️ SCRATCH DETECTED @ ['00:00.00', '00:00.04', '00:00.08', '00:00.12', '00:00.16', '00:00.20', '00:00.24', '00:00.28', '00:00.32', '00:00.36', '00:00.40', '00:00.44', '00:00.48', '00:00.52', '00:00.56', '00:00.60', '00:00.64', '00:00.68', '00:00.72', '00:00.76', '00:00.80', '00:00.84', '00:00.88', '00:00.92', '00:00.96', '00:01.00', '00:01.04', '00:01.08', '00:01.12', '00:01.16', '00:01.20', '00:01.24', '00:01.28', '00:01.32', '00:01.36', '00:01.40', '00:01.44', '00:01.48', '00:01.52', '00:01.56', '00:01.60', '00:01.64', '00:01.68', '00:01.72', '00:01.76', '00:01.80', '00:01.84', '00:01.88', '00:01.92', '00:01.96', '00:02.00', '00:02.04', '00:02.08', '00:02.12', '00:02.16', '00:02.20', '00:02.24', '00:02.28', '00:02.32', '00:02.36', '00:02.40', '00:02.44', '00:02.48', '00:02.52', '00:02.56', '00:02.60', '00:02.64', '00:02.68', '00:02.72', '00:02.76', '00:02.80', '00:02.84', '00:02.88', '00:02.92', '00:02.96', '00:03.00', '00:03.04', '00:03.08', '00:03.12', '00:03.16', '00:03.20', '00:03.24', '00:03.28', '00:03.32', '00:03.36', '00:03.40', '00:03.44', '00:03.48', '00:03.52', '00:03.56', '00:03.60', '00:03.64', '00:03.68', '00:03.72', '00:03.76', '00:03.80', '00:03.84', '00:03.88', '00:03.92', '00:03.96', '00:04.00', '00:04.04', '00:04.08', '00:04.12', '00:04.16', '00:04.20', '00:04.24', '00:04.28', '00:04.32', '00:04.36', '00:04.40', '00:04.44', '00:04.48', '00:04.52', '00:04.56', '00:04.60', '00:04.64', '00:04.68', '00:04.72', '00:04.76', '00:04.80', '00:04.84', '00:04.88', '00:04.92', '00:04.96', '00:05.00', '00:05.04', '00:05.08', '00:05.12', '00:05.16', '00:05.20', '00:05.24', '00:05.28', '00:05.32', '00:05.36', '00:05.40', '00:05.44', '00:05.48', '00:05.52', '00:05.56', '00:05.60', '00:05.64', '00:05.68', '00:05.72', '00:05.76', '00:05.80', '00:05.84', '00:05.88', '00:05.92', '00:05.96', '00:06.00', '00:06.04', '00:06.08', '00:06.12', '00:06.16', '00:06.20', '00:06.24', '00:06.28', '00:06.32', '00:06.36', '00:06.40', '00:06.44', '00:06.48', '00:06.52', '00:06.56', '00:06.60', '00:06.64', '00:06.68', '00:06.72', '00:06.76', '00:06.80', '00:06.84', '00:06.88', '00:06.92', '00:06.96', '00:07.00', '00:07.04', '00:07.08', '00:07.12', '00:07.16', '00:07.20', '00:07.24', '00:07.28', '00:07.32', '00:07.36', '00:07.40', '00:07.44', '00:07.48', '00:07.52', '00:07.56', '00:07.60', '00:07.64', '00:07.68', '00:07.72', '00:07.76', '00:07.80', '00:07.84', '00:07.88', '00:07.92', '00:07.96', '00:08.00', '00:08.04', '00:08.08', '00:08.12', '00:08.16', '00:08.20', '00:08.24', '00:08.28', '00:08.32', '00:08.36', '00:08.40', '00:08.44', '00:08.48', '00:08.52', '00:08.56', '00:08.60', '00:08.64', '00:08.68', '00:08.72', '00:08.76', '00:08.80', '00:08.84', '00:08.88', '00:08.92', '00:08.96', '00:09.00', '00:09.04', '00:09.08', '00:09.12', '00:09.16', '00:09.20', '00:09.24', '00:09.28', '00:09.32', '00:09.36', '00:09.40', '00:09.44', '00:09.48', '00:09.52', '00:09.56', '00:09.60', '00:09.64', '00:09.68', '00:09.72', '00:09.76', '00:09.80', '00:09.84', '00:09.88', '00:09.92', '00:09.96', '00:10.00', '00:10.04', '00:10.08', '00:10.12', '00:10.16', '00:10.20', '00:10.24', '00:10.28', '00:10.32', '00:10.36', '00:10.40', '00:10.44', '00:10.48', '00:10.52', '00:10.56', '00:10.60', '00:10.64', '00:10.68', '00:10.72', '00:10.76', '00:10.80', '00:10.84', '00:10.88', '00:10.92', '00:10.96', '00:11.00', '00:11.04', '00:11.08', '00:11.12', '00:11.16', '00:11.20', '00:11.24', '00:11.28', '00:11.32', '00:11.36', '00:11.40', '00:11.44', '00:11.48', '00:11.52', '00:11.56', '00:11.60', '00:11.64', '00:11.68', '00:11.72', '00:11.76', '00:11.80', '00:11.84', '00:11.88', '00:11.92', '00:11.96', '00:12.00', '00:12.04', '00:12.08', '00:12.12', '00:12.16', '00:12.20', '00:12.24', '00:12.28', '00:12.32', '00:12.36', '00:12.40', '00:12.44', '00:12.48', '00:12.52', '00:12.56', '00:12.60', '00:12.64', '00:12.68', '00:12.72', '00:12.76', '00:12.80', '00:12.84', '00:12.88', '00:12.92', '00:12.96', '00:13.00', '00:13.04', '00:13.08', '00:13.12', '00:13.16', '00:13.20', '00:13.24', '00:13.28', '00:13.32', '00:13.36', '00:13.40', '00:13.44', '00:13.48', '00:13.52', '00:13.56', '00:13.60', '00:13.64', '00:13.68', '00:13.72', '00:13.76', '00:13.80', '00:13.84', '00:13.88', '00:13.92', '00:13.96', '00:14.00', '00:14.04', '00:14.08', '00:14.12', '00:14.16', '00:14.20', '00:14.24', '00:14.28', '00:14.32', '00:14.36', '00:14.40', '00:14.44', '00:14.48', '00:14.52', '00:14.56', '00:14.60', '00:14.64', '00:14.68', '00:14.72', '00:14.76', '00:14.80', '00:14.84', '00:14.88', '00:14.92', '00:14.96', '00:15.00', '00:15.04', '00:15.08', '00:15.12', '00:15.16', '00:15.20', '00:15.24', '00:15.28', '00:15.32', '00:15.36', '00:15.40', '00:15.44', '00:15.48', '00:15.52', '00:15.56', '00:15.60', '00:15.64', '00:15.68', '00:15.72', '00:15.76', '00:15.80', '00:15.84', '00:15.88', '00:15.92', '00:15.96', '00:16.00', '00:16.04', '00:16.08', '00:16.12', '00:16.16', '00:16.20', '00:16.24', '00:16.28', '00:16.32', '00:16.36', '00:16.40', '00:16.44', '00:16.48', '00:16.52', '00:16.56', '00:16.60', '00:16.64', '00:16.68', '00:16.72', '00:16.76', '00:16.80', '00:16.84', '00:16.88', '00:16.92', '00:16.96', '00:17.00', '00:17.04', '00:17.08', '00:17.12', '00:17.16', '00:17.20', '00:17.24', '00:17.28', '00:17.32', '00:17.36', '00:17.40', '00:17.44', '00:17.48', '00:17.52', '00:17.56', '00:17.60', '00:17.64', '00:17.68', '00:17.72', '00:17.76', '00:17.80', '00:17.84', '00:17.88', '00:17.92', '00:17.96', '00:18.00', '00:18.04', '00:18.08', '00:18.12', '00:18.16', '00:18.20', '00:18.24', '00:18.28', '00:18.32', '00:18.36', '00:18.40', '00:18.44', '00:18.48', '00:18.52', '00:18.56', '00:18.60', '00:18.64', '00:18.68', '00:18.72', '00:18.76', '00:18.80', '00:18.84', '00:18.88', '00:18.92', '00:18.96', '00:19.00', '00:19.04', '00:19.08', '00:19.12', '00:19.16', '00:19.20', '00:19.24', '00:19.28', '00:19.32', '00:19.36', '00:19.40', '00:19.44', '00:19.48', '00:19.52', '00:19.56', '00:19.60', '00:19.64', '00:19.68', '00:19.72', '00:19.76', '00:19.80', '00:19.84', '00:19.88', '00:19.92', '00:19.96', '00:20.00', '00:20.04', '00:20.08', '00:20.12', '00:20.16', '00:20.20', '00:20.24', '00:20.28', '00:20.32', '00:20.36', '00:20.40', '00:20.44', '00:20.48', '00:20.52', '00:20.56', '00:20.60', '00:20.64', '00:20.68', '00:20.72', '00:20.76', '00:20.80', '00:20.84', '00:20.88', '00:20.92', '00:20.96', '00:21.00', '00:21.04', '00:21.08', '00:21.12', '00:21.16', '00:21.20', '00:21.24', '00:21.28', '00:21.32', '00:21.36', '00:21.40', '00:21.44', '00:21.48', '00:21.52', '00:21.56', '00:21.60', '00:21.64', '00:21.68', '00:21.72', '00:21.76', '00:21.80', '00:21.84', '00:21.88', '00:21.92', '00:21.96', '00:22.00', '00:22.04', '00:22.08', '00:22.12', '00:22.16', '00:22.20', '00:22.24', '00:22.28', '00:22.32', '00:22.36', '00:22.40', '00:22.44', '00:22.48', '00:22.52', '00:22.56', '00:22.60', '00:22.64', '00:22.68', '00:22.72', '00:22.76', '00:22.80', '00:22.84', '00:22.88', '00:22.92', '00:22.96', '00:23.00', '00:23.04', '00:23.08', '00:23.12', '00:23.16', '00:23.20', '00:23.24', '00:23.28', '00:23.32', '00:23.36', '00:23.40', '00:23.44', '00:23.48', '00:23.52', '00:23.56', '00:23.60', '00:23.64', '00:23.68', '00:23.72', '00:23.76', '00:23.80', '00:23.84', '00:23.88', '00:23.92', '00:23.96', '00:24.00', '00:24.04', '00:24.08', '00:24.12', '00:24.16', '00:24.20', '00:24.24', '00:24.28', '00:24.32', '00:24.36', '00:24.40', '00:24.44', '00:24.48', '00:24.52', '00:24.56', '00:24.60', '00:24.64', '00:24.68', '00:24.72', '00:24.76', '00:24.80', '00:24.84', '00:24.88', '00:24.92', '00:24.96', '00:25.00', '00:25.04', '00:25.08', '00:25.12', '00:25.16', '00:25.20', '00:25.24', '00:25.28', '00:25.32', '00:25.36', '00:25.40', '00:25.44', '00:25.48', '00:25.52', '00:25.56', '00:25.60', '00:25.64', '00:25.68', '00:25.72', '00:25.76', '00:25.80', '00:25.84', '00:25.88', '00:25.92', '00:25.96', '00:26.00', '00:26.04', '00:26.08', '00:26.12', '00:26.16', '00:26.20', '00:26.24', '00:26.28', '00:26.32', '00:26.36', '00:26.40', '00:26.44', '00:26.48', '00:26.52', '00:26.56', '00:26.60', '00:26.64', '00:26.68', '00:26.72', '00:26.76', '00:26.80', '00:26.84', '00:26.88', '00:26.92', '00:26.96', '00:27.00', '00:27.04', '00:27.08', '00:27.12', '00:27.16', '00:27.20', '00:27.24', '00:27.28', '00:27.32', '00:27.36', '00:27.40', '00:27.44', '00:27.48', '00:27.52', '00:27.56', '00:27.60', '00:27.64', '00:27.68', '00:27.72', '00:27.76', '00:27.80', '00:27.84', '00:27.88', '00:27.92', '00:27.96', '00:28.00', '00:28.04', '00:28.08', '00:28.12', '00:28.16', '00:28.20', '00:28.24', '00:28.28', '00:28.32', '00:28.36', '00:28.40', '00:28.44', '00:28.48', '00:28.52', '00:28.56', '00:28.60', '00:28.64', '00:28.68', '00:28.72', '00:28.76', '00:28.80', '00:28.84', '00:28.88', '00:28.92', '00:28.96', '00:29.00', '00:29.04', '00:29.08', '00:29.12', '00:29.16', '00:29.20', '00:29.24', '00:29.28', '00:29.32', '00:29.36', '00:29.40', '00:29.44', '00:29.48', '00:29.52', '00:29.56', '00:29.60', '00:29.64', '00:29.68', '00:29.72', '00:29.76', '00:29.80', '00:29.84', '00:29.88', '00:29.92', '00:29.96', '00:30.00', '00:30.04', '00:30.08', '00:30.12', '00:30.16', '00:30.20', '00:30.24', '00:30.28', '00:30.32', '00:30.36', '00:30.40', '00:30.44', '00:30.48', '00:30.52', '00:30.56', '00:30.60', '00:30.64', '00:30.68', '00:30.72', '00:30.76', '00:30.80', '00:30.84', '00:30.88', '00:30.92', '00:30.96', '00:31.00', '00:31.04', '00:31.08', '00:31.12', '00:31.16', '00:31.20', '00:31.24', '00:31.28', '00:31.32', '00:31.36', '00:31.40', '00:31.44', '00:31.48', '00:31.52', '00:31.56', '00:31.60', '00:31.64', '00:31.68', '00:31.72', '00:31.76', '00:31.80', '00:31.84', '00:31.88', '00:31.92', '00:31.96', '00:32.00', '00:32.04', '00:32.08', '00:32.12', '00:32.16', '00:32.20', '00:32.24', '00:32.28', '00:32.32', '00:32.36', '00:32.40', '00:32.44', '00:32.48', '00:32.52', '00:32.56', '00:32.60', '00:32.64', '00:32.68', '00:32.72', '00:32.76', '00:32.80', '00:32.84', '00:32.88', '00:32.92', '00:32.96', '00:33.00', '00:33.04', '00:33.08', '00:33.12', '00:33.16', '00:33.20', '00:33.24', '00:33.28', '00:33.32', '00:33.36', '00:33.40', '00:33.44', '00:33.48', '00:33.52', '00:33.56', '00:33.60', '00:33.64', '00:33.68', '00:33.72', '00:33.76', '00:33.80', '00:33.84', '00:33.88', '00:33.92', '00:33.96', '00:34.00', '00:34.04', '00:34.08', '00:34.12', '00:34.16', '00:34.20', '00:34.24', '00:34.28', '00:34.32', '00:34.36', '00:34.40', '00:34.44', '00:34.48', '00:34.52', '00:34.56', '00:34.60', '00:34.64', '00:34.68', '00:34.72', '00:34.76', '00:34.80', '00:34.84', '00:34.88', '00:34.92', '00:34.96', '00:35.00', '00:35.04', '00:35.08', '00:35.12', '00:35.16', '00:35.20', '00:35.24', '00:35.28', '00:35.32', '00:35.36', '00:35.40', '00:35.44', '00:35.48', '00:35.52', '00:35.56', '00:35.60', '00:35.64', '00:35.68', '00:35.72', '00:35.76', '00:35.80', '00:35.84', '00:35.88', '00:35.92', '00:35.96', '00:36.00', '00:36.04', '00:36.08', '00:36.12', '00:36.16', '00:36.20', '00:36.24', '00:36.28', '00:36.32', '00:36.36', '00:36.40', '00:36.44', '00:36.48', '00:36.52', '00:36.56', '00:36.60', '00:36.64', '00:36.68', '00:36.72', '00:36.76', '00:36.80', '00:36.84', '00:36.88', '00:36.92', '00:36.96', '00:37.00', '00:37.04', '00:37.08', '00:37.12', '00:37.16', '00:37.20', '00:37.24', '00:37.28', '00:37.32', '00:37.36', '00:37.40', '00:37.44', '00:37.48', '00:37.52', '00:37.56', '00:37.60', '00:37.64', '00:37.68', '00:37.72', '00:37.76', '00:37.80', '00:37.84', '00:37.88', '00:37.92', '00:37.96', '00:38.00', '00:38.04', '00:38.08', '00:38.12', '00:38.16', '00:38.20', '00:38.24', '00:38.28', '00:38.32', '00:38.36', '00:38.40', '00:38.44', '00:38.48', '00:38.52', '00:38.56', '00:38.60', '00:38.64', '00:38.68', '00:38.72', '00:38.76', '00:38.80', '00:38.84', '00:38.88', '00:38.92', '00:38.96', '00:39.00', '00:39.04', '00:39.08', '00:39.12', '00:39.16', '00:39.20', '00:39.24', '00:39.28', '00:39.32', '00:39.36', '00:39.40', '00:39.44', '00:39.48', '00:39.52', '00:39.56', '00:39.60', '00:39.64', '00:39.68', '00:39.72', '00:39.76', '00:39.80', '00:39.84', '00:39.88', '00:39.92', '00:39.96', '00:40.00', '00:40.04', '00:40.08', '00:40.12', '00:40.16', '00:40.20', '00:40.24', '00:40.28', '00:40.32', '00:40.36', '00:40.40', '00:40.44', '00:40.48', '00:40.52', '00:40.56', '00:40.60', '00:40.64', '00:40.68', '00:40.72', '00:40.76', '00:40.80', '00:40.84', '00:40.88', '00:40.92', '00:40.96', '00:41.00', '00:41.04', '00:41.08', '00:41.12', '00:41.16', '00:41.20', '00:41.24', '00:41.28', '00:41.32', '00:41.36', '00:41.40', '00:41.44', '00:41.48', '00:41.52', '00:41.56', '00:41.60', '00:41.64', '00:41.68', '00:41.72', '00:41.76', '00:41.80', '00:41.84', '00:41.88', '00:41.92', '00:41.96', '00:42.00', '00:42.04', '00:42.08', '00:42.12', '00:42.16', '00:42.20', '00:42.24', '00:42.28', '00:42.32', '00:42.36', '00:42.40', '00:42.44', '00:42.48', '00:42.52', '00:42.56', '00:42.60', '00:42.64', '00:42.68', '00:42.72', '00:42.76', '00:42.80', '00:42.84', '00:42.88', '00:42.92', '00:42.96', '00:43.00', '00:43.04', '00:43.08', '00:43.12', '00:43.16', '00:43.20', '00:43.24', '00:43.28', '00:43.32', '00:43.36', '00:43.40', '00:43.44', '00:43.48', '00:43.52', '00:43.56', '00:43.60', '00:43.64', '00:43.68', '00:43.72', '00:43.76', '00:43.80', '00:43.84', '00:43.88', '00:43.92', '00:43.96', '00:44.00', '00:44.04', '00:44.08', '00:44.12', '00:44.16', '00:44.20', '00:44.24', '00:44.28', '00:44.32', '00:44.36', '00:44.40', '00:44.44', '00:44.48', '00:44.52', '00:44.56', '00:44.60', '00:44.64', '00:44.68', '00:44.72', '00:44.76', '00:44.80', '00:44.84', '00:44.88', '00:44.92', '00:44.96', '00:45.00', '00:45.04', '00:45.08', '00:45.12', '00:45.16', '00:45.20', '00:45.24', '00:45.28', '00:45.32', '00:45.36', '00:45.40', '00:45.44', '00:45.48', '00:45.52', '00:45.56', '00:45.60', '00:45.64', '00:45.68', '00:45.72', '00:45.76', '00:45.80', '00:45.84', '00:45.88', '00:45.92', '00:45.96', '00:46.00', '00:46.04', '00:46.08', '00:46.12', '00:46.16', '00:46.20', '00:46.24', '00:46.28', '00:46.32', '00:46.36', '00:46.40', '00:46.44', '00:46.48', '00:46.52', '00:46.56', '00:46.60', '00:46.64', '00:46.68', '00:46.72', '00:46.76', '00:46.80', '00:46.84', '00:46.88', '00:46.92', '00:46.96', '00:47.00', '00:47.04', '00:47.08', '00:47.12', '00:47.16', '00:47.20', '00:47.24', '00:47.28', '00:47.32', '00:47.36', '00:47.40', '00:47.44', '00:47.48', '00:47.52', '00:47.56', '00:47.60', '00:47.64', '00:47.68', '00:47.72', '00:47.76', '00:47.80', '00:47.84', '00:47.88', '00:47.92', '00:47.96', '00:48.00', '00:48.04', '00:48.08', '00:48.12', '00:48.16', '00:48.20', '00:48.24', '00:48.28', '00:48.32', '00:48.36', '00:48.40', '00:48.44', '00:48.48', '00:48.52', '00:48.56', '00:48.60', '00:48.64', '00:48.68', '00:48.72', '00:48.76', '00:48.80', '00:48.84', '00:48.88', '00:48.92', '00:48.96', '00:49.00', '00:49.04', '00:49.08', '00:49.12', '00:49.16', '00:49.20', '00:49.24', '00:49.28', '00:49.32', '00:49.36', '00:49.40', '00:49.44', '00:49.48', '00:49.52', '00:49.56', '00:49.60', '00:49.64', '00:49.68', '00:49.72', '00:49.76', '00:49.80', '00:49.84', '00:49.88', '00:49.92', '00:49.96', '00:50.00', '00:50.04', '00:50.08', '00:50.12', '00:50.16', '00:50.20', '00:50.24', '00:50.28', '00:50.32', '00:50.36', '00:50.40', '00:50.44', '00:50.48', '00:50.52', '00:50.56', '00:50.60', '00:50.64', '00:50.68', '00:50.72', '00:50.76', '00:50.80', '00:50.84', '00:50.88', '00:50.92', '00:50.96', '00:51.00', '00:51.04', '00:51.08', '00:51.12', '00:51.16', '00:51.20', '00:51.24', '00:51.28', '00:51.32', '00:51.36', '00:51.40', '00:51.44', '00:51.48', '00:51.52', '00:51.56', '00:51.60', '00:51.64', '00:51.68', '00:51.72', '00:51.76', '00:51.80', '00:51.84', '00:51.88', '00:51.92', '00:51.96', '00:52.00', '00:52.04', '00:52.08', '00:52.12', '00:52.16']
2026-02-19 16:35:26,333 | INFO | Running QC checks...
2026-02-19 16:35:26,451 | INFO | Running Frame Drop Detection on downscaled video...
2026-02-19 16:35:26,536 | INFO | Frame drop detection check ready...
2026-02-19 16:35:26,613 | INFO | Running Black Frame Check on downscaled video...
2026-02-19 16:35:26,697 | INFO | Checking black frames on downscaled video...
2026-02-19 16:35:27,032 | INFO | No black frames detected.
2026-02-19 16:35:27,033 | INFO | Running Scan Type Check on original file...
2026-02-19 16:35:27,111 | INFO | Checking scan type...
2026-02-19 16:35:27,220 | INFO | Scan type: INTERLACE
2026-02-19 16:35:27,230 | INFO | Running Silence Check on original file...
2026-02-19 16:35:27,270 | INFO | Checking audio silence...
2026-02-19 16:35:30,246 | INFO | No silence detected.
2026-02-19 16:35:30,246 | INFO | Running Audio Peak Check on original file...
2026-02-19 16:35:30,289 | INFO | Checking audio peak level...
2026-02-19 16:35:33,320 | INFO | Max Peak: -2.9 dB
2026-02-19 16:35:33,320 | INFO | Audio peak level OK.
2026-02-19 16:35:33,363 | INFO | Running Audio Phase Check on original file...
2026-02-19 16:35:33,406 | INFO | Checking audio phase correlation...
2026-02-19 16:35:33,483 | INFO | Phase scan skipped.
2026-02-19 16:35:33,522 | INFO | Temporary file cleaned up
2026-02-19 16:35:33,542 | INFO | ══════════════════════════════════════════════════
2026-02-19 16:35:33,588 | INFO | ✅ SELESAI: TESTFC0101 framedrop.mxf → PASS
2026-02-19 16:35:33,633 | INFO | ──────────────────────────────────────────────────
2026-02-19 16:50:54,700 | INFO | Waiting copy complete: TESTFC0101 framedrop 2.mxf
2026-02-19 16:51:06,708 | INFO | Copy complete. Start QC.
2026-02-19 16:51:06,710 | INFO | Detected : TESTFC0101 framedrop 2.mxf
2026-02-19 16:51:06,714 | INFO | Folder   : D:\test_vid
2026-02-19 16:51:06,716 | INFO | Waiting file release...
2026-02-19 16:51:07,719 | INFO | Checking metadata...
2026-02-19 16:51:07,808 | INFO | Metadata OK
2026-02-19 16:51:07,808 | INFO | Starting downscale process...
2026-02-19 16:51:14,921 | INFO | Downscale complete: TESTFC0101 framedrop 2_downscale.yuv
2026-02-19 16:51:14,922 | INFO | Analyzing video (freeze + scratch + flicker + frame drop)...
2026-02-19 16:51:57,835 | INFO | ⚠️ FREEZE DETECTED @ ['00:15.80', '00:15.96']
2026-02-19 16:51:57,836 | INFO | ⚠️ SCRATCH DETECTED @ ['00:00.00', '00:00.04', '00:00.08', '00:00.12', '00:00.16', '00:00.20', '00:00.24', '00:00.28', '00:00.32', '00:00.36', '00:00.40', '00:00.44', '00:00.48', '00:00.52', '00:00.56', '00:00.60', '00:00.64', '00:00.68', '00:00.72', '00:00.76', '00:00.80', '00:00.84', '00:00.88', '00:00.92', '00:00.96', '00:01.00', '00:01.04', '00:01.08', '00:01.12', '00:01.16', '00:01.20', '00:01.24', '00:01.28', '00:01.32', '00:01.36', '00:01.40', '00:01.44', '00:01.48', '00:01.52', '00:01.56', '00:01.60', '00:01.64', '00:01.68', '00:01.72', '00:01.76', '00:01.80', '00:01.84', '00:01.88', '00:01.92', '00:01.96', '00:02.00', '00:02.04', '00:02.08', '00:02.12', '00:02.16', '00:02.20', '00:02.24', '00:02.28', '00:02.32', '00:02.36', '00:02.40', '00:02.44', '00:02.48', '00:02.52', '00:02.56', '00:02.60', '00:02.64', '00:02.68', '00:02.72', '00:02.76', '00:02.80', '00:02.84', '00:02.88', '00:02.92', '00:02.96', '00:03.00', '00:03.04', '00:03.08', '00:03.12', '00:03.16', '00:03.20', '00:03.24', '00:03.28', '00:03.32', '00:03.36', '00:03.40', '00:03.44', '00:03.48', '00:03.52', '00:03.56', '00:03.60', '00:03.64', '00:03.68', '00:03.72', '00:03.76', '00:03.80', '00:03.84', '00:03.88', '00:03.92', '00:03.96', '00:04.00', '00:04.04', '00:04.08', '00:04.12', '00:04.16', '00:04.20', '00:04.24', '00:04.28', '00:04.32', '00:04.36', '00:04.40', '00:04.44', '00:04.48', '00:04.52', '00:04.56', '00:04.60', '00:04.64', '00:04.68', '00:04.72', '00:04.76', '00:04.80', '00:04.84', '00:04.88', '00:04.92', '00:04.96', '00:05.00', '00:05.04', '00:05.08', '00:05.12', '00:05.16', '00:05.20', '00:05.24', '00:05.28', '00:05.32', '00:05.36', '00:05.40', '00:05.44', '00:05.48', '00:05.52', '00:05.56', '00:05.60', '00:05.64', '00:05.68', '00:05.72', '00:05.76', '00:05.80', '00:05.84', '00:05.88', '00:05.92', '00:05.96', '00:06.00', '00:06.04', '00:06.08', '00:06.12', '00:06.16', '00:06.20', '00:06.24', '00:06.28', '00:06.32', '00:06.36', '00:06.40', '00:06.44', '00:06.48', '00:06.52', '00:06.56', '00:06.60', '00:06.64', '00:06.68', '00:06.72', '00:06.76', '00:06.80', '00:06.84', '00:06.88', '00:06.92', '00:06.96', '00:07.00', '00:07.04', '00:07.08', '00:07.12', '00:07.16', '00:07.20', '00:07.24', '00:07.28', '00:07.32', '00:07.36', '00:07.40', '00:07.44', '00:07.48', '00:07.52', '00:07.56', '00:07.60', '00:07.64', '00:07.68', '00:07.72', '00:07.76', '00:07.80', '00:07.84', '00:07.88', '00:07.92', '00:07.96', '00:08.00', '00:08.04', '00:08.08', '00:08.12', '00:08.16', '00:08.20', '00:08.24', '00:08.28', '00:08.32', '00:08.36', '00:08.40', '00:08.44', '00:08.48', '00:08.52', '00:08.56', '00:08.60', '00:08.64', '00:08.68', '00:08.72', '00:08.76', '00:08.80', '00:08.84', '00:08.88', '00:08.92', '00:08.96', '00:09.00', '00:09.04', '00:09.08', '00:09.12', '00:09.16', '00:09.20', '00:09.24', '00:09.28', '00:09.32', '00:09.36', '00:09.40', '00:09.44', '00:09.48', '00:09.52', '00:09.56', '00:09.60', '00:09.64', '00:09.68', '00:09.72', '00:09.76', '00:09.80', '00:09.84', '00:09.88', '00:09.92', '00:09.96', '00:10.00', '00:10.04', '00:10.08', '00:10.12', '00:10.16', '00:10.20', '00:10.24', '00:10.28', '00:10.32', '00:10.36', '00:10.40', '00:10.44', '00:10.48', '00:10.52', '00:10.56', '00:10.60', '00:10.64', '00:10.68', '00:10.72', '00:10.76', '00:10.80', '00:10.84', '00:10.88', '00:10.92', '00:10.96', '00:11.00', '00:11.04', '00:11.08', '00:11.12', '00:11.16', '00:11.20', '00:11.24', '00:11.28', '00:11.32', '00:11.36', '00:11.40', '00:11.44', '00:11.48', '00:11.52', '00:11.56', '00:11.60', '00:11.64', '00:11.68', '00:11.72', '00:11.76', '00:11.80', '00:11.84', '00:11.88', '00:11.92', '00:11.96', '00:12.00', '00:12.04', '00:12.08', '00:12.12', '00:12.16', '00:12.20', '00:12.24', '00:12.28', '00:12.32', '00:12.36', '00:12.40', '00:12.44', '00:12.48', '00:12.52', '00:12.56', '00:12.60', '00:12.64', '00:12.68', '00:12.72', '00:12.76', '00:12.80', '00:12.84', '00:12.88', '00:12.92', '00:12.96', '00:13.00', '00:13.04', '00:13.08', '00:13.12', '00:13.16', '00:13.20', '00:13.24', '00:13.28', '00:13.32', '00:13.36', '00:13.40', '00:13.44', '00:13.48', '00:13.52', '00:13.56', '00:13.60', '00:13.64', '00:13.68', '00:13.72', '00:13.76', '00:13.80', '00:13.84', '00:13.88', '00:13.92', '00:13.96', '00:14.00', '00:14.04', '00:14.08', '00:14.12', '00:14.16', '00:14.20', '00:14.24', '00:14.28', '00:14.32', '00:14.36', '00:14.40', '00:14.44', '00:14.48', '00:14.52', '00:14.56', '00:14.60', '00:14.64', '00:14.68', '00:14.72', '00:14.76', '00:14.80', '00:14.84', '00:14.88', '00:14.92', '00:14.96', '00:15.00', '00:15.04', '00:15.08', '00:15.12', '00:15.16', '00:15.20', '00:15.24', '00:15.28', '00:15.32', '00:15.36', '00:15.40', '00:15.44', '00:15.48', '00:15.52', '00:15.56', '00:15.60', '00:15.64', '00:15.68', '00:15.72', '00:15.76', '00:15.80', '00:15.84', '00:15.88', '00:15.92', '00:15.96', '00:16.00', '00:16.04', '00:16.08', '00:16.12', '00:16.16', '00:16.20', '00:16.24', '00:16.28', '00:16.32', '00:16.36', '00:16.40', '00:16.44', '00:16.48', '00:16.52', '00:16.56', '00:16.60', '00:16.64', '00:16.68', '00:16.72', '00:16.76', '00:16.80', '00:16.84', '00:16.88', '00:16.92', '00:16.96', '00:17.00', '00:17.04', '00:17.08', '00:17.12', '00:17.16', '00:17.20', '00:17.24', '00:17.28', '00:17.32', '00:17.36', '00:17.40', '00:17.44', '00:17.48', '00:17.52', '00:17.56', '00:17.60', '00:17.64', '00:17.68', '00:17.72', '00:17.76', '00:17.80', '00:17.84', '00:17.88', '00:17.92', '00:17.96', '00:18.00', '00:18.04', '00:18.08', '00:18.12', '00:18.16', '00:18.20', '00:18.24', '00:18.28', '00:18.32', '00:18.36', '00:18.40', '00:18.44', '00:18.48', '00:18.52', '00:18.56', '00:18.60', '00:18.64', '00:18.68', '00:18.72', '00:18.76', '00:18.80', '00:18.84', '00:18.88', '00:18.92', '00:18.96', '00:19.00', '00:19.04', '00:19.08', '00:19.12', '00:19.16', '00:19.20', '00:19.24', '00:19.28', '00:19.32', '00:19.36', '00:19.40', '00:19.44', '00:19.48', '00:19.52', '00:19.56', '00:19.60', '00:19.64', '00:19.68', '00:19.72', '00:19.76', '00:19.80', '00:19.84', '00:19.88', '00:19.92', '00:19.96', '00:20.00', '00:20.04', '00:20.08', '00:20.12', '00:20.16', '00:20.20', '00:20.24', '00:20.28', '00:20.32', '00:20.36', '00:20.40', '00:20.44', '00:20.48', '00:20.52', '00:20.56', '00:20.60', '00:20.64', '00:20.68', '00:20.72', '00:20.76', '00:20.80', '00:20.84', '00:20.88', '00:20.92', '00:20.96', '00:21.00', '00:21.04', '00:21.08', '00:21.12', '00:21.16', '00:21.20', '00:21.24', '00:21.28', '00:21.32', '00:21.36', '00:21.40', '00:21.44', '00:21.48', '00:21.52', '00:21.56', '00:21.60', '00:21.64', '00:21.68', '00:21.72', '00:21.76', '00:21.80', '00:21.84', '00:21.88', '00:21.92', '00:21.96', '00:22.00', '00:22.04', '00:22.08', '00:22.12', '00:22.16', '00:22.20', '00:22.24', '00:22.28', '00:22.32', '00:22.36', '00:22.40', '00:22.44', '00:22.48', '00:22.52', '00:22.56', '00:22.60', '00:22.64', '00:22.68', '00:22.72', '00:22.76', '00:22.80', '00:22.84', '00:22.88', '00:22.92', '00:22.96', '00:23.00', '00:23.04', '00:23.08', '00:23.12', '00:23.16', '00:23.20', '00:23.24', '00:23.28', '00:23.32', '00:23.36', '00:23.40', '00:23.44', '00:23.48', '00:23.52', '00:23.56', '00:23.60', '00:23.64', '00:23.68', '00:23.72', '00:23.76', '00:23.80', '00:23.84', '00:23.88', '00:23.92', '00:23.96', '00:24.00', '00:24.04', '00:24.08', '00:24.12', '00:24.16', '00:24.20', '00:24.24', '00:24.28', '00:24.32', '00:24.36', '00:24.40', '00:24.44', '00:24.48', '00:24.52', '00:24.56', '00:24.60', '00:24.64', '00:24.68', '00:24.72', '00:24.76', '00:24.80', '00:24.84', '00:24.88', '00:24.92', '00:24.96', '00:25.00', '00:25.04', '00:25.08', '00:25.12', '00:25.16', '00:25.20', '00:25.24', '00:25.28', '00:25.32', '00:25.36', '00:25.40', '00:25.44', '00:25.48', '00:25.52', '00:25.56', '00:25.60', '00:25.64', '00:25.68', '00:25.72', '00:25.76', '00:25.80', '00:25.84', '00:25.88', '00:25.92', '00:25.96', '00:26.00', '00:26.04', '00:26.08', '00:26.12', '00:26.16', '00:26.20', '00:26.24', '00:26.28', '00:26.32', '00:26.36', '00:26.40', '00:26.44', '00:26.48', '00:26.52', '00:26.56', '00:26.60', '00:26.64', '00:26.68', '00:26.72', '00:26.76', '00:26.80', '00:26.84', '00:26.88', '00:26.92', '00:26.96', '00:27.00', '00:27.04', '00:27.08', '00:27.12', '00:27.16', '00:27.20', '00:27.24', '00:27.28', '00:27.32', '00:27.36', '00:27.40', '00:27.44', '00:27.48', '00:27.52', '00:27.56', '00:27.60', '00:27.64', '00:27.68', '00:27.72', '00:27.76', '00:27.80', '00:27.84', '00:27.88', '00:27.92', '00:27.96', '00:28.00', '00:28.04', '00:28.08', '00:28.12', '00:28.16', '00:28.20', '00:28.24', '00:28.28', '00:28.32', '00:28.36', '00:28.40', '00:28.44', '00:28.48', '00:28.52', '00:28.56', '00:28.60', '00:28.64', '00:28.68', '00:28.72', '00:28.76', '00:28.80', '00:28.84', '00:28.88', '00:28.92', '00:28.96', '00:29.00', '00:29.04', '00:29.08', '00:29.12', '00:29.16', '00:29.20', '00:29.24', '00:29.28', '00:29.32', '00:29.36', '00:29.40', '00:29.44', '00:29.48', '00:29.52', '00:29.56', '00:29.60', '00:29.64', '00:29.68', '00:29.72', '00:29.76', '00:29.80', '00:29.84', '00:29.88', '00:29.92', '00:29.96', '00:30.00', '00:30.04', '00:30.08', '00:30.12', '00:30.16', '00:30.20', '00:30.24', '00:30.28', '00:30.32', '00:30.36', '00:30.40', '00:30.44', '00:30.48', '00:30.52', '00:30.56', '00:30.60', '00:30.64', '00:30.68', '00:30.72', '00:30.76', '00:30.80', '00:30.84', '00:30.88', '00:30.92', '00:30.96', '00:31.00', '00:31.04', '00:31.08', '00:31.12', '00:31.16', '00:31.20', '00:31.24', '00:31.28', '00:31.32', '00:31.36', '00:31.40', '00:31.44', '00:31.48', '00:31.52', '00:31.56', '00:31.60', '00:31.64', '00:31.68', '00:31.72', '00:31.76', '00:31.80', '00:31.84', '00:31.88', '00:31.92', '00:31.96', '00:32.00', '00:32.04', '00:32.08', '00:32.12', '00:32.16', '00:32.20', '00:32.24', '00:32.28', '00:32.32', '00:32.36', '00:32.40', '00:32.44', '00:32.48', '00:32.52', '00:32.56', '00:32.60', '00:32.64', '00:32.68', '00:32.72', '00:32.76', '00:32.80', '00:32.84', '00:32.88', '00:32.92', '00:32.96', '00:33.00', '00:33.04', '00:33.08', '00:33.12', '00:33.16', '00:33.20', '00:33.24', '00:33.28', '00:33.32', '00:33.36', '00:33.40', '00:33.44', '00:33.48', '00:33.52', '00:33.56', '00:33.60', '00:33.64', '00:33.68', '00:33.72', '00:33.76', '00:33.80', '00:33.84', '00:33.88', '00:33.92', '00:33.96', '00:34.00', '00:34.04', '00:34.08', '00:34.12', '00:34.16', '00:34.20', '00:34.24', '00:34.28', '00:34.32', '00:34.36', '00:34.40', '00:34.44', '00:34.48', '00:34.52', '00:34.56', '00:34.60', '00:34.64', '00:34.68', '00:34.72', '00:34.76', '00:34.80', '00:34.84', '00:34.88', '00:34.92', '00:34.96', '00:35.00', '00:35.04', '00:35.08', '00:35.12', '00:35.16', '00:35.20', '00:35.24', '00:35.28', '00:35.32', '00:35.36', '00:35.40', '00:35.44', '00:35.48', '00:35.52', '00:35.56', '00:35.60', '00:35.64', '00:35.68', '00:35.72', '00:35.76', '00:35.80', '00:35.84', '00:35.88', '00:35.92', '00:35.96', '00:36.00', '00:36.04', '00:36.08', '00:36.12', '00:36.16', '00:36.20', '00:36.24', '00:36.28', '00:36.32', '00:36.36', '00:36.40', '00:36.44', '00:36.48', '00:36.52', '00:36.56', '00:36.60', '00:36.64', '00:36.68', '00:36.72', '00:36.76', '00:36.80', '00:36.84', '00:36.88', '00:36.92', '00:36.96', '00:37.00', '00:37.04', '00:37.08', '00:37.12', '00:37.16', '00:37.20', '00:37.24', '00:37.28', '00:37.32', '00:37.36', '00:37.40', '00:37.44', '00:37.48', '00:37.52', '00:37.56', '00:37.60', '00:37.64', '00:37.68', '00:37.72', '00:37.76', '00:37.80', '00:37.84', '00:37.88', '00:37.92', '00:37.96', '00:38.00', '00:38.04', '00:38.08', '00:38.12', '00:38.16', '00:38.20', '00:38.24', '00:38.28', '00:38.32', '00:38.36', '00:38.40', '00:38.44', '00:38.48', '00:38.52', '00:38.56', '00:38.60', '00:38.64', '00:38.68', '00:38.72', '00:38.76', '00:38.80', '00:38.84', '00:38.88', '00:38.92', '00:38.96', '00:39.00', '00:39.04', '00:39.08', '00:39.12', '00:39.16', '00:39.20', '00:39.24', '00:39.28', '00:39.32', '00:39.36', '00:39.40', '00:39.44', '00:39.48', '00:39.52', '00:39.56', '00:39.60', '00:39.64', '00:39.68', '00:39.72', '00:39.76', '00:39.80', '00:39.84', '00:39.88', '00:39.92', '00:39.96', '00:40.00', '00:40.04', '00:40.08', '00:40.12', '00:40.16', '00:40.20', '00:40.24', '00:40.28', '00:40.32', '00:40.36', '00:40.40', '00:40.44', '00:40.48', '00:40.52', '00:40.56', '00:40.60', '00:40.64', '00:40.68', '00:40.72', '00:40.76', '00:40.80', '00:40.84', '00:40.88', '00:40.92', '00:40.96', '00:41.00', '00:41.04', '00:41.08', '00:41.12', '00:41.16', '00:41.20', '00:41.24', '00:41.28', '00:41.32', '00:41.36', '00:41.40', '00:41.44', '00:41.48', '00:41.52', '00:41.56', '00:41.60', '00:41.64', '00:41.68', '00:41.72', '00:41.76', '00:41.80', '00:41.84', '00:41.88', '00:41.92', '00:41.96', '00:42.00', '00:42.04', '00:42.08', '00:42.12', '00:42.16', '00:42.20', '00:42.24', '00:42.28', '00:42.32', '00:42.36', '00:42.40', '00:42.44', '00:42.48', '00:42.52', '00:42.56', '00:42.60', '00:42.64', '00:42.68', '00:42.72', '00:42.76', '00:42.80', '00:42.84', '00:42.88', '00:42.92', '00:42.96', '00:43.00', '00:43.04', '00:43.08', '00:43.12', '00:43.16', '00:43.20', '00:43.24', '00:43.28', '00:43.32', '00:43.36', '00:43.40', '00:43.44', '00:43.48', '00:43.52', '00:43.56', '00:43.60', '00:43.64', '00:43.68', '00:43.72', '00:43.76', '00:43.80', '00:43.84', '00:43.88', '00:43.92', '00:43.96', '00:44.00', '00:44.04', '00:44.08', '00:44.12', '00:44.16', '00:44.20', '00:44.24', '00:44.28', '00:44.32', '00:44.36', '00:44.40', '00:44.44', '00:44.48', '00:44.52', '00:44.56', '00:44.60', '00:44.64', '00:44.68', '00:44.72', '00:44.76', '00:44.80', '00:44.84', '00:44.88', '00:44.92', '00:44.96', '00:45.00', '00:45.04', '00:45.08', '00:45.12', '00:45.16', '00:45.20', '00:45.24', '00:45.28', '00:45.32', '00:45.36', '00:45.40', '00:45.44', '00:45.48', '00:45.52', '00:45.56', '00:45.60', '00:45.64', '00:45.68', '00:45.72', '00:45.76', '00:45.80', '00:45.84', '00:45.88', '00:45.92', '00:45.96', '00:46.00', '00:46.04', '00:46.08', '00:46.12', '00:46.16', '00:46.20', '00:46.24', '00:46.28', '00:46.32', '00:46.36', '00:46.40', '00:46.44', '00:46.48', '00:46.52', '00:46.56', '00:46.60', '00:46.64', '00:46.68', '00:46.72', '00:46.76', '00:46.80', '00:46.84', '00:46.88', '00:46.92', '00:46.96', '00:47.00', '00:47.04', '00:47.08', '00:47.12', '00:47.16', '00:47.20', '00:47.24', '00:47.28', '00:47.32', '00:47.36', '00:47.40', '00:47.44', '00:47.48', '00:47.52', '00:47.56', '00:47.60', '00:47.64', '00:47.68', '00:47.72', '00:47.76', '00:47.80', '00:47.84', '00:47.88', '00:47.92', '00:47.96', '00:48.00', '00:48.04', '00:48.08', '00:48.12', '00:48.16', '00:48.20', '00:48.24', '00:48.28', '00:48.32', '00:48.36', '00:48.40', '00:48.44', '00:48.48', '00:48.52', '00:48.56', '00:48.60', '00:48.64', '00:48.68', '00:48.72', '00:48.76', '00:48.80', '00:48.84', '00:48.88', '00:48.92', '00:48.96', '00:49.00', '00:49.04', '00:49.08', '00:49.12', '00:49.16', '00:49.20', '00:49.24', '00:49.28', '00:49.32', '00:49.36', '00:49.40', '00:49.44', '00:49.48', '00:49.52', '00:49.56', '00:49.60', '00:49.64', '00:49.68', '00:49.72', '00:49.76', '00:49.80', '00:49.84', '00:49.88', '00:49.92', '00:49.96', '00:50.00', '00:50.04', '00:50.08', '00:50.12', '00:50.16', '00:50.20', '00:50.24', '00:50.28', '00:50.32', '00:50.36', '00:50.40', '00:50.44', '00:50.48', '00:50.52', '00:50.56', '00:50.60', '00:50.64', '00:50.68', '00:50.72', '00:50.76', '00:50.80', '00:50.84', '00:50.88', '00:50.92', '00:50.96', '00:51.00', '00:51.04', '00:51.08', '00:51.12', '00:51.16', '00:51.20', '00:51.24', '00:51.28', '00:51.32', '00:51.36', '00:51.40', '00:51.44', '00:51.48', '00:51.52', '00:51.56', '00:51.60', '00:51.64', '00:51.68', '00:51.72', '00:51.76', '00:51.80', '00:51.84', '00:51.88', '00:51.92', '00:51.96', '00:52.00', '00:52.04', '00:52.08', '00:52.12', '00:52.16']
2026-02-19 16:51:57,971 | INFO | Running QC checks...
2026-02-19 16:51:58,088 | INFO | Running Black Frame Check on downscaled video...
2026-02-19 16:51:58,182 | INFO | Checking black frames on downscaled video...
2026-02-19 16:51:58,534 | INFO | No black frames detected.
2026-02-19 16:51:58,534 | INFO | Running Scan Type Check on original file...
2026-02-19 16:51:58,621 | INFO | Checking scan type...
2026-02-19 16:51:58,748 | INFO | Scan type: INTERLACE
2026-02-19 16:51:58,811 | INFO | Running Silence Check on original file...
2026-02-19 16:51:58,894 | INFO | Checking audio silence...
2026-02-19 16:52:01,973 | INFO | No silence detected.
2026-02-19 16:52:01,973 | INFO | Running Audio Peak Check on original file...
2026-02-19 16:52:02,023 | INFO | Checking audio peak level...
2026-02-19 16:52:05,089 | INFO | Max Peak: -2.9 dB
2026-02-19 16:52:05,089 | INFO | Audio peak level OK.
2026-02-19 16:52:05,132 | INFO | Running Audio Phase Check on original file...
2026-02-19 16:52:05,172 | INFO | Checking audio phase correlation...
2026-02-19 16:52:05,247 | INFO | Phase scan skipped.
2026-02-19 16:52:05,281 | INFO | Temporary file cleaned up
2026-02-19 16:52:05,300 | INFO | ══════════════════════════════════════════════════
2026-02-19 16:52:05,346 | INFO | ⚠️ SELESAI: TESTFC0101 framedrop 2.mxf → WARNING
2026-02-19 16:52:05,389 | INFO | ──────────────────────────────────────────────────
2026-02-19 17:30:24,531 | INFO | Waiting copy complete: TESTFC0101 illegal.mxf
2026-02-19 17:30:36,538 | INFO | Copy complete. Start QC.
2026-02-19 17:30:36,541 | INFO | Detected : TESTFC0101 illegal.mxf
2026-02-19 17:30:36,545 | INFO | Folder   : D:\test_vid
2026-02-19 17:30:36,547 | INFO | Waiting file release...
2026-02-19 17:30:37,551 | INFO | Checking metadata...
2026-02-19 17:30:37,658 | INFO | Metadata OK
2026-02-19 17:30:37,658 | INFO | Starting downscale process...
2026-02-19 17:30:44,621 | INFO | Downscale complete: TESTFC0101 illegal_downscale.yuv
2026-02-19 17:30:44,621 | INFO | Analyzing video (freeze + scratch + flicker + frame drop)...
2026-02-19 17:31:27,687 | INFO | ⚠️ FREEZE DETECTED @ ['00:15.80', '00:15.96']
2026-02-19 17:31:27,689 | INFO | ⚠️ SCRATCH DETECTED @ ['00:00.00', '00:00.04', '00:00.08', '00:00.12', '00:00.16', '00:00.20', '00:00.24', '00:00.28', '00:00.32', '00:00.36', '00:00.40', '00:00.44', '00:00.48', '00:00.52', '00:00.56', '00:00.60', '00:00.64', '00:00.68', '00:00.72', '00:00.76', '00:00.80', '00:00.84', '00:00.88', '00:00.92', '00:00.96', '00:01.00', '00:01.04', '00:01.08', '00:01.12', '00:01.16', '00:01.20', '00:01.24', '00:01.28', '00:01.32', '00:01.36', '00:01.40', '00:01.44', '00:01.48', '00:01.52', '00:01.56', '00:01.60', '00:01.64', '00:01.68', '00:01.72', '00:01.76', '00:01.80', '00:01.84', '00:01.88', '00:01.92', '00:01.96', '00:02.00', '00:02.04', '00:02.08', '00:02.12', '00:02.16', '00:02.20', '00:02.24', '00:02.28', '00:02.32', '00:02.36', '00:02.40', '00:02.44', '00:02.48', '00:02.52', '00:02.56', '00:02.60', '00:02.64', '00:02.68', '00:02.72', '00:02.76', '00:02.80', '00:02.84', '00:02.88', '00:02.92', '00:02.96', '00:03.00', '00:03.04', '00:03.08', '00:03.12', '00:03.16', '00:03.20', '00:03.24', '00:03.28', '00:03.32', '00:03.36', '00:03.40', '00:03.44', '00:03.48', '00:03.52', '00:03.56', '00:03.60', '00:03.64', '00:03.68', '00:03.72', '00:03.76', '00:03.80', '00:03.84', '00:03.88', '00:03.92', '00:03.96', '00:04.00', '00:04.04', '00:04.08', '00:04.12', '00:04.16', '00:04.20', '00:04.24', '00:04.28', '00:04.32', '00:04.36', '00:04.40', '00:04.44', '00:04.48', '00:04.52', '00:04.56', '00:04.60', '00:04.64', '00:04.68', '00:04.72', '00:04.76', '00:04.80', '00:04.84', '00:04.88', '00:04.92', '00:04.96', '00:05.00', '00:05.04', '00:05.08', '00:05.12', '00:05.16', '00:05.20', '00:05.24', '00:05.28', '00:05.32', '00:05.36', '00:05.40', '00:05.44', '00:05.48', '00:05.52', '00:05.56', '00:05.60', '00:05.64', '00:05.68', '00:05.72', '00:05.76', '00:05.80', '00:05.84', '00:05.88', '00:05.92', '00:05.96', '00:06.00', '00:06.04', '00:06.08', '00:06.12', '00:06.16', '00:06.20', '00:06.24', '00:06.28', '00:06.32', '00:06.36', '00:06.40', '00:06.44', '00:06.48', '00:06.52', '00:06.56', '00:06.60', '00:06.64', '00:06.68', '00:06.72', '00:06.76', '00:06.80', '00:06.84', '00:06.88', '00:06.92', '00:06.96', '00:07.00', '00:07.04', '00:07.08', '00:07.12', '00:07.16', '00:07.20', '00:07.24', '00:07.28', '00:07.32', '00:07.36', '00:07.40', '00:07.44', '00:07.48', '00:07.52', '00:07.56', '00:07.60', '00:07.64', '00:07.68', '00:07.72', '00:07.76', '00:07.80', '00:07.84', '00:07.88', '00:07.92', '00:07.96', '00:08.00', '00:08.04', '00:08.08', '00:08.12', '00:08.16', '00:08.20', '00:08.24', '00:08.28', '00:08.32', '00:08.36', '00:08.40', '00:08.44', '00:08.48', '00:08.52', '00:08.56', '00:08.60', '00:08.64', '00:08.68', '00:08.72', '00:08.76', '00:08.80', '00:08.84', '00:08.88', '00:08.92', '00:08.96', '00:09.00', '00:09.04', '00:09.08', '00:09.12', '00:09.16', '00:09.20', '00:09.24', '00:09.28', '00:09.32', '00:09.36', '00:09.40', '00:09.44', '00:09.48', '00:09.52', '00:09.56', '00:09.60', '00:09.64', '00:09.68', '00:09.72', '00:09.76', '00:09.80', '00:09.84', '00:09.88', '00:09.92', '00:09.96', '00:10.00', '00:10.04', '00:10.08', '00:10.12', '00:10.16', '00:10.20', '00:10.24', '00:10.28', '00:10.32', '00:10.36', '00:10.40', '00:10.44', '00:10.48', '00:10.52', '00:10.56', '00:10.60', '00:10.64', '00:10.68', '00:10.72', '00:10.76', '00:10.80', '00:10.84', '00:10.88', '00:10.92', '00:10.96', '00:11.00', '00:11.04', '00:11.08', '00:11.12', '00:11.16', '00:11.20', '00:11.24', '00:11.28', '00:11.32', '00:11.36', '00:11.40', '00:11.44', '00:11.48', '00:11.52', '00:11.56', '00:11.60', '00:11.64', '00:11.68', '00:11.72', '00:11.76', '00:11.80', '00:11.84', '00:11.88', '00:11.92', '00:11.96', '00:12.00', '00:12.04', '00:12.08', '00:12.12', '00:12.16', '00:12.20', '00:12.24', '00:12.28', '00:12.32', '00:12.36', '00:12.40', '00:12.44', '00:12.48', '00:12.52', '00:12.56', '00:12.60', '00:12.64', '00:12.68', '00:12.72', '00:12.76', '00:12.80', '00:12.84', '00:12.88', '00:12.92', '00:12.96', '00:13.00', '00:13.04', '00:13.08', '00:13.12', '00:13.16', '00:13.20', '00:13.24', '00:13.28', '00:13.32', '00:13.36', '00:13.40', '00:13.44', '00:13.48', '00:13.52', '00:13.56', '00:13.60', '00:13.64', '00:13.68', '00:13.72', '00:13.76', '00:13.80', '00:13.84', '00:13.88', '00:13.92', '00:13.96', '00:14.00', '00:14.04', '00:14.08', '00:14.12', '00:14.16', '00:14.20', '00:14.24', '00:14.28', '00:14.32', '00:14.36', '00:14.40', '00:14.44', '00:14.48', '00:14.52', '00:14.56', '00:14.60', '00:14.64', '00:14.68', '00:14.72', '00:14.76', '00:14.80', '00:14.84', '00:14.88', '00:14.92', '00:14.96', '00:15.00', '00:15.04', '00:15.08', '00:15.12', '00:15.16', '00:15.20', '00:15.24', '00:15.28', '00:15.32', '00:15.36', '00:15.40', '00:15.44', '00:15.48', '00:15.52', '00:15.56', '00:15.60', '00:15.64', '00:15.68', '00:15.72', '00:15.76', '00:15.80', '00:15.84', '00:15.88', '00:15.92', '00:15.96', '00:16.00', '00:16.04', '00:16.08', '00:16.12', '00:16.16', '00:16.20', '00:16.24', '00:16.28', '00:16.32', '00:16.36', '00:16.40', '00:16.44', '00:16.48', '00:16.52', '00:16.56', '00:16.60', '00:16.64', '00:16.68', '00:16.72', '00:16.76', '00:16.80', '00:16.84', '00:16.88', '00:16.92', '00:16.96', '00:17.00', '00:17.04', '00:17.08', '00:17.12', '00:17.16', '00:17.20', '00:17.24', '00:17.28', '00:17.32', '00:17.36', '00:17.40', '00:17.44', '00:17.48', '00:17.52', '00:17.56', '00:17.60', '00:17.64', '00:17.68', '00:17.72', '00:17.76', '00:17.80', '00:17.84', '00:17.88', '00:17.92', '00:17.96', '00:18.00', '00:18.04', '00:18.08', '00:18.12', '00:18.16', '00:18.20', '00:18.24', '00:18.28', '00:18.32', '00:18.36', '00:18.40', '00:18.44', '00:18.48', '00:18.52', '00:18.56', '00:18.60', '00:18.64', '00:18.68', '00:18.72', '00:18.76', '00:18.80', '00:18.84', '00:18.88', '00:18.92', '00:18.96', '00:19.00', '00:19.04', '00:19.08', '00:19.12', '00:19.16', '00:19.20', '00:19.24', '00:19.28', '00:19.32', '00:19.36', '00:19.40', '00:19.44', '00:19.48', '00:19.52', '00:19.56', '00:19.60', '00:19.64', '00:19.68', '00:19.72', '00:19.76', '00:19.80', '00:19.84', '00:19.88', '00:19.92', '00:19.96', '00:20.00', '00:20.04', '00:20.08', '00:20.12', '00:20.16', '00:20.20', '00:20.24', '00:20.28', '00:20.32', '00:20.36', '00:20.40', '00:20.44', '00:20.48', '00:20.52', '00:20.56', '00:20.60', '00:20.64', '00:20.68', '00:20.72', '00:20.76', '00:20.80', '00:20.84', '00:20.88', '00:20.92', '00:20.96', '00:21.00', '00:21.04', '00:21.08', '00:21.12', '00:21.16', '00:21.20', '00:21.24', '00:21.28', '00:21.32', '00:21.36', '00:21.40', '00:21.44', '00:21.48', '00:21.52', '00:21.56', '00:21.60', '00:21.64', '00:21.68', '00:21.72', '00:21.76', '00:21.80', '00:21.84', '00:21.88', '00:21.92', '00:21.96', '00:22.00', '00:22.04', '00:22.08', '00:22.12', '00:22.16', '00:22.20', '00:22.24', '00:22.28', '00:22.32', '00:22.36', '00:22.40', '00:22.44', '00:22.48', '00:22.52', '00:22.56', '00:22.60', '00:22.64', '00:22.68', '00:22.72', '00:22.76', '00:22.80', '00:22.84', '00:22.88', '00:22.92', '00:22.96', '00:23.00', '00:23.04', '00:23.08', '00:23.12', '00:23.16', '00:23.20', '00:23.24', '00:23.28', '00:23.32', '00:23.36', '00:23.40', '00:23.44', '00:23.48', '00:23.52', '00:23.56', '00:23.60', '00:23.64', '00:23.68', '00:23.72', '00:23.76', '00:23.80', '00:23.84', '00:23.88', '00:23.92', '00:23.96', '00:24.00', '00:24.04', '00:24.08', '00:24.12', '00:24.16', '00:24.20', '00:24.24', '00:24.28', '00:24.32', '00:24.36', '00:24.40', '00:24.44', '00:24.48', '00:24.52', '00:24.56', '00:24.60', '00:24.64', '00:24.68', '00:24.72', '00:24.76', '00:24.80', '00:24.84', '00:24.88', '00:24.92', '00:24.96', '00:25.00', '00:25.04', '00:25.08', '00:25.12', '00:25.16', '00:25.20', '00:25.24', '00:25.28', '00:25.32', '00:25.36', '00:25.40', '00:25.44', '00:25.48', '00:25.52', '00:25.56', '00:25.60', '00:25.64', '00:25.68', '00:25.72', '00:25.76', '00:25.80', '00:25.84', '00:25.88', '00:25.92', '00:25.96', '00:26.00', '00:26.04', '00:26.08', '00:26.12', '00:26.16', '00:26.20', '00:26.24', '00:26.28', '00:26.32', '00:26.36', '00:26.40', '00:26.44', '00:26.48', '00:26.52', '00:26.56', '00:26.60', '00:26.64', '00:26.68', '00:26.72', '00:26.76', '00:26.80', '00:26.84', '00:26.88', '00:26.92', '00:26.96', '00:27.00', '00:27.04', '00:27.08', '00:27.12', '00:27.16', '00:27.20', '00:27.24', '00:27.28', '00:27.32', '00:27.36', '00:27.40', '00:27.44', '00:27.48', '00:27.52', '00:27.56', '00:27.60', '00:27.64', '00:27.68', '00:27.72', '00:27.76', '00:27.80', '00:27.84', '00:27.88', '00:27.92', '00:27.96', '00:28.00', '00:28.04', '00:28.08', '00:28.12', '00:28.16', '00:28.20', '00:28.24', '00:28.28', '00:28.32', '00:28.36', '00:28.40', '00:28.44', '00:28.48', '00:28.52', '00:28.56', '00:28.60', '00:28.64', '00:28.68', '00:28.72', '00:28.76', '00:28.80', '00:28.84', '00:28.88', '00:28.92', '00:28.96', '00:29.00', '00:29.04', '00:29.08', '00:29.12', '00:29.16', '00:29.20', '00:29.24', '00:29.28', '00:29.32', '00:29.36', '00:29.40', '00:29.44', '00:29.48', '00:29.52', '00:29.56', '00:29.60', '00:29.64', '00:29.68', '00:29.72', '00:29.76', '00:29.80', '00:29.84', '00:29.88', '00:29.92', '00:29.96', '00:30.00', '00:30.04', '00:30.08', '00:30.12', '00:30.16', '00:30.20', '00:30.24', '00:30.28', '00:30.32', '00:30.36', '00:30.40', '00:30.44', '00:30.48', '00:30.52', '00:30.56', '00:30.60', '00:30.64', '00:30.68', '00:30.72', '00:30.76', '00:30.80', '00:30.84', '00:30.88', '00:30.92', '00:30.96', '00:31.00', '00:31.04', '00:31.08', '00:31.12', '00:31.16', '00:31.20', '00:31.24', '00:31.28', '00:31.32', '00:31.36', '00:31.40', '00:31.44', '00:31.48', '00:31.52', '00:31.56', '00:31.60', '00:31.64', '00:31.68', '00:31.72', '00:31.76', '00:31.80', '00:31.84', '00:31.88', '00:31.92', '00:31.96', '00:32.00', '00:32.04', '00:32.08', '00:32.12', '00:32.16', '00:32.20', '00:32.24', '00:32.28', '00:32.32', '00:32.36', '00:32.40', '00:32.44', '00:32.48', '00:32.52', '00:32.56', '00:32.60', '00:32.64', '00:32.68', '00:32.72', '00:32.76', '00:32.80', '00:32.84', '00:32.88', '00:32.92', '00:32.96', '00:33.00', '00:33.04', '00:33.08', '00:33.12', '00:33.16', '00:33.20', '00:33.24', '00:33.28', '00:33.32', '00:33.36', '00:33.40', '00:33.44', '00:33.48', '00:33.52', '00:33.56', '00:33.60', '00:33.64', '00:33.68', '00:33.72', '00:33.76', '00:33.80', '00:33.84', '00:33.88', '00:33.92', '00:33.96', '00:34.00', '00:34.04', '00:34.08', '00:34.12', '00:34.16', '00:34.20', '00:34.24', '00:34.28', '00:34.32', '00:34.36', '00:34.40', '00:34.44', '00:34.48', '00:34.52', '00:34.56', '00:34.60', '00:34.64', '00:34.68', '00:34.72', '00:34.76', '00:34.80', '00:34.84', '00:34.88', '00:34.92', '00:34.96', '00:35.00', '00:35.04', '00:35.08', '00:35.12', '00:35.16', '00:35.20', '00:35.24', '00:35.28', '00:35.32', '00:35.36', '00:35.40', '00:35.44', '00:35.48', '00:35.52', '00:35.56', '00:35.60', '00:35.64', '00:35.68', '00:35.72', '00:35.76', '00:35.80', '00:35.84', '00:35.88', '00:35.92', '00:35.96', '00:36.00', '00:36.04', '00:36.08', '00:36.12', '00:36.16', '00:36.20', '00:36.24', '00:36.28', '00:36.32', '00:36.36', '00:36.40', '00:36.44', '00:36.48', '00:36.52', '00:36.56', '00:36.60', '00:36.64', '00:36.68', '00:36.72', '00:36.76', '00:36.80', '00:36.84', '00:36.88', '00:36.92', '00:36.96', '00:37.00', '00:37.04', '00:37.08', '00:37.12', '00:37.16', '00:37.20', '00:37.24', '00:37.28', '00:37.32', '00:37.36', '00:37.40', '00:37.44', '00:37.48', '00:37.52', '00:37.56', '00:37.60', '00:37.64', '00:37.68', '00:37.72', '00:37.76', '00:37.80', '00:37.84', '00:37.88', '00:37.92', '00:37.96', '00:38.00', '00:38.04', '00:38.08', '00:38.12', '00:38.16', '00:38.20', '00:38.24', '00:38.28', '00:38.32', '00:38.36', '00:38.40', '00:38.44', '00:38.48', '00:38.52', '00:38.56', '00:38.60', '00:38.64', '00:38.68', '00:38.72', '00:38.76', '00:38.80', '00:38.84', '00:38.88', '00:38.92', '00:38.96', '00:39.00', '00:39.04', '00:39.08', '00:39.12', '00:39.16', '00:39.20', '00:39.24', '00:39.28', '00:39.32', '00:39.36', '00:39.40', '00:39.44', '00:39.48', '00:39.52', '00:39.56', '00:39.60', '00:39.64', '00:39.68', '00:39.72', '00:39.76', '00:39.80', '00:39.84', '00:39.88', '00:39.92', '00:39.96', '00:40.00', '00:40.04', '00:40.08', '00:40.12', '00:40.16', '00:40.20', '00:40.24', '00:40.28', '00:40.32', '00:40.36', '00:40.40', '00:40.44', '00:40.48', '00:40.52', '00:40.56', '00:40.60', '00:40.64', '00:40.68', '00:40.72', '00:40.76', '00:40.80', '00:40.84', '00:40.88', '00:40.92', '00:40.96', '00:41.00', '00:41.04', '00:41.08', '00:41.12', '00:41.16', '00:41.20', '00:41.24', '00:41.28', '00:41.32', '00:41.36', '00:41.40', '00:41.44', '00:41.48', '00:41.52', '00:41.56', '00:41.60', '00:41.64', '00:41.68', '00:41.72', '00:41.76', '00:41.80', '00:41.84', '00:41.88', '00:41.92', '00:41.96', '00:42.00', '00:42.04', '00:42.08', '00:42.12', '00:42.16', '00:42.20', '00:42.24', '00:42.28', '00:42.32', '00:42.36', '00:42.40', '00:42.44', '00:42.48', '00:42.52', '00:42.56', '00:42.60', '00:42.64', '00:42.68', '00:42.72', '00:42.76', '00:42.80', '00:42.84', '00:42.88', '00:42.92', '00:42.96', '00:43.00', '00:43.04', '00:43.08', '00:43.12', '00:43.16', '00:43.20', '00:43.24', '00:43.28', '00:43.32', '00:43.36', '00:43.40', '00:43.44', '00:43.48', '00:43.52', '00:43.56', '00:43.60', '00:43.64', '00:43.68', '00:43.72', '00:43.76', '00:43.80', '00:43.84', '00:43.88', '00:43.92', '00:43.96', '00:44.00', '00:44.04', '00:44.08', '00:44.12', '00:44.16', '00:44.20', '00:44.24', '00:44.28', '00:44.32', '00:44.36', '00:44.40', '00:44.44', '00:44.48', '00:44.52', '00:44.56', '00:44.60', '00:44.64', '00:44.68', '00:44.72', '00:44.76', '00:44.80', '00:44.84', '00:44.88', '00:44.92', '00:44.96', '00:45.00', '00:45.04', '00:45.08', '00:45.12', '00:45.16', '00:45.20', '00:45.24', '00:45.28', '00:45.32', '00:45.36', '00:45.40', '00:45.44', '00:45.48', '00:45.52', '00:45.56', '00:45.60', '00:45.64', '00:45.68', '00:45.72', '00:45.76', '00:45.80', '00:45.84', '00:45.88', '00:45.92', '00:45.96', '00:46.00', '00:46.04', '00:46.08', '00:46.12', '00:46.16', '00:46.20', '00:46.24', '00:46.28', '00:46.32', '00:46.36', '00:46.40', '00:46.44', '00:46.48', '00:46.52', '00:46.56', '00:46.60', '00:46.64', '00:46.68', '00:46.72', '00:46.76', '00:46.80', '00:46.84', '00:46.88', '00:46.92', '00:46.96', '00:47.00', '00:47.04', '00:47.08', '00:47.12', '00:47.16', '00:47.20', '00:47.24', '00:47.28', '00:47.32', '00:47.36', '00:47.40', '00:47.44', '00:47.48', '00:47.52', '00:47.56', '00:47.60', '00:47.64', '00:47.68', '00:47.72', '00:47.76', '00:47.80', '00:47.84', '00:47.88', '00:47.92', '00:47.96', '00:48.00', '00:48.04', '00:48.08', '00:48.12', '00:48.16', '00:48.20', '00:48.24', '00:48.28', '00:48.32', '00:48.36', '00:48.40', '00:48.44', '00:48.48', '00:48.52', '00:48.56', '00:48.60', '00:48.64', '00:48.68', '00:48.72', '00:48.76', '00:48.80', '00:48.84', '00:48.88', '00:48.92', '00:48.96', '00:49.00', '00:49.04', '00:49.08', '00:49.12', '00:49.16', '00:49.20', '00:49.24', '00:49.28', '00:49.32', '00:49.36', '00:49.40', '00:49.44', '00:49.48', '00:49.52', '00:49.56', '00:49.60', '00:49.64', '00:49.68', '00:49.72', '00:49.76', '00:49.80', '00:49.84', '00:49.88', '00:49.92', '00:49.96', '00:50.00', '00:50.04', '00:50.08', '00:50.12', '00:50.16', '00:50.20', '00:50.24', '00:50.28', '00:50.32', '00:50.36', '00:50.40', '00:50.44', '00:50.48', '00:50.52', '00:50.56', '00:50.60', '00:50.64', '00:50.68', '00:50.72', '00:50.76', '00:50.80', '00:50.84', '00:50.88', '00:50.92', '00:50.96', '00:51.00', '00:51.04', '00:51.08', '00:51.12', '00:51.16', '00:51.20', '00:51.24', '00:51.28', '00:51.32', '00:51.36', '00:51.40', '00:51.44', '00:51.48', '00:51.52', '00:51.56', '00:51.60', '00:51.64', '00:51.68', '00:51.72', '00:51.76', '00:51.80', '00:51.84', '00:51.88', '00:51.92', '00:51.96', '00:52.00', '00:52.04', '00:52.08', '00:52.12', '00:52.16']
2026-02-19 17:31:27,826 | INFO | ⚠️ ILLEGAL LUMINANCE DETECTED: 1453 frame(s)
2026-02-19 17:31:27,971 | INFO |    Too dark: 1305 frame(s)
2026-02-19 17:31:28,066 | INFO |      @0.0s: 66.6% pixel < 16
2026-02-19 17:31:28,151 | INFO |      @0.04s: 66.5% pixel < 16
2026-02-19 17:31:28,233 | INFO |      @0.08s: 66.6% pixel < 16
2026-02-19 17:31:28,313 | INFO |    Too bright: 148 frame(s)
2026-02-19 17:31:28,391 | INFO |      @0.0s: 3.7% pixel > 235
2026-02-19 17:31:28,468 | INFO |      @0.04s: 3.7% pixel > 235
2026-02-19 17:31:28,542 | INFO |      @0.08s: 3.7% pixel > 235
2026-02-19 17:31:28,581 | INFO | Running QC checks...
2026-02-19 17:31:28,629 | INFO | Running Black Frame Check on downscaled video...
2026-02-19 17:31:28,671 | INFO | Checking black frames on downscaled video...
2026-02-19 17:31:28,956 | INFO | No black frames detected.
2026-02-19 17:31:28,957 | INFO | Running Scan Type Check on original file...
2026-02-19 17:31:28,998 | INFO | Checking scan type...
2026-02-19 17:31:29,070 | INFO | Scan type: INTERLACE
2026-02-19 17:31:29,082 | INFO | Running Silence Check on original file...
2026-02-19 17:31:29,124 | INFO | Checking audio silence...
2026-02-19 17:31:32,130 | INFO | No silence detected.
2026-02-19 17:31:32,130 | INFO | Running Audio Peak Check on original file...
2026-02-19 17:31:32,175 | INFO | Checking audio peak level...
2026-02-19 17:31:35,370 | INFO | Max Peak: -2.9 dB
2026-02-19 17:31:35,371 | INFO | Audio peak level OK.
2026-02-19 17:31:35,420 | INFO | Running Audio Phase Check on original file...
2026-02-19 17:31:35,465 | INFO | Checking audio phase correlation...
2026-02-19 17:31:35,501 | INFO | Phase scan skipped.
2026-02-19 17:31:35,566 | INFO | Temporary file cleaned up
2026-02-19 17:31:35,593 | INFO | ══════════════════════════════════════════════════
2026-02-19 17:31:35,601 | INFO | ⚠️ SELESAI: TESTFC0101 illegal.mxf → WARNING
2026-02-19 17:31:35,601 | INFO | ──────────────────────────────────────────────────
2026-02-19 21:38:28,070 | INFO | Waiting copy complete: TESTFC0101 jitter.mxf
2026-02-19 21:38:40,076 | INFO | Copy complete. Start QC.
2026-02-19 21:38:40,078 | INFO | Detected : TESTFC0101 jitter.mxf
2026-02-19 21:38:40,082 | INFO | Folder   : D:\test_vid
2026-02-19 21:38:40,084 | INFO | Waiting file release...
2026-02-19 21:38:41,089 | INFO | Checking metadata...
2026-02-19 21:38:41,198 | INFO | Metadata OK
2026-02-19 21:38:41,198 | INFO | Starting downscale process...
2026-02-19 21:38:48,483 | INFO | Downscale complete: TESTFC0101 jitter_downscale.yuv
2026-02-19 21:38:48,483 | INFO | Analyzing video (freeze + scratch + flicker + frame drop + illegal luminance + jitter)...
2026-02-19 21:42:41,608 | INFO | ⚠️ FREEZE DETECTED @ ['00:15.80', '00:15.96']
2026-02-19 21:42:41,610 | INFO | ⚠️ SCRATCH DETECTED @ ['00:00.00', '00:00.04', '00:00.08', '00:00.12', '00:00.16', '00:00.20', '00:00.24', '00:00.28', '00:00.32', '00:00.36', '00:00.40', '00:00.44', '00:00.48', '00:00.52', '00:00.56', '00:00.60', '00:00.64', '00:00.68', '00:00.72', '00:00.76', '00:00.80', '00:00.84', '00:00.88', '00:00.92', '00:00.96', '00:01.00', '00:01.04', '00:01.08', '00:01.12', '00:01.16', '00:01.20', '00:01.24', '00:01.28', '00:01.32', '00:01.36', '00:01.40', '00:01.44', '00:01.48', '00:01.52', '00:01.56', '00:01.60', '00:01.64', '00:01.68', '00:01.72', '00:01.76', '00:01.80', '00:01.84', '00:01.88', '00:01.92', '00:01.96', '00:02.00', '00:02.04', '00:02.08', '00:02.12', '00:02.16', '00:02.20', '00:02.24', '00:02.28', '00:02.32', '00:02.36', '00:02.40', '00:02.44', '00:02.48', '00:02.52', '00:02.56', '00:02.60', '00:02.64', '00:02.68', '00:02.72', '00:02.76', '00:02.80', '00:02.84', '00:02.88', '00:02.92', '00:02.96', '00:03.00', '00:03.04', '00:03.08', '00:03.12', '00:03.16', '00:03.20', '00:03.24', '00:03.28', '00:03.32', '00:03.36', '00:03.40', '00:03.44', '00:03.48', '00:03.52', '00:03.56', '00:03.60', '00:03.64', '00:03.68', '00:03.72', '00:03.76', '00:03.80', '00:03.84', '00:03.88', '00:03.92', '00:03.96', '00:04.00', '00:04.04', '00:04.08', '00:04.12', '00:04.16', '00:04.20', '00:04.24', '00:04.28', '00:04.32', '00:04.36', '00:04.40', '00:04.44', '00:04.48', '00:04.52', '00:04.56', '00:04.60', '00:04.64', '00:04.68', '00:04.72', '00:04.76', '00:04.80', '00:04.84', '00:04.88', '00:04.92', '00:04.96', '00:05.00', '00:05.04', '00:05.08', '00:05.12', '00:05.16', '00:05.20', '00:05.24', '00:05.28', '00:05.32', '00:05.36', '00:05.40', '00:05.44', '00:05.48', '00:05.52', '00:05.56', '00:05.60', '00:05.64', '00:05.68', '00:05.72', '00:05.76', '00:05.80', '00:05.84', '00:05.88', '00:05.92', '00:05.96', '00:06.00', '00:06.04', '00:06.08', '00:06.12', '00:06.16', '00:06.20', '00:06.24', '00:06.28', '00:06.32', '00:06.36', '00:06.40', '00:06.44', '00:06.48', '00:06.52', '00:06.56', '00:06.60', '00:06.64', '00:06.68', '00:06.72', '00:06.76', '00:06.80', '00:06.84', '00:06.88', '00:06.92', '00:06.96', '00:07.00', '00:07.04', '00:07.08', '00:07.12', '00:07.16', '00:07.20', '00:07.24', '00:07.28', '00:07.32', '00:07.36', '00:07.40', '00:07.44', '00:07.48', '00:07.52', '00:07.56', '00:07.60', '00:07.64', '00:07.68', '00:07.72', '00:07.76', '00:07.80', '00:07.84', '00:07.88', '00:07.92', '00:07.96', '00:08.00', '00:08.04', '00:08.08', '00:08.12', '00:08.16', '00:08.20', '00:08.24', '00:08.28', '00:08.32', '00:08.36', '00:08.40', '00:08.44', '00:08.48', '00:08.52', '00:08.56', '00:08.60', '00:08.64', '00:08.68', '00:08.72', '00:08.76', '00:08.80', '00:08.84', '00:08.88', '00:08.92', '00:08.96', '00:09.00', '00:09.04', '00:09.08', '00:09.12', '00:09.16', '00:09.20', '00:09.24', '00:09.28', '00:09.32', '00:09.36', '00:09.40', '00:09.44', '00:09.48', '00:09.52', '00:09.56', '00:09.60', '00:09.64', '00:09.68', '00:09.72', '00:09.76', '00:09.80', '00:09.84', '00:09.88', '00:09.92', '00:09.96', '00:10.00', '00:10.04', '00:10.08', '00:10.12', '00:10.16', '00:10.20', '00:10.24', '00:10.28', '00:10.32', '00:10.36', '00:10.40', '00:10.44', '00:10.48', '00:10.52', '00:10.56', '00:10.60', '00:10.64', '00:10.68', '00:10.72', '00:10.76', '00:10.80', '00:10.84', '00:10.88', '00:10.92', '00:10.96', '00:11.00', '00:11.04', '00:11.08', '00:11.12', '00:11.16', '00:11.20', '00:11.24', '00:11.28', '00:11.32', '00:11.36', '00:11.40', '00:11.44', '00:11.48', '00:11.52', '00:11.56', '00:11.60', '00:11.64', '00:11.68', '00:11.72', '00:11.76', '00:11.80', '00:11.84', '00:11.88', '00:11.92', '00:11.96', '00:12.00', '00:12.04', '00:12.08', '00:12.12', '00:12.16', '00:12.20', '00:12.24', '00:12.28', '00:12.32', '00:12.36', '00:12.40', '00:12.44', '00:12.48', '00:12.52', '00:12.56', '00:12.60', '00:12.64', '00:12.68', '00:12.72', '00:12.76', '00:12.80', '00:12.84', '00:12.88', '00:12.92', '00:12.96', '00:13.00', '00:13.04', '00:13.08', '00:13.12', '00:13.16', '00:13.20', '00:13.24', '00:13.28', '00:13.32', '00:13.36', '00:13.40', '00:13.44', '00:13.48', '00:13.52', '00:13.56', '00:13.60', '00:13.64', '00:13.68', '00:13.72', '00:13.76', '00:13.80', '00:13.84', '00:13.88', '00:13.92', '00:13.96', '00:14.00', '00:14.04', '00:14.08', '00:14.12', '00:14.16', '00:14.20', '00:14.24', '00:14.28', '00:14.32', '00:14.36', '00:14.40', '00:14.44', '00:14.48', '00:14.52', '00:14.56', '00:14.60', '00:14.64', '00:14.68', '00:14.72', '00:14.76', '00:14.80', '00:14.84', '00:14.88', '00:14.92', '00:14.96', '00:15.00', '00:15.04', '00:15.08', '00:15.12', '00:15.16', '00:15.20', '00:15.24', '00:15.28', '00:15.32', '00:15.36', '00:15.40', '00:15.44', '00:15.48', '00:15.52', '00:15.56', '00:15.60', '00:15.64', '00:15.68', '00:15.72', '00:15.76', '00:15.80', '00:15.84', '00:15.88', '00:15.92', '00:15.96', '00:16.00', '00:16.04', '00:16.08', '00:16.12', '00:16.16', '00:16.20', '00:16.24', '00:16.28', '00:16.32', '00:16.36', '00:16.40', '00:16.44', '00:16.48', '00:16.52', '00:16.56', '00:16.60', '00:16.64', '00:16.68', '00:16.72', '00:16.76', '00:16.80', '00:16.84', '00:16.88', '00:16.92', '00:16.96', '00:17.00', '00:17.04', '00:17.08', '00:17.12', '00:17.16', '00:17.20', '00:17.24', '00:17.28', '00:17.32', '00:17.36', '00:17.40', '00:17.44', '00:17.48', '00:17.52', '00:17.56', '00:17.60', '00:17.64', '00:17.68', '00:17.72', '00:17.76', '00:17.80', '00:17.84', '00:17.88', '00:17.92', '00:17.96', '00:18.00', '00:18.04', '00:18.08', '00:18.12', '00:18.16', '00:18.20', '00:18.24', '00:18.28', '00:18.32', '00:18.36', '00:18.40', '00:18.44', '00:18.48', '00:18.52', '00:18.56', '00:18.60', '00:18.64', '00:18.68', '00:18.72', '00:18.76', '00:18.80', '00:18.84', '00:18.88', '00:18.92', '00:18.96', '00:19.00', '00:19.04', '00:19.08', '00:19.12', '00:19.16', '00:19.20', '00:19.24', '00:19.28', '00:19.32', '00:19.36', '00:19.40', '00:19.44', '00:19.48', '00:19.52', '00:19.56', '00:19.60', '00:19.64', '00:19.68', '00:19.72', '00:19.76', '00:19.80', '00:19.84', '00:19.88', '00:19.92', '00:19.96', '00:20.00', '00:20.04', '00:20.08', '00:20.12', '00:20.16', '00:20.20', '00:20.24', '00:20.28', '00:20.32', '00:20.36', '00:20.40', '00:20.44', '00:20.48', '00:20.52', '00:20.56', '00:20.60', '00:20.64', '00:20.68', '00:20.72', '00:20.76', '00:20.80', '00:20.84', '00:20.88', '00:20.92', '00:20.96', '00:21.00', '00:21.04', '00:21.08', '00:21.12', '00:21.16', '00:21.20', '00:21.24', '00:21.28', '00:21.32', '00:21.36', '00:21.40', '00:21.44', '00:21.48', '00:21.52', '00:21.56', '00:21.60', '00:21.64', '00:21.68', '00:21.72', '00:21.76', '00:21.80', '00:21.84', '00:21.88', '00:21.92', '00:21.96', '00:22.00', '00:22.04', '00:22.08', '00:22.12', '00:22.16', '00:22.20', '00:22.24', '00:22.28', '00:22.32', '00:22.36', '00:22.40', '00:22.44', '00:22.48', '00:22.52', '00:22.56', '00:22.60', '00:22.64', '00:22.68', '00:22.72', '00:22.76', '00:22.80', '00:22.84', '00:22.88', '00:22.92', '00:22.96', '00:23.00', '00:23.04', '00:23.08', '00:23.12', '00:23.16', '00:23.20', '00:23.24', '00:23.28', '00:23.32', '00:23.36', '00:23.40', '00:23.44', '00:23.48', '00:23.52', '00:23.56', '00:23.60', '00:23.64', '00:23.68', '00:23.72', '00:23.76', '00:23.80', '00:23.84', '00:23.88', '00:23.92', '00:23.96', '00:24.00', '00:24.04', '00:24.08', '00:24.12', '00:24.16', '00:24.20', '00:24.24', '00:24.28', '00:24.32', '00:24.36', '00:24.40', '00:24.44', '00:24.48', '00:24.52', '00:24.56', '00:24.60', '00:24.64', '00:24.68', '00:24.72', '00:24.76', '00:24.80', '00:24.84', '00:24.88', '00:24.92', '00:24.96', '00:25.00', '00:25.04', '00:25.08', '00:25.12', '00:25.16', '00:25.20', '00:25.24', '00:25.28', '00:25.32', '00:25.36', '00:25.40', '00:25.44', '00:25.48', '00:25.52', '00:25.56', '00:25.60', '00:25.64', '00:25.68', '00:25.72', '00:25.76', '00:25.80', '00:25.84', '00:25.88', '00:25.92', '00:25.96', '00:26.00', '00:26.04', '00:26.08', '00:26.12', '00:26.16', '00:26.20', '00:26.24', '00:26.28', '00:26.32', '00:26.36', '00:26.40', '00:26.44', '00:26.48', '00:26.52', '00:26.56', '00:26.60', '00:26.64', '00:26.68', '00:26.72', '00:26.76', '00:26.80', '00:26.84', '00:26.88', '00:26.92', '00:26.96', '00:27.00', '00:27.04', '00:27.08', '00:27.12', '00:27.16', '00:27.20', '00:27.24', '00:27.28', '00:27.32', '00:27.36', '00:27.40', '00:27.44', '00:27.48', '00:27.52', '00:27.56', '00:27.60', '00:27.64', '00:27.68', '00:27.72', '00:27.76', '00:27.80', '00:27.84', '00:27.88', '00:27.92', '00:27.96', '00:28.00', '00:28.04', '00:28.08', '00:28.12', '00:28.16', '00:28.20', '00:28.24', '00:28.28', '00:28.32', '00:28.36', '00:28.40', '00:28.44', '00:28.48', '00:28.52', '00:28.56', '00:28.60', '00:28.64', '00:28.68', '00:28.72', '00:28.76', '00:28.80', '00:28.84', '00:28.88', '00:28.92', '00:28.96', '00:29.00', '00:29.04', '00:29.08', '00:29.12', '00:29.16', '00:29.20', '00:29.24', '00:29.28', '00:29.32', '00:29.36', '00:29.40', '00:29.44', '00:29.48', '00:29.52', '00:29.56', '00:29.60', '00:29.64', '00:29.68', '00:29.72', '00:29.76', '00:29.80', '00:29.84', '00:29.88', '00:29.92', '00:29.96', '00:30.00', '00:30.04', '00:30.08', '00:30.12', '00:30.16', '00:30.20', '00:30.24', '00:30.28', '00:30.32', '00:30.36', '00:30.40', '00:30.44', '00:30.48', '00:30.52', '00:30.56', '00:30.60', '00:30.64', '00:30.68', '00:30.72', '00:30.76', '00:30.80', '00:30.84', '00:30.88', '00:30.92', '00:30.96', '00:31.00', '00:31.04', '00:31.08', '00:31.12', '00:31.16', '00:31.20', '00:31.24', '00:31.28', '00:31.32', '00:31.36', '00:31.40', '00:31.44', '00:31.48', '00:31.52', '00:31.56', '00:31.60', '00:31.64', '00:31.68', '00:31.72', '00:31.76', '00:31.80', '00:31.84', '00:31.88', '00:31.92', '00:31.96', '00:32.00', '00:32.04', '00:32.08', '00:32.12', '00:32.16', '00:32.20', '00:32.24', '00:32.28', '00:32.32', '00:32.36', '00:32.40', '00:32.44', '00:32.48', '00:32.52', '00:32.56', '00:32.60', '00:32.64', '00:32.68', '00:32.72', '00:32.76', '00:32.80', '00:32.84', '00:32.88', '00:32.92', '00:32.96', '00:33.00', '00:33.04', '00:33.08', '00:33.12', '00:33.16', '00:33.20', '00:33.24', '00:33.28', '00:33.32', '00:33.36', '00:33.40', '00:33.44', '00:33.48', '00:33.52', '00:33.56', '00:33.60', '00:33.64', '00:33.68', '00:33.72', '00:33.76', '00:33.80', '00:33.84', '00:33.88', '00:33.92', '00:33.96', '00:34.00', '00:34.04', '00:34.08', '00:34.12', '00:34.16', '00:34.20', '00:34.24', '00:34.28', '00:34.32', '00:34.36', '00:34.40', '00:34.44', '00:34.48', '00:34.52', '00:34.56', '00:34.60', '00:34.64', '00:34.68', '00:34.72', '00:34.76', '00:34.80', '00:34.84', '00:34.88', '00:34.92', '00:34.96', '00:35.00', '00:35.04', '00:35.08', '00:35.12', '00:35.16', '00:35.20', '00:35.24', '00:35.28', '00:35.32', '00:35.36', '00:35.40', '00:35.44', '00:35.48', '00:35.52', '00:35.56', '00:35.60', '00:35.64', '00:35.68', '00:35.72', '00:35.76', '00:35.80', '00:35.84', '00:35.88', '00:35.92', '00:35.96', '00:36.00', '00:36.04', '00:36.08', '00:36.12', '00:36.16', '00:36.20', '00:36.24', '00:36.28', '00:36.32', '00:36.36', '00:36.40', '00:36.44', '00:36.48', '00:36.52', '00:36.56', '00:36.60', '00:36.64', '00:36.68', '00:36.72', '00:36.76', '00:36.80', '00:36.84', '00:36.88', '00:36.92', '00:36.96', '00:37.00', '00:37.04', '00:37.08', '00:37.12', '00:37.16', '00:37.20', '00:37.24', '00:37.28', '00:37.32', '00:37.36', '00:37.40', '00:37.44', '00:37.48', '00:37.52', '00:37.56', '00:37.60', '00:37.64', '00:37.68', '00:37.72', '00:37.76', '00:37.80', '00:37.84', '00:37.88', '00:37.92', '00:37.96', '00:38.00', '00:38.04', '00:38.08', '00:38.12', '00:38.16', '00:38.20', '00:38.24', '00:38.28', '00:38.32', '00:38.36', '00:38.40', '00:38.44', '00:38.48', '00:38.52', '00:38.56', '00:38.60', '00:38.64', '00:38.68', '00:38.72', '00:38.76', '00:38.80', '00:38.84', '00:38.88', '00:38.92', '00:38.96', '00:39.00', '00:39.04', '00:39.08', '00:39.12', '00:39.16', '00:39.20', '00:39.24', '00:39.28', '00:39.32', '00:39.36', '00:39.40', '00:39.44', '00:39.48', '00:39.52', '00:39.56', '00:39.60', '00:39.64', '00:39.68', '00:39.72', '00:39.76', '00:39.80', '00:39.84', '00:39.88', '00:39.92', '00:39.96', '00:40.00', '00:40.04', '00:40.08', '00:40.12', '00:40.16', '00:40.20', '00:40.24', '00:40.28', '00:40.32', '00:40.36', '00:40.40', '00:40.44', '00:40.48', '00:40.52', '00:40.56', '00:40.60', '00:40.64', '00:40.68', '00:40.72', '00:40.76', '00:40.80', '00:40.84', '00:40.88', '00:40.92', '00:40.96', '00:41.00', '00:41.04', '00:41.08', '00:41.12', '00:41.16', '00:41.20', '00:41.24', '00:41.28', '00:41.32', '00:41.36', '00:41.40', '00:41.44', '00:41.48', '00:41.52', '00:41.56', '00:41.60', '00:41.64', '00:41.68', '00:41.72', '00:41.76', '00:41.80', '00:41.84', '00:41.88', '00:41.92', '00:41.96', '00:42.00', '00:42.04', '00:42.08', '00:42.12', '00:42.16', '00:42.20', '00:42.24', '00:42.28', '00:42.32', '00:42.36', '00:42.40', '00:42.44', '00:42.48', '00:42.52', '00:42.56', '00:42.60', '00:42.64', '00:42.68', '00:42.72', '00:42.76', '00:42.80', '00:42.84', '00:42.88', '00:42.92', '00:42.96', '00:43.00', '00:43.04', '00:43.08', '00:43.12', '00:43.16', '00:43.20', '00:43.24', '00:43.28', '00:43.32', '00:43.36', '00:43.40', '00:43.44', '00:43.48', '00:43.52', '00:43.56', '00:43.60', '00:43.64', '00:43.68', '00:43.72', '00:43.76', '00:43.80', '00:43.84', '00:43.88', '00:43.92', '00:43.96', '00:44.00', '00:44.04', '00:44.08', '00:44.12', '00:44.16', '00:44.20', '00:44.24', '00:44.28', '00:44.32', '00:44.36', '00:44.40', '00:44.44', '00:44.48', '00:44.52', '00:44.56', '00:44.60', '00:44.64', '00:44.68', '00:44.72', '00:44.76', '00:44.80', '00:44.84', '00:44.88', '00:44.92', '00:44.96', '00:45.00', '00:45.04', '00:45.08', '00:45.12', '00:45.16', '00:45.20', '00:45.24', '00:45.28', '00:45.32', '00:45.36', '00:45.40', '00:45.44', '00:45.48', '00:45.52', '00:45.56', '00:45.60', '00:45.64', '00:45.68', '00:45.72', '00:45.76', '00:45.80', '00:45.84', '00:45.88', '00:45.92', '00:45.96', '00:46.00', '00:46.04', '00:46.08', '00:46.12', '00:46.16', '00:46.20', '00:46.24', '00:46.28', '00:46.32', '00:46.36', '00:46.40', '00:46.44', '00:46.48', '00:46.52', '00:46.56', '00:46.60', '00:46.64', '00:46.68', '00:46.72', '00:46.76', '00:46.80', '00:46.84', '00:46.88', '00:46.92', '00:46.96', '00:47.00', '00:47.04', '00:47.08', '00:47.12', '00:47.16', '00:47.20', '00:47.24', '00:47.28', '00:47.32', '00:47.36', '00:47.40', '00:47.44', '00:47.48', '00:47.52', '00:47.56', '00:47.60', '00:47.64', '00:47.68', '00:47.72', '00:47.76', '00:47.80', '00:47.84', '00:47.88', '00:47.92', '00:47.96', '00:48.00', '00:48.04', '00:48.08', '00:48.12', '00:48.16', '00:48.20', '00:48.24', '00:48.28', '00:48.32', '00:48.36', '00:48.40', '00:48.44', '00:48.48', '00:48.52', '00:48.56', '00:48.60', '00:48.64', '00:48.68', '00:48.72', '00:48.76', '00:48.80', '00:48.84', '00:48.88', '00:48.92', '00:48.96', '00:49.00', '00:49.04', '00:49.08', '00:49.12', '00:49.16', '00:49.20', '00:49.24', '00:49.28', '00:49.32', '00:49.36', '00:49.40', '00:49.44', '00:49.48', '00:49.52', '00:49.56', '00:49.60', '00:49.64', '00:49.68', '00:49.72', '00:49.76', '00:49.80', '00:49.84', '00:49.88', '00:49.92', '00:49.96', '00:50.00', '00:50.04', '00:50.08', '00:50.12', '00:50.16', '00:50.20', '00:50.24', '00:50.28', '00:50.32', '00:50.36', '00:50.40', '00:50.44', '00:50.48', '00:50.52', '00:50.56', '00:50.60', '00:50.64', '00:50.68', '00:50.72', '00:50.76', '00:50.80', '00:50.84', '00:50.88', '00:50.92', '00:50.96', '00:51.00', '00:51.04', '00:51.08', '00:51.12', '00:51.16', '00:51.20', '00:51.24', '00:51.28', '00:51.32', '00:51.36', '00:51.40', '00:51.44', '00:51.48', '00:51.52', '00:51.56', '00:51.60', '00:51.64', '00:51.68', '00:51.72', '00:51.76', '00:51.80', '00:51.84', '00:51.88', '00:51.92', '00:51.96', '00:52.00', '00:52.04', '00:52.08', '00:52.12', '00:52.16']
2026-02-19 21:42:41,807 | INFO | ⚠️ ILLEGAL LUMINANCE DETECTED: 1453 frame(s)
2026-02-19 21:42:41,924 | INFO |    Too dark: 1305 frame(s)
2026-02-19 21:42:42,018 | INFO |      @0.0s: 66.6% pixel < 16
2026-02-19 21:42:42,108 | INFO |      @0.04s: 66.5% pixel < 16
2026-02-19 21:42:42,201 | INFO |      @0.08s: 66.6% pixel < 16
2026-02-19 21:42:42,298 | INFO |    Too bright: 148 frame(s)
2026-02-19 21:42:42,395 | INFO |      @0.0s: 3.7% pixel > 235
2026-02-19 21:42:42,484 | INFO |      @0.04s: 3.7% pixel > 235
2026-02-19 21:42:42,582 | INFO |      @0.08s: 3.7% pixel > 235
2026-02-19 21:42:42,626 | INFO | Running QC checks...
2026-02-19 21:42:42,671 | INFO | Running Scan Type Check on original file...
2026-02-19 21:42:42,715 | INFO | Checking scan type...
2026-02-19 21:42:42,791 | INFO | Scan type: INTERLACE
2026-02-19 21:42:42,808 | INFO | Running Silence Check on original file...
2026-02-19 21:42:42,852 | INFO | Checking audio silence...
2026-02-19 21:42:45,913 | INFO | No silence detected.
2026-02-19 21:42:45,914 | INFO | Running Audio Peak Check on original file...
2026-02-19 21:42:45,960 | INFO | Checking audio peak level...
2026-02-19 21:42:48,983 | INFO | Max Peak: -2.9 dB
2026-02-19 21:42:48,983 | INFO | Audio peak level OK.
2026-02-19 21:42:49,033 | INFO | Running Audio Phase Check on original file...
2026-02-19 21:42:49,082 | INFO | Checking audio phase correlation...
2026-02-19 21:42:49,166 | INFO | Phase scan skipped.
2026-02-19 21:42:49,206 | INFO | Temporary file cleaned up
2026-02-19 21:42:49,228 | INFO | ══════════════════════════════════════════════════
2026-02-19 21:42:49,237 | INFO | ⚠️ SELESAI: TESTFC0101 jitter.mxf → WARNING
2026-02-19 21:42:49,237 | INFO | ──────────────────────────────────────────────────
2026-02-19 22:10:50,801 | INFO | Waiting copy complete: TESTFC0101 finnish.mxf
2026-02-19 22:11:02,805 | INFO | Copy complete. Start QC.
2026-02-19 22:11:02,806 | INFO | Detected : TESTFC0101 finnish.mxf
2026-02-19 22:11:02,807 | INFO | Folder   : D:\test_vid
2026-02-19 22:11:02,808 | INFO | Waiting file release...
2026-02-19 22:11:03,809 | INFO | Checking metadata...
2026-02-19 22:11:03,896 | INFO | Metadata OK
2026-02-19 22:11:03,896 | INFO | Starting downscale process...
2026-02-19 22:11:11,072 | INFO | Downscale complete: TESTFC0101 finnish_downscale.yuv
2026-02-19 22:11:11,072 | INFO | Analyzing video (freeze + scratch + flicker + frame drop + illegal luminance + jitter + led flicker)...
2026-02-19 22:15:08,073 | INFO | ⚠️ FREEZE DETECTED @ ['00:15.80', '00:15.96']
2026-02-19 22:15:08,074 | INFO | ⚠️ SCRATCH DETECTED @ ['00:00.00', '00:00.04', '00:00.08', '00:00.12', '00:00.16', '00:00.20', '00:00.24', '00:00.28', '00:00.32', '00:00.36', '00:00.40', '00:00.44', '00:00.48', '00:00.52', '00:00.56', '00:00.60', '00:00.64', '00:00.68', '00:00.72', '00:00.76', '00:00.80', '00:00.84', '00:00.88', '00:00.92', '00:00.96', '00:01.00', '00:01.04', '00:01.08', '00:01.12', '00:01.16', '00:01.20', '00:01.24', '00:01.28', '00:01.32', '00:01.36', '00:01.40', '00:01.44', '00:01.48', '00:01.52', '00:01.56', '00:01.60', '00:01.64', '00:01.68', '00:01.72', '00:01.76', '00:01.80', '00:01.84', '00:01.88', '00:01.92', '00:01.96', '00:02.00', '00:02.04', '00:02.08', '00:02.12', '00:02.16', '00:02.20', '00:02.24', '00:02.28', '00:02.32', '00:02.36', '00:02.40', '00:02.44', '00:02.48', '00:02.52', '00:02.56', '00:02.60', '00:02.64', '00:02.68', '00:02.72', '00:02.76', '00:02.80', '00:02.84', '00:02.88', '00:02.92', '00:02.96', '00:03.00', '00:03.04', '00:03.08', '00:03.12', '00:03.16', '00:03.20', '00:03.24', '00:03.28', '00:03.32', '00:03.36', '00:03.40', '00:03.44', '00:03.48', '00:03.52', '00:03.56', '00:03.60', '00:03.64', '00:03.68', '00:03.72', '00:03.76', '00:03.80', '00:03.84', '00:03.88', '00:03.92', '00:03.96', '00:04.00', '00:04.04', '00:04.08', '00:04.12', '00:04.16', '00:04.20', '00:04.24', '00:04.28', '00:04.32', '00:04.36', '00:04.40', '00:04.44', '00:04.48', '00:04.52', '00:04.56', '00:04.60', '00:04.64', '00:04.68', '00:04.72', '00:04.76', '00:04.80', '00:04.84', '00:04.88', '00:04.92', '00:04.96', '00:05.00', '00:05.04', '00:05.08', '00:05.12', '00:05.16', '00:05.20', '00:05.24', '00:05.28', '00:05.32', '00:05.36', '00:05.40', '00:05.44', '00:05.48', '00:05.52', '00:05.56', '00:05.60', '00:05.64', '00:05.68', '00:05.72', '00:05.76', '00:05.80', '00:05.84', '00:05.88', '00:05.92', '00:05.96', '00:06.00', '00:06.04', '00:06.08', '00:06.12', '00:06.16', '00:06.20', '00:06.24', '00:06.28', '00:06.32', '00:06.36', '00:06.40', '00:06.44', '00:06.48', '00:06.52', '00:06.56', '00:06.60', '00:06.64', '00:06.68', '00:06.72', '00:06.76', '00:06.80', '00:06.84', '00:06.88', '00:06.92', '00:06.96', '00:07.00', '00:07.04', '00:07.08', '00:07.12', '00:07.16', '00:07.20', '00:07.24', '00:07.28', '00:07.32', '00:07.36', '00:07.40', '00:07.44', '00:07.48', '00:07.52', '00:07.56', '00:07.60', '00:07.64', '00:07.68', '00:07.72', '00:07.76', '00:07.80', '00:07.84', '00:07.88', '00:07.92', '00:07.96', '00:08.00', '00:08.04', '00:08.08', '00:08.12', '00:08.16', '00:08.20', '00:08.24', '00:08.28', '00:08.32', '00:08.36', '00:08.40', '00:08.44', '00:08.48', '00:08.52', '00:08.56', '00:08.60', '00:08.64', '00:08.68', '00:08.72', '00:08.76', '00:08.80', '00:08.84', '00:08.88', '00:08.92', '00:08.96', '00:09.00', '00:09.04', '00:09.08', '00:09.12', '00:09.16', '00:09.20', '00:09.24', '00:09.28', '00:09.32', '00:09.36', '00:09.40', '00:09.44', '00:09.48', '00:09.52', '00:09.56', '00:09.60', '00:09.64', '00:09.68', '00:09.72', '00:09.76', '00:09.80', '00:09.84', '00:09.88', '00:09.92', '00:09.96', '00:10.00', '00:10.04', '00:10.08', '00:10.12', '00:10.16', '00:10.20', '00:10.24', '00:10.28', '00:10.32', '00:10.36', '00:10.40', '00:10.44', '00:10.48', '00:10.52', '00:10.56', '00:10.60', '00:10.64', '00:10.68', '00:10.72', '00:10.76', '00:10.80', '00:10.84', '00:10.88', '00:10.92', '00:10.96', '00:11.00', '00:11.04', '00:11.08', '00:11.12', '00:11.16', '00:11.20', '00:11.24', '00:11.28', '00:11.32', '00:11.36', '00:11.40', '00:11.44', '00:11.48', '00:11.52', '00:11.56', '00:11.60', '00:11.64', '00:11.68', '00:11.72', '00:11.76', '00:11.80', '00:11.84', '00:11.88', '00:11.92', '00:11.96', '00:12.00', '00:12.04', '00:12.08', '00:12.12', '00:12.16', '00:12.20', '00:12.24', '00:12.28', '00:12.32', '00:12.36', '00:12.40', '00:12.44', '00:12.48', '00:12.52', '00:12.56', '00:12.60', '00:12.64', '00:12.68', '00:12.72', '00:12.76', '00:12.80', '00:12.84', '00:12.88', '00:12.92', '00:12.96', '00:13.00', '00:13.04', '00:13.08', '00:13.12', '00:13.16', '00:13.20', '00:13.24', '00:13.28', '00:13.32', '00:13.36', '00:13.40', '00:13.44', '00:13.48', '00:13.52', '00:13.56', '00:13.60', '00:13.64', '00:13.68', '00:13.72', '00:13.76', '00:13.80', '00:13.84', '00:13.88', '00:13.92', '00:13.96', '00:14.00', '00:14.04', '00:14.08', '00:14.12', '00:14.16', '00:14.20', '00:14.24', '00:14.28', '00:14.32', '00:14.36', '00:14.40', '00:14.44', '00:14.48', '00:14.52', '00:14.56', '00:14.60', '00:14.64', '00:14.68', '00:14.72', '00:14.76', '00:14.80', '00:14.84', '00:14.88', '00:14.92', '00:14.96', '00:15.00', '00:15.04', '00:15.08', '00:15.12', '00:15.16', '00:15.20', '00:15.24', '00:15.28', '00:15.32', '00:15.36', '00:15.40', '00:15.44', '00:15.48', '00:15.52', '00:15.56', '00:15.60', '00:15.64', '00:15.68', '00:15.72', '00:15.76', '00:15.80', '00:15.84', '00:15.88', '00:15.92', '00:15.96', '00:16.00', '00:16.04', '00:16.08', '00:16.12', '00:16.16', '00:16.20', '00:16.24', '00:16.28', '00:16.32', '00:16.36', '00:16.40', '00:16.44', '00:16.48', '00:16.52', '00:16.56', '00:16.60', '00:16.64', '00:16.68', '00:16.72', '00:16.76', '00:16.80', '00:16.84', '00:16.88', '00:16.92', '00:16.96', '00:17.00', '00:17.04', '00:17.08', '00:17.12', '00:17.16', '00:17.20', '00:17.24', '00:17.28', '00:17.32', '00:17.36', '00:17.40', '00:17.44', '00:17.48', '00:17.52', '00:17.56', '00:17.60', '00:17.64', '00:17.68', '00:17.72', '00:17.76', '00:17.80', '00:17.84', '00:17.88', '00:17.92', '00:17.96', '00:18.00', '00:18.04', '00:18.08', '00:18.12', '00:18.16', '00:18.20', '00:18.24', '00:18.28', '00:18.32', '00:18.36', '00:18.40', '00:18.44', '00:18.48', '00:18.52', '00:18.56', '00:18.60', '00:18.64', '00:18.68', '00:18.72', '00:18.76', '00:18.80', '00:18.84', '00:18.88', '00:18.92', '00:18.96', '00:19.00', '00:19.04', '00:19.08', '00:19.12', '00:19.16', '00:19.20', '00:19.24', '00:19.28', '00:19.32', '00:19.36', '00:19.40', '00:19.44', '00:19.48', '00:19.52', '00:19.56', '00:19.60', '00:19.64', '00:19.68', '00:19.72', '00:19.76', '00:19.80', '00:19.84', '00:19.88', '00:19.92', '00:19.96', '00:20.00', '00:20.04', '00:20.08', '00:20.12', '00:20.16', '00:20.20', '00:20.24', '00:20.28', '00:20.32', '00:20.36', '00:20.40', '00:20.44', '00:20.48', '00:20.52', '00:20.56', '00:20.60', '00:20.64', '00:20.68', '00:20.72', '00:20.76', '00:20.80', '00:20.84', '00:20.88', '00:20.92', '00:20.96', '00:21.00', '00:21.04', '00:21.08', '00:21.12', '00:21.16', '00:21.20', '00:21.24', '00:21.28', '00:21.32', '00:21.36', '00:21.40', '00:21.44', '00:21.48', '00:21.52', '00:21.56', '00:21.60', '00:21.64', '00:21.68', '00:21.72', '00:21.76', '00:21.80', '00:21.84', '00:21.88', '00:21.92', '00:21.96', '00:22.00', '00:22.04', '00:22.08', '00:22.12', '00:22.16', '00:22.20', '00:22.24', '00:22.28', '00:22.32', '00:22.36', '00:22.40', '00:22.44', '00:22.48', '00:22.52', '00:22.56', '00:22.60', '00:22.64', '00:22.68', '00:22.72', '00:22.76', '00:22.80', '00:22.84', '00:22.88', '00:22.92', '00:22.96', '00:23.00', '00:23.04', '00:23.08', '00:23.12', '00:23.16', '00:23.20', '00:23.24', '00:23.28', '00:23.32', '00:23.36', '00:23.40', '00:23.44', '00:23.48', '00:23.52', '00:23.56', '00:23.60', '00:23.64', '00:23.68', '00:23.72', '00:23.76', '00:23.80', '00:23.84', '00:23.88', '00:23.92', '00:23.96', '00:24.00', '00:24.04', '00:24.08', '00:24.12', '00:24.16', '00:24.20', '00:24.24', '00:24.28', '00:24.32', '00:24.36', '00:24.40', '00:24.44', '00:24.48', '00:24.52', '00:24.56', '00:24.60', '00:24.64', '00:24.68', '00:24.72', '00:24.76', '00:24.80', '00:24.84', '00:24.88', '00:24.92', '00:24.96', '00:25.00', '00:25.04', '00:25.08', '00:25.12', '00:25.16', '00:25.20', '00:25.24', '00:25.28', '00:25.32', '00:25.36', '00:25.40', '00:25.44', '00:25.48', '00:25.52', '00:25.56', '00:25.60', '00:25.64', '00:25.68', '00:25.72', '00:25.76', '00:25.80', '00:25.84', '00:25.88', '00:25.92', '00:25.96', '00:26.00', '00:26.04', '00:26.08', '00:26.12', '00:26.16', '00:26.20', '00:26.24', '00:26.28', '00:26.32', '00:26.36', '00:26.40', '00:26.44', '00:26.48', '00:26.52', '00:26.56', '00:26.60', '00:26.64', '00:26.68', '00:26.72', '00:26.76', '00:26.80', '00:26.84', '00:26.88', '00:26.92', '00:26.96', '00:27.00', '00:27.04', '00:27.08', '00:27.12', '00:27.16', '00:27.20', '00:27.24', '00:27.28', '00:27.32', '00:27.36', '00:27.40', '00:27.44', '00:27.48', '00:27.52', '00:27.56', '00:27.60', '00:27.64', '00:27.68', '00:27.72', '00:27.76', '00:27.80', '00:27.84', '00:27.88', '00:27.92', '00:27.96', '00:28.00', '00:28.04', '00:28.08', '00:28.12', '00:28.16', '00:28.20', '00:28.24', '00:28.28', '00:28.32', '00:28.36', '00:28.40', '00:28.44', '00:28.48', '00:28.52', '00:28.56', '00:28.60', '00:28.64', '00:28.68', '00:28.72', '00:28.76', '00:28.80', '00:28.84', '00:28.88', '00:28.92', '00:28.96', '00:29.00', '00:29.04', '00:29.08', '00:29.12', '00:29.16', '00:29.20', '00:29.24', '00:29.28', '00:29.32', '00:29.36', '00:29.40', '00:29.44', '00:29.48', '00:29.52', '00:29.56', '00:29.60', '00:29.64', '00:29.68', '00:29.72', '00:29.76', '00:29.80', '00:29.84', '00:29.88', '00:29.92', '00:29.96', '00:30.00', '00:30.04', '00:30.08', '00:30.12', '00:30.16', '00:30.20', '00:30.24', '00:30.28', '00:30.32', '00:30.36', '00:30.40', '00:30.44', '00:30.48', '00:30.52', '00:30.56', '00:30.60', '00:30.64', '00:30.68', '00:30.72', '00:30.76', '00:30.80', '00:30.84', '00:30.88', '00:30.92', '00:30.96', '00:31.00', '00:31.04', '00:31.08', '00:31.12', '00:31.16', '00:31.20', '00:31.24', '00:31.28', '00:31.32', '00:31.36', '00:31.40', '00:31.44', '00:31.48', '00:31.52', '00:31.56', '00:31.60', '00:31.64', '00:31.68', '00:31.72', '00:31.76', '00:31.80', '00:31.84', '00:31.88', '00:31.92', '00:31.96', '00:32.00', '00:32.04', '00:32.08', '00:32.12', '00:32.16', '00:32.20', '00:32.24', '00:32.28', '00:32.32', '00:32.36', '00:32.40', '00:32.44', '00:32.48', '00:32.52', '00:32.56', '00:32.60', '00:32.64', '00:32.68', '00:32.72', '00:32.76', '00:32.80', '00:32.84', '00:32.88', '00:32.92', '00:32.96', '00:33.00', '00:33.04', '00:33.08', '00:33.12', '00:33.16', '00:33.20', '00:33.24', '00:33.28', '00:33.32', '00:33.36', '00:33.40', '00:33.44', '00:33.48', '00:33.52', '00:33.56', '00:33.60', '00:33.64', '00:33.68', '00:33.72', '00:33.76', '00:33.80', '00:33.84', '00:33.88', '00:33.92', '00:33.96', '00:34.00', '00:34.04', '00:34.08', '00:34.12', '00:34.16', '00:34.20', '00:34.24', '00:34.28', '00:34.32', '00:34.36', '00:34.40', '00:34.44', '00:34.48', '00:34.52', '00:34.56', '00:34.60', '00:34.64', '00:34.68', '00:34.72', '00:34.76', '00:34.80', '00:34.84', '00:34.88', '00:34.92', '00:34.96', '00:35.00', '00:35.04', '00:35.08', '00:35.12', '00:35.16', '00:35.20', '00:35.24', '00:35.28', '00:35.32', '00:35.36', '00:35.40', '00:35.44', '00:35.48', '00:35.52', '00:35.56', '00:35.60', '00:35.64', '00:35.68', '00:35.72', '00:35.76', '00:35.80', '00:35.84', '00:35.88', '00:35.92', '00:35.96', '00:36.00', '00:36.04', '00:36.08', '00:36.12', '00:36.16', '00:36.20', '00:36.24', '00:36.28', '00:36.32', '00:36.36', '00:36.40', '00:36.44', '00:36.48', '00:36.52', '00:36.56', '00:36.60', '00:36.64', '00:36.68', '00:36.72', '00:36.76', '00:36.80', '00:36.84', '00:36.88', '00:36.92', '00:36.96', '00:37.00', '00:37.04', '00:37.08', '00:37.12', '00:37.16', '00:37.20', '00:37.24', '00:37.28', '00:37.32', '00:37.36', '00:37.40', '00:37.44', '00:37.48', '00:37.52', '00:37.56', '00:37.60', '00:37.64', '00:37.68', '00:37.72', '00:37.76', '00:37.80', '00:37.84', '00:37.88', '00:37.92', '00:37.96', '00:38.00', '00:38.04', '00:38.08', '00:38.12', '00:38.16', '00:38.20', '00:38.24', '00:38.28', '00:38.32', '00:38.36', '00:38.40', '00:38.44', '00:38.48', '00:38.52', '00:38.56', '00:38.60', '00:38.64', '00:38.68', '00:38.72', '00:38.76', '00:38.80', '00:38.84', '00:38.88', '00:38.92', '00:38.96', '00:39.00', '00:39.04', '00:39.08', '00:39.12', '00:39.16', '00:39.20', '00:39.24', '00:39.28', '00:39.32', '00:39.36', '00:39.40', '00:39.44', '00:39.48', '00:39.52', '00:39.56', '00:39.60', '00:39.64', '00:39.68', '00:39.72', '00:39.76', '00:39.80', '00:39.84', '00:39.88', '00:39.92', '00:39.96', '00:40.00', '00:40.04', '00:40.08', '00:40.12', '00:40.16', '00:40.20', '00:40.24', '00:40.28', '00:40.32', '00:40.36', '00:40.40', '00:40.44', '00:40.48', '00:40.52', '00:40.56', '00:40.60', '00:40.64', '00:40.68', '00:40.72', '00:40.76', '00:40.80', '00:40.84', '00:40.88', '00:40.92', '00:40.96', '00:41.00', '00:41.04', '00:41.08', '00:41.12', '00:41.16', '00:41.20', '00:41.24', '00:41.28', '00:41.32', '00:41.36', '00:41.40', '00:41.44', '00:41.48', '00:41.52', '00:41.56', '00:41.60', '00:41.64', '00:41.68', '00:41.72', '00:41.76', '00:41.80', '00:41.84', '00:41.88', '00:41.92', '00:41.96', '00:42.00', '00:42.04', '00:42.08', '00:42.12', '00:42.16', '00:42.20', '00:42.24', '00:42.28', '00:42.32', '00:42.36', '00:42.40', '00:42.44', '00:42.48', '00:42.52', '00:42.56', '00:42.60', '00:42.64', '00:42.68', '00:42.72', '00:42.76', '00:42.80', '00:42.84', '00:42.88', '00:42.92', '00:42.96', '00:43.00', '00:43.04', '00:43.08', '00:43.12', '00:43.16', '00:43.20', '00:43.24', '00:43.28', '00:43.32', '00:43.36', '00:43.40', '00:43.44', '00:43.48', '00:43.52', '00:43.56', '00:43.60', '00:43.64', '00:43.68', '00:43.72', '00:43.76', '00:43.80', '00:43.84', '00:43.88', '00:43.92', '00:43.96', '00:44.00', '00:44.04', '00:44.08', '00:44.12', '00:44.16', '00:44.20', '00:44.24', '00:44.28', '00:44.32', '00:44.36', '00:44.40', '00:44.44', '00:44.48', '00:44.52', '00:44.56', '00:44.60', '00:44.64', '00:44.68', '00:44.72', '00:44.76', '00:44.80', '00:44.84', '00:44.88', '00:44.92', '00:44.96', '00:45.00', '00:45.04', '00:45.08', '00:45.12', '00:45.16', '00:45.20', '00:45.24', '00:45.28', '00:45.32', '00:45.36', '00:45.40', '00:45.44', '00:45.48', '00:45.52', '00:45.56', '00:45.60', '00:45.64', '00:45.68', '00:45.72', '00:45.76', '00:45.80', '00:45.84', '00:45.88', '00:45.92', '00:45.96', '00:46.00', '00:46.04', '00:46.08', '00:46.12', '00:46.16', '00:46.20', '00:46.24', '00:46.28', '00:46.32', '00:46.36', '00:46.40', '00:46.44', '00:46.48', '00:46.52', '00:46.56', '00:46.60', '00:46.64', '00:46.68', '00:46.72', '00:46.76', '00:46.80', '00:46.84', '00:46.88', '00:46.92', '00:46.96', '00:47.00', '00:47.04', '00:47.08', '00:47.12', '00:47.16', '00:47.20', '00:47.24', '00:47.28', '00:47.32', '00:47.36', '00:47.40', '00:47.44', '00:47.48', '00:47.52', '00:47.56', '00:47.60', '00:47.64', '00:47.68', '00:47.72', '00:47.76', '00:47.80', '00:47.84', '00:47.88', '00:47.92', '00:47.96', '00:48.00', '00:48.04', '00:48.08', '00:48.12', '00:48.16', '00:48.20', '00:48.24', '00:48.28', '00:48.32', '00:48.36', '00:48.40', '00:48.44', '00:48.48', '00:48.52', '00:48.56', '00:48.60', '00:48.64', '00:48.68', '00:48.72', '00:48.76', '00:48.80', '00:48.84', '00:48.88', '00:48.92', '00:48.96', '00:49.00', '00:49.04', '00:49.08', '00:49.12', '00:49.16', '00:49.20', '00:49.24', '00:49.28', '00:49.32', '00:49.36', '00:49.40', '00:49.44', '00:49.48', '00:49.52', '00:49.56', '00:49.60', '00:49.64', '00:49.68', '00:49.72', '00:49.76', '00:49.80', '00:49.84', '00:49.88', '00:49.92', '00:49.96', '00:50.00', '00:50.04', '00:50.08', '00:50.12', '00:50.16', '00:50.20', '00:50.24', '00:50.28', '00:50.32', '00:50.36', '00:50.40', '00:50.44', '00:50.48', '00:50.52', '00:50.56', '00:50.60', '00:50.64', '00:50.68', '00:50.72', '00:50.76', '00:50.80', '00:50.84', '00:50.88', '00:50.92', '00:50.96', '00:51.00', '00:51.04', '00:51.08', '00:51.12', '00:51.16', '00:51.20', '00:51.24', '00:51.28', '00:51.32', '00:51.36', '00:51.40', '00:51.44', '00:51.48', '00:51.52', '00:51.56', '00:51.60', '00:51.64', '00:51.68', '00:51.72', '00:51.76', '00:51.80', '00:51.84', '00:51.88', '00:51.92', '00:51.96', '00:52.00', '00:52.04', '00:52.08', '00:52.12', '00:52.16']
2026-02-19 22:15:08,212 | INFO | ⚠️ ILLEGAL LUMINANCE DETECTED: 1453 frame(s)
2026-02-19 22:15:08,331 | INFO |    Too dark: 1305 frame(s)
2026-02-19 22:15:08,435 | INFO |      @0.0s: 66.6% pixel < 16
2026-02-19 22:15:08,547 | INFO |      @0.04s: 66.5% pixel < 16
2026-02-19 22:15:08,651 | INFO |      @0.08s: 66.6% pixel < 16
2026-02-19 22:15:08,759 | INFO |    Too bright: 148 frame(s)
2026-02-19 22:15:08,870 | INFO |      @0.0s: 3.7% pixel > 235
2026-02-19 22:15:08,988 | INFO |      @0.04s: 3.7% pixel > 235
2026-02-19 22:15:09,108 | INFO |      @0.08s: 3.7% pixel > 235
2026-02-19 22:15:09,156 | INFO | Running QC checks...
2026-02-19 22:15:09,210 | INFO | Running Black Frame Check on downscaled video...
2026-02-19 22:15:09,259 | INFO | Checking black frames on downscaled video...
2026-02-19 22:15:09,486 | INFO | No black frames detected.
2026-02-19 22:15:09,488 | INFO | Running Scan Type Check on original file...
2026-02-19 22:15:09,550 | INFO | Checking scan type...
2026-02-19 22:15:09,638 | INFO | Scan type: INTERLACE
2026-02-19 22:15:09,670 | INFO | Running Silence Check on original file...
2026-02-19 22:15:09,720 | INFO | Checking audio silence...
2026-02-19 22:15:13,183 | INFO | No silence detected.
2026-02-19 22:15:13,184 | INFO | Running Audio Peak Check on original file...
2026-02-19 22:15:13,233 | INFO | Checking audio peak level...
2026-02-19 22:15:16,571 | INFO | Max Peak: -2.9 dB
2026-02-19 22:15:16,571 | INFO | Audio peak level OK.
2026-02-19 22:15:16,619 | INFO | Running Audio Phase Check on original file...
2026-02-19 22:15:16,668 | INFO | Checking audio phase correlation...
2026-02-19 22:15:16,747 | INFO | Phase scan skipped.
2026-02-19 22:15:16,775 | INFO | Temporary file cleaned up
2026-02-19 22:15:16,775 | INFO | ══════════════════════════════════════════════════
2026-02-19 22:15:16,783 | INFO | ⚠️ SELESAI: TESTFC0101 finnish.mxf → WARNING
2026-02-19 22:15:16,784 | INFO | ──────────────────────────────────────────────────
